source_id,source_row_number,ticker_or_share_code,company_name,raw_q4_index_value,normalized_narrowest_index,is_xu030,is_xu050,is_xu100,nested_expansion_applied,identity_status,collision_reconciliation_status,revision_status,provenance_status,notes
P3184-2020-Q4-01,1,ARDYZ,ARD BILISIM TEKNOLOJILERI,XU100,XU100,FALSE,FALSE,TRUE,TRUE,NA,ROW_LEVEL_RECONCILIATION_NOT_PERFORMED,REVISION_CANONICALIZATION_RESOLVED,ACQUIRED_PRIVATE_LOCAL_VERIFIED,NA
P3184-2020-Q4-01,2,AGHOL,ANADOLU GRUBU HOLDING,XU100,XU100,FALSE,FALSE,TRUE,TRUE,NA,ROW_LEVEL_RECONCILIATION_NOT_PERFORMED,REVISION_CANONICALIZATION_RESOLVED,ACQUIRED_PRIVATE_LOCAL_VERIFIED,NA
P3184-2020-Q4-01,3,AKBNK,AKBANK,XU030,XU030,TRUE,TRUE,TRUE,TRUE,NA,ROW_LEVEL_RECONCILIATION_NOT_PERFORMED,REVISION_CANONICALIZATION_RESOLVED,ACQUIRED_PRIVATE_LOCAL_VERIFIED,NA
P3184-2020-Q4-01,4,AKCNS,AKCANSA,XU100,XU100,FALSE,FALSE,TRUE,TRUE,NA,ROW_LEVEL_RECONCILIATION_NOT_PERFORMED,REVISION_CANONICALIZATION_RESOLVED,ACQUIRED_PRIVATE_LOCAL_VERIFIED,NA
P3184-2020-Q4-01,5,AKSA,AKSA,XU100,XU100,FALSE,FALSE,TRUE,TRUE,NA,ROW_LEVEL_RECONCILIATION_NOT_PERFORMED,REVISION_CANONICALIZATION_RESOLVED,ACQUIRED_PRIVATE_LOCAL_VERIFIED,NA
P3184-2020-Q4-01,6,AKSEN,AKSA ENERJI,XU100,XU100,FALSE,FALSE,TRUE,TRUE,NA,ROW_LEVEL_RECONCILIATION_NOT_PERFORMED,REVISION_CANONICALIZATION_RESOLVED,ACQUIRED_PRIVATE_LOCAL_VERIFIED,NA
P3184-2020-Q4-01,7,AKGRT,AKSIGORTA,XU100,XU100,FALSE,FALSE,TRUE,TRUE,NA,ROW_LEVEL_RECONCILIATION_NOT_PERFORMED,REVISION_CANONICALIZATION_RESOLVED,ACQUIRED_PRIVATE_LOCAL_VERIFIED,NA
P3184-2020-Q4-01,8,AKSGY,AKIS GMYO,XU100,XU100,FALSE,FALSE,TRUE,TRUE,NA,ROW_LEVEL_RECONCILIATION_NOT_PERFORMED,REVISION_CANONICALIZATION_RESOLVED,ACQUIRED_PRIVATE_LOCAL_VERIFIED,NA
P3184-2020-Q4-01,9,ALGYO,ALARKO GMYO,XU100,XU100,FALSE,FALSE,TRUE,TRUE,NA,ROW_LEVEL_RECONCILIATION_NOT_PERFORMED,REVISION_CANONICALIZATION_RESOLVED,ACQUIRED_PRIVATE_LOCAL_VERIFIED,NA
P3184-2020-Q4-01,10,ALARK,ALARKO HOLDING,XU050,XU050,FALSE,TRUE,TRUE,TRUE,NA,ROW_LEVEL_RECONCILIATION_NOT_PERFORMED,REVISION_CANONICALIZATION_RESOLVED,ACQUIRED_PRIVATE_LOCAL_VERIFIED,NA
P3184-2020-Q4-01,11,ALBRK,ALBARAKA TURK,XU100,XU100,FALSE,FALSE,TRUE,TRUE,NA,ROW_LEVEL_RECONCILIATION_NOT_PERFORMED,REVISION_CANONICALIZATION_RESOLVED,ACQUIRED_PRIVATE_LOCAL_VERIFIED,NA
P3184-2020-Q4-01,12,ALCTL,ALCATEL LUCENT TELETAS,XU100,XU100,FALSE,FALSE,TRUE,TRUE,NA,ROW_LEVEL_RECONCILIATION_NOT_PERFORMED,REVISION_CANONICALIZATION_RESOLVED,ACQUIRED_PRIVATE_LOCAL_VERIFIED,NA
P3184-2020-Q4-01,13,ALKIM,ALKIM KIMYA,XU050,XU050,FALSE,TRUE,TRUE,TRUE,NA,ROW_LEVEL_RECONCILIATION_NOT_PERFORMED,REVISION_CANONICALIZATION_RESOLVED,ACQUIRED_PRIVATE_LOCAL_VERIFIED,NA
P3184-2020-Q4-01,14,AEFES,ANADOLU EFES,XU050,XU050,FALSE,TRUE,TRUE,TRUE,NA,ROW_LEVEL_RECONCILIATION_NOT_PERFORMED,REVISION_CANONICALIZATION_RESOLVED,ACQUIRED_PRIVATE_LOCAL_VERIFIED,NA
P3184-2020-Q4-01,15,ARCLK,ARCELIK,XU030,XU030,TRUE,TRUE,TRUE,TRUE,NA,ROW_LEVEL_RECONCILIATION_NOT_PERFORMED,REVISION_CANONICALIZATION_RESOLVED,ACQUIRED_PRIVATE_LOCAL_VERIFIED,NA
P3184-2020-Q4-01,16,ASELS,ASELSAN,XU030,XU030,TRUE,TRUE,TRUE,TRUE,NA,ROW_LEVEL_RECONCILIATION_NOT_PERFORMED,REVISION_CANONICALIZATION_RESOLVED,ACQUIRED_PRIVATE_LOCAL_VERIFIED,NA
P3184-2020-Q4-01,17,AYGAZ,AYGAZ,XU100,XU100,FALSE,FALSE,TRUE,TRUE,NA,ROW_LEVEL_RECONCILIATION_NOT_PERFORMED,REVISION_CANONICALIZATION_RESOLVED,ACQUIRED_PRIVATE_LOCAL_VERIFIED,NA
P3184-2020-Q4-01,18,BAGFS,BAGFAS,XU100,XU100,FALSE,FALSE,TRUE,TRUE,NA,ROW_LEVEL_RECONCILIATION_NOT_PERFORMED,REVISION_CANONICALIZATION_RESOLVED,ACQUIRED_PRIVATE_LOCAL_VERIFIED,NA
P3184-2020-Q4-01,19,BIMAS,BIM MAGAZALAR,XU030,XU030,TRUE,TRUE,TRUE,TRUE,NA,ROW_LEVEL_RECONCILIATION_NOT_PERFORMED,REVISION_CANONICALIZATION_RESOLVED,ACQUIRED_PRIVATE_LOCAL_VERIFIED,NA
P3184-2020-Q4-01,20,BIZIM,BIZIM MAGAZALARI,XU100,XU100,FALSE,FALSE,TRUE,TRUE,NA,ROW_LEVEL_RECONCILIATION_NOT_PERFORMED,REVISION_CANONICALIZATION_RESOLVED,ACQUIRED_PRIVATE_LOCAL_VERIFIED,NA
P3184-2020-Q4-01,21,BRSAN,BORUSAN MANNESMANN,XU100,XU100,FALSE,FALSE,TRUE,TRUE,NA,ROW_LEVEL_RECONCILIATION_NOT_PERFORMED,REVISION_CANONICALIZATION_RESOLVED,ACQUIRED_PRIVATE_LOCAL_VERIFIED,NA
P3184-2020-Q4-01,22,BRISA,BRISA,XU100,XU100,FALSE,FALSE,TRUE,TRUE,NA,ROW_LEVEL_RECONCILIATION_NOT_PERFORMED,REVISION_CANONICALIZATION_RESOLVED,ACQUIRED_PRIVATE_LOCAL_VERIFIED,NA
P3184-2020-Q4-01,23,BUCIM,BURSA CIMENTO,XU100,XU100,FALSE,FALSE,TRUE,TRUE,NA,ROW_LEVEL_RECONCILIATION_NOT_PERFORMED,REVISION_CANONICALIZATION_RESOLVED,ACQUIRED_PRIVATE_LOCAL_VERIFIED,NA
P3184-2020-Q4-01,24,CCOLA,COCA COLA ICECEK,XU050,XU050,FALSE,TRUE,TRUE,TRUE,NA,ROW_LEVEL_RECONCILIATION_NOT_PERFORMED,REVISION_CANONICALIZATION_RESOLVED,ACQUIRED_PRIVATE_LOCAL_VERIFIED,NA
P3184-2020-Q4-01,25,CLEBI,CELEBI,XU100,XU100,FALSE,FALSE,TRUE,TRUE,NA,ROW_LEVEL_RECONCILIATION_NOT_PERFORMED,REVISION_CANONICALIZATION_RESOLVED,ACQUIRED_PRIVATE_LOCAL_VERIFIED,NA
P3184-2020-Q4-01,26,CEMTS,CEMTAS,XU100,XU100,FALSE,FALSE,TRUE,TRUE,NA,ROW_LEVEL_RECONCILIATION_NOT_PERFORMED,REVISION_CANONICALIZATION_RESOLVED,ACQUIRED_PRIVATE_LOCAL_VERIFIED,NA
P3184-2020-Q4-01,27,CIMSA,CIMSA,XU100,XU100,FALSE,FALSE,TRUE,TRUE,NA,ROW_LEVEL_RECONCILIATION_NOT_PERFORMED,REVISION_CANONICALIZATION_RESOLVED,ACQUIRED_PRIVATE_LOCAL_VERIFIED,NA
P3184-2020-Q4-01,28,DEVA,DEVA HOLDING,XU100,XU100,FALSE,FALSE,TRUE,TRUE,NA,ROW_LEVEL_RECONCILIATION_NOT_PERFORMED,REVISION_CANONICALIZATION_RESOLVED,ACQUIRED_PRIVATE_LOCAL_VERIFIED,NA
P3184-2020-Q4-01,29,DOCO,DO-CO,XU100,XU100,FALSE,FALSE,TRUE,TRUE,NA,ROW_LEVEL_RECONCILIATION_NOT_PERFORMED,REVISION_CANONICALIZATION_RESOLVED,ACQUIRED_PRIVATE_LOCAL_VERIFIED,NA
P3184-2020-Q4-01,30,DOHOL,DOGAN HOLDING,XU030,XU030,TRUE,TRUE,TRUE,TRUE,NA,ROW_LEVEL_RECONCILIATION_NOT_PERFORMED,REVISION_CANONICALIZATION_RESOLVED,ACQUIRED_PRIVATE_LOCAL_VERIFIED,NA
P3184-2020-Q4-01,31,DOAS,DOGUS OTOMOTIV,XU100,XU100,FALSE,FALSE,TRUE,TRUE,NA,ROW_LEVEL_RECONCILIATION_NOT_PERFORMED,REVISION_CANONICALIZATION_RESOLVED,ACQUIRED_PRIVATE_LOCAL_VERIFIED,NA
P3184-2020-Q4-01,32,ECILC,ECZACIBASI ILAC,XU050,XU050,FALSE,TRUE,TRUE,TRUE,NA,ROW_LEVEL_RECONCILIATION_NOT_PERFORMED,REVISION_CANONICALIZATION_RESOLVED,ACQUIRED_PRIVATE_LOCAL_VERIFIED,NA
P3184-2020-Q4-01,33,EGEEN,EGE ENDUSTRI,XU100,XU100,FALSE,FALSE,TRUE,TRUE,NA,ROW_LEVEL_RECONCILIATION_NOT_PERFORMED,REVISION_CANONICALIZATION_RESOLVED,ACQUIRED_PRIVATE_LOCAL_VERIFIED,NA
P3184-2020-Q4-01,34,EKGYO,EMLAK KONUT GMYO,XU030,XU030,TRUE,TRUE,TRUE,TRUE,NA,ROW_LEVEL_RECONCILIATION_NOT_PERFORMED,REVISION_CANONICALIZATION_RESOLVED,ACQUIRED_PRIVATE_LOCAL_VERIFIED,NA
P3184-2020-Q4-01,35,ENJSA,ENERJISA ENERJI,XU050,XU050,FALSE,TRUE,TRUE,TRUE,NA,ROW_LEVEL_RECONCILIATION_NOT_PERFORMED,REVISION_CANONICALIZATION_RESOLVED,ACQUIRED_PRIVATE_LOCAL_VERIFIED,NA
P3184-2020-Q4-01,36,ENKAI,ENKA INSAAT,XU100,XU100,FALSE,FALSE,TRUE,TRUE,NA,ROW_LEVEL_RECONCILIATION_NOT_PERFORMED,REVISION_CANONICALIZATION_RESOLVED,ACQUIRED_PRIVATE_LOCAL_VERIFIED,NA
P3184-2020-Q4-01,37,EREGL,EREGLI DEMIR CELIK,XU030,XU030,TRUE,TRUE,TRUE,TRUE,NA,ROW_LEVEL_RECONCILIATION_NOT_PERFORMED,REVISION_CANONICALIZATION_RESOLVED,ACQUIRED_PRIVATE_LOCAL_VERIFIED,NA
P3184-2020-Q4-01,38,FROTO,FORD OTOSAN,XU100,XU100,FALSE,FALSE,TRUE,TRUE,NA,ROW_LEVEL_RECONCILIATION_NOT_PERFORMED,REVISION_CANONICALIZATION_RESOLVED,ACQUIRED_PRIVATE_LOCAL_VERIFIED,NA
P3184-2020-Q4-01,39,GARAN,GARANTI BANKASI,XU030,XU030,TRUE,TRUE,TRUE,TRUE,NA,ROW_LEVEL_RECONCILIATION_NOT_PERFORMED,REVISION_CANONICALIZATION_RESOLVED,ACQUIRED_PRIVATE_LOCAL_VERIFIED,NA
P3184-2020-Q4-01,40,GOODY,GOOD-YEAR,XU100,XU100,FALSE,FALSE,TRUE,TRUE,NA,ROW_LEVEL_RECONCILIATION_NOT_PERFORMED,REVISION_CANONICALIZATION_RESOLVED,ACQUIRED_PRIVATE_LOCAL_VERIFIED,NA
P3184-2020-Q4-01,41,GOZDE,GOZDE GIRISIM,XU100,XU100,FALSE,FALSE,TRUE,TRUE,NA,ROW_LEVEL_RECONCILIATION_NOT_PERFORMED,REVISION_CANONICALIZATION_RESOLVED,ACQUIRED_PRIVATE_LOCAL_VERIFIED,NA
P3184-2020-Q4-01,42,GSDHO,GSD HOLDING,XU100,XU100,FALSE,FALSE,TRUE,TRUE,NA,ROW_LEVEL_RECONCILIATION_NOT_PERFORMED,REVISION_CANONICALIZATION_RESOLVED,ACQUIRED_PRIVATE_LOCAL_VERIFIED,NA
P3184-2020-Q4-01,43,GUBRF,GUBRE FABRIK.,XU030,XU030,TRUE,TRUE,TRUE,TRUE,NA,ROW_LEVEL_RECONCILIATION_NOT_PERFORMED,REVISION_CANONICALIZATION_RESOLVED,ACQUIRED_PRIVATE_LOCAL_VERIFIED,NA
P3184-2020-Q4-01,44,HLGYO,HALK GMYO,XU100,XU100,FALSE,FALSE,TRUE,TRUE,NA,ROW_LEVEL_RECONCILIATION_NOT_PERFORMED,REVISION_CANONICALIZATION_RESOLVED,ACQUIRED_PRIVATE_LOCAL_VERIFIED,NA
P3184-2020-Q4-01,45,HEKTS,HEKTAS,XU050,XU050,FALSE,TRUE,TRUE,TRUE,NA,ROW_LEVEL_RECONCILIATION_NOT_PERFORMED,REVISION_CANONICALIZATION_RESOLVED,ACQUIRED_PRIVATE_LOCAL_VERIFIED,NA
P3184-2020-Q4-01,46,INDES,INDEKS BILGISAYAR,XU100,XU100,FALSE,FALSE,TRUE,TRUE,NA,ROW_LEVEL_RECONCILIATION_NOT_PERFORMED,REVISION_CANONICALIZATION_RESOLVED,ACQUIRED_PRIVATE_LOCAL_VERIFIED,NA
P3184-2020-Q4-01,47,IPEKE,IPEK DOGAL ENERJI,XU050,XU050,FALSE,TRUE,TRUE,TRUE,NA,ROW_LEVEL_RECONCILIATION_NOT_PERFORMED,REVISION_CANONICALIZATION_RESOLVED,ACQUIRED_PRIVATE_LOCAL_VERIFIED,NA
P3184-2020-Q4-01,48,ISCTR,IS BANKASI (C),XU030,XU030,TRUE,TRUE,TRUE,TRUE,NA,ROW_LEVEL_RECONCILIATION_NOT_PERFORMED,REVISION_CANONICALIZATION_RESOLVED,ACQUIRED_PRIVATE_LOCAL_VERIFIED,NA
P3184-2020-Q4-01,49,ISDMR,ISKENDERUN DEMIR CELIK,XU100,XU100,FALSE,FALSE,TRUE,TRUE,NA,ROW_LEVEL_RECONCILIATION_NOT_PERFORMED,REVISION_CANONICALIZATION_RESOLVED,ACQUIRED_PRIVATE_LOCAL_VERIFIED,NA
P3184-2020-Q4-01,50,ISFIN,IS FIN.KIR.,XU050,XU050,FALSE,TRUE,TRUE,TRUE,NA,ROW_LEVEL_RECONCILIATION_NOT_PERFORMED,REVISION_CANONICALIZATION_RESOLVED,ACQUIRED_PRIVATE_LOCAL_VERIFIED,NA
P3184-2020-Q4-01,51,ISGYO,IS GMYO,XU050,XU050,FALSE,TRUE,TRUE,TRUE,NA,ROW_LEVEL_RECONCILIATION_NOT_PERFORMED,REVISION_CANONICALIZATION_RESOLVED,ACQUIRED_PRIVATE_LOCAL_VERIFIED,NA
P3184-2020-Q4-01,52,ISMEN,IS Y. MEN. DEG.,XU100,XU100,FALSE,FALSE,TRUE,TRUE,NA,ROW_LEVEL_RECONCILIATION_NOT_PERFORMED,REVISION_CANONICALIZATION_RESOLVED,ACQUIRED_PRIVATE_LOCAL_VERIFIED,NA
P3184-2020-Q4-01,53,KRDMD,KARDEMIR (D),XU030,XU030,TRUE,TRUE,TRUE,TRUE,NA,ROW_LEVEL_RECONCILIATION_NOT_PERFORMED,REVISION_CANONICALIZATION_RESOLVED,ACQUIRED_PRIVATE_LOCAL_VERIFIED,NA
P3184-2020-Q4-01,54,KAREL,KAREL ELEKTRONIK,XU100,XU100,FALSE,FALSE,TRUE,TRUE,NA,ROW_LEVEL_RECONCILIATION_NOT_PERFORMED,REVISION_CANONICALIZATION_RESOLVED,ACQUIRED_PRIVATE_LOCAL_VERIFIED,NA
P3184-2020-Q4-01,55,KARTN,KARTONSAN,XU100,XU100,FALSE,FALSE,TRUE,TRUE,NA,ROW_LEVEL_RECONCILIATION_NOT_PERFORMED,REVISION_CANONICALIZATION_RESOLVED,ACQUIRED_PRIVATE_LOCAL_VERIFIED,NA
P3184-2020-Q4-01,56,KERVT,KEREVITAS GIDA,XU100,XU100,FALSE,FALSE,TRUE,TRUE,NA,ROW_LEVEL_RECONCILIATION_NOT_PERFORMED,REVISION_CANONICALIZATION_RESOLVED,ACQUIRED_PRIVATE_LOCAL_VERIFIED,NA
P3184-2020-Q4-01,57,KCHOL,KOC HOLDING,XU030,XU030,TRUE,TRUE,TRUE,TRUE,NA,ROW_LEVEL_RECONCILIATION_NOT_PERFORMED,REVISION_CANONICALIZATION_RESOLVED,ACQUIRED_PRIVATE_LOCAL_VERIFIED,NA
P3184-2020-Q4-01,58,KORDS,KORDSA TEKNIK TEKSTIL,XU100,XU100,FALSE,FALSE,TRUE,TRUE,NA,ROW_LEVEL_RECONCILIATION_NOT_PERFORMED,REVISION_CANONICALIZATION_RESOLVED,ACQUIRED_PRIVATE_LOCAL_VERIFIED,NA
P3184-2020-Q4-01,59,KOZAL,KOZA ALTIN,XU030,XU030,TRUE,TRUE,TRUE,TRUE,NA,ROW_LEVEL_RECONCILIATION_NOT_PERFORMED,REVISION_CANONICALIZATION_RESOLVED,ACQUIRED_PRIVATE_LOCAL_VERIFIED,NA
P3184-2020-Q4-01,60,KOZAA,KOZA MADENCILIK,XU030,XU030,TRUE,TRUE,TRUE,TRUE,NA,ROW_LEVEL_RECONCILIATION_NOT_PERFORMED,REVISION_CANONICALIZATION_RESOLVED,ACQUIRED_PRIVATE_LOCAL_VERIFIED,NA
P3184-2020-Q4-01,61,LOGO,LOGO YAZILIM,XU100,XU100,FALSE,FALSE,TRUE,TRUE,NA,ROW_LEVEL_RECONCILIATION_NOT_PERFORMED,REVISION_CANONICALIZATION_RESOLVED,ACQUIRED_PRIVATE_LOCAL_VERIFIED,NA
P3184-2020-Q4-01,62,MAVI,MAVI GIYIM,XU100,XU100,FALSE,FALSE,TRUE,TRUE,NA,ROW_LEVEL_RECONCILIATION_NOT_PERFORMED,REVISION_CANONICALIZATION_RESOLVED,ACQUIRED_PRIVATE_LOCAL_VERIFIED,NA
P3184-2020-Q4-01,63,MPARK,MLP SAGLIK,XU050,XU050,FALSE,TRUE,TRUE,TRUE,NA,ROW_LEVEL_RECONCILIATION_NOT_PERFORMED,REVISION_CANONICALIZATION_RESOLVED,ACQUIRED_PRIVATE_LOCAL_VERIFIED,NA
P3184-2020-Q4-01,64,MGROS,MIGROS TICARET,XU030,XU030,TRUE,TRUE,TRUE,TRUE,NA,ROW_LEVEL_RECONCILIATION_NOT_PERFORMED,REVISION_CANONICALIZATION_RESOLVED,ACQUIRED_PRIVATE_LOCAL_VERIFIED,NA
P3184-2020-Q4-01,65,NTHOL,NET HOLDING,XU100,XU100,FALSE,FALSE,TRUE,TRUE,NA,ROW_LEVEL_RECONCILIATION_NOT_PERFORMED,REVISION_CANONICALIZATION_RESOLVED,ACQUIRED_PRIVATE_LOCAL_VERIFIED,NA
P3184-2020-Q4-01,66,NETAS,NETAS TELEKOM.,XU100,XU100,FALSE,FALSE,TRUE,TRUE,NA,ROW_LEVEL_RECONCILIATION_NOT_PERFORMED,REVISION_CANONICALIZATION_RESOLVED,ACQUIRED_PRIVATE_LOCAL_VERIFIED,NA
P3184-2020-Q4-01,67,ODAS,ODAS ELEKTRIK,XU050,XU050,FALSE,TRUE,TRUE,TRUE,NA,ROW_LEVEL_RECONCILIATION_NOT_PERFORMED,REVISION_CANONICALIZATION_RESOLVED,ACQUIRED_PRIVATE_LOCAL_VERIFIED,NA
P3184-2020-Q4-01,68,OTKAR,OTOKAR,XU100,XU100,FALSE,FALSE,TRUE,TRUE,NA,ROW_LEVEL_RECONCILIATION_NOT_PERFORMED,REVISION_CANONICALIZATION_RESOLVED,ACQUIRED_PRIVATE_LOCAL_VERIFIED,NA
P3184-2020-Q4-01,69,OYAKC,OYAK CIMENTO,XU030,XU030,TRUE,TRUE,TRUE,TRUE,NA,ROW_LEVEL_RECONCILIATION_NOT_PERFORMED,REVISION_CANONICALIZATION_RESOLVED,ACQUIRED_PRIVATE_LOCAL_VERIFIED,NA
P3184-2020-Q4-01,70,OZKGY,OZAK GMYO,XU100,XU100,FALSE,FALSE,TRUE,TRUE,NA,ROW_LEVEL_RECONCILIATION_NOT_PERFORMED,REVISION_CANONICALIZATION_RESOLVED,ACQUIRED_PRIVATE_LOCAL_VERIFIED,NA
P3184-2020-Q4-01,71,PGSUS,PEGASUS,XU030,XU030,TRUE,TRUE,TRUE,TRUE,NA,ROW_LEVEL_RECONCILIATION_NOT_PERFORMED,REVISION_CANONICALIZATION_RESOLVED,ACQUIRED_PRIVATE_LOCAL_VERIFIED,NA
P3184-2020-Q4-01,72,PETKM,PETKIM,XU030,XU030,TRUE,TRUE,TRUE,TRUE,NA,ROW_LEVEL_RECONCILIATION_NOT_PERFORMED,REVISION_CANONICALIZATION_RESOLVED,ACQUIRED_PRIVATE_LOCAL_VERIFIED,NA
P3184-2020-Q4-01,73,PETUN,PINAR ET VE UN,XU100,XU100,FALSE,FALSE,TRUE,TRUE,NA,ROW_LEVEL_RECONCILIATION_NOT_PERFORMED,REVISION_CANONICALIZATION_RESOLVED,ACQUIRED_PRIVATE_LOCAL_VERIFIED,NA
P3184-2020-Q4-01,74,PNSUT,PINAR SUT,XU100,XU100,FALSE,FALSE,TRUE,TRUE,NA,ROW_LEVEL_RECONCILIATION_NOT_PERFORMED,REVISION_CANONICALIZATION_RESOLVED,ACQUIRED_PRIVATE_LOCAL_VERIFIED,NA
P3184-2020-Q4-01,75,SAHOL,SABANCI HOLDING,XU030,XU030,TRUE,TRUE,TRUE,TRUE,NA,ROW_LEVEL_RECONCILIATION_NOT_PERFORMED,REVISION_CANONICALIZATION_RESOLVED,ACQUIRED_PRIVATE_LOCAL_VERIFIED,NA
P3184-2020-Q4-01,76,SASA,SASA POLYESTER,XU050,XU050,FALSE,TRUE,TRUE,TRUE,NA,ROW_LEVEL_RECONCILIATION_NOT_PERFORMED,REVISION_CANONICALIZATION_RESOLVED,ACQUIRED_PRIVATE_LOCAL_VERIFIED,NA
P3184-2020-Q4-01,77,SELEC,SELCUK ECZA DEPOSU,XU050,XU050,FALSE,TRUE,TRUE,TRUE,NA,ROW_LEVEL_RECONCILIATION_NOT_PERFORMED,REVISION_CANONICALIZATION_RESOLVED,ACQUIRED_PRIVATE_LOCAL_VERIFIED,NA
P3184-2020-Q4-01,78,SOKM,SOK MARKETLER TICARET,XU050,XU050,FALSE,TRUE,TRUE,TRUE,NA,ROW_LEVEL_RECONCILIATION_NOT_PERFORMED,REVISION_CANONICALIZATION_RESOLVED,ACQUIRED_PRIVATE_LOCAL_VERIFIED,NA
P3184-2020-Q4-01,79,SKBNK,SEKERBANK,XU100,XU100,FALSE,FALSE,TRUE,TRUE,NA,ROW_LEVEL_RECONCILIATION_NOT_PERFORMED,REVISION_CANONICALIZATION_RESOLVED,ACQUIRED_PRIVATE_LOCAL_VERIFIED,NA
P3184-2020-Q4-01,80,SISE,SISE CAM,XU030,XU030,TRUE,TRUE,TRUE,TRUE,TRACKED_GLASS_GROUP_SURVIVING_CODE,ROW_LEVEL_RECONCILIATION_NOT_PERFORMED,REVISION_CANONICALIZATION_RESOLVED,ACQUIRED_PRIVATE_LOCAL_VERIFIED,"ANACM, DENCM, SODA and TRKCM are absent from this Q4 2020 snapshot; no merger mechanics inferred beyond membership presence/absence."
P3184-2020-Q4-01,81,HALKB,T. HALK BANKASI,XU030,XU030,TRUE,TRUE,TRUE,TRUE,NA,ROW_LEVEL_RECONCILIATION_NOT_PERFORMED,REVISION_CANONICALIZATION_RESOLVED,ACQUIRED_PRIVATE_LOCAL_VERIFIED,NA
P3184-2020-Q4-01,82,TSKB,T.S.K.B.,XU030,XU030,TRUE,TRUE,TRUE,TRUE,NA,ROW_LEVEL_RECONCILIATION_NOT_PERFORMED,REVISION_CANONICALIZATION_RESOLVED,ACQUIRED_PRIVATE_LOCAL_VERIFIED,NA
P3184-2020-Q4-01,83,TATGD,TAT GIDA,XU100,XU100,FALSE,FALSE,TRUE,TRUE,NA,ROW_LEVEL_RECONCILIATION_NOT_PERFORMED,REVISION_CANONICALIZATION_RESOLVED,ACQUIRED_PRIVATE_LOCAL_VERIFIED,NA
P3184-2020-Q4-01,84,TAVHL,TAV HAVALIMANLARI,XU030,XU030,TRUE,TRUE,TRUE,TRUE,NA,ROW_LEVEL_RECONCILIATION_NOT_PERFORMED,REVISION_CANONICALIZATION_RESOLVED,ACQUIRED_PRIVATE_LOCAL_VERIFIED,NA
P3184-2020-Q4-01,85,TKFEN,TEKFEN HOLDING,XU030,XU030,TRUE,TRUE,TRUE,TRUE,NA,ROW_LEVEL_RECONCILIATION_NOT_PERFORMED,REVISION_CANONICALIZATION_RESOLVED,ACQUIRED_PRIVATE_LOCAL_VERIFIED,NA
P3184-2020-Q4-01,86,TOASO,TOFAS OTO. FAB.,XU050,XU050,FALSE,TRUE,TRUE,TRUE,NA,ROW_LEVEL_RECONCILIATION_NOT_PERFORMED,REVISION_CANONICALIZATION_RESOLVED,ACQUIRED_PRIVATE_LOCAL_VERIFIED,NA
P3184-2020-Q4-01,87,TRGYO,TORUNLAR GMYO,XU050,XU050,FALSE,TRUE,TRUE,TRUE,NA,ROW_LEVEL_RECONCILIATION_NOT_PERFORMED,REVISION_CANONICALIZATION_RESOLVED,ACQUIRED_PRIVATE_LOCAL_VERIFIED,NA
P3184-2020-Q4-01,88,TCELL,TURKCELL,XU030,XU030,TRUE,TRUE,TRUE,TRUE,NA,ROW_LEVEL_RECONCILIATION_NOT_PERFORMED,REVISION_CANONICALIZATION_RESOLVED,ACQUIRED_PRIVATE_LOCAL_VERIFIED,NA
P3184-2020-Q4-01,89,TMSN,TUMOSAN MOTOR VE TRAKTOR,XU100,XU100,FALSE,FALSE,TRUE,TRUE,NA,ROW_LEVEL_RECONCILIATION_NOT_PERFORMED,REVISION_CANONICALIZATION_RESOLVED,ACQUIRED_PRIVATE_LOCAL_VERIFIED,NA
P3184-2020-Q4-01,90,TUPRS,TUPRAS,XU030,XU030,TRUE,TRUE,TRUE,TRUE,NA,ROW_LEVEL_RECONCILIATION_NOT_PERFORMED,REVISION_CANONICALIZATION_RESOLVED,ACQUIRED_PRIVATE_LOCAL_VERIFIED,NA
P3184-2020-Q4-01,91,THYAO,TURK HAVA YOLLARI,XU030,XU030,TRUE,TRUE,TRUE,TRUE,NA,ROW_LEVEL_RECONCILIATION_NOT_PERFORMED,REVISION_CANONICALIZATION_RESOLVED,ACQUIRED_PRIVATE_LOCAL_VERIFIED,NA
P3184-2020-Q4-01,92,TTKOM,TURK TELEKOM,XU030,XU030,TRUE,TRUE,TRUE,TRUE,NA,ROW_LEVEL_RECONCILIATION_NOT_PERFORMED,REVISION_CANONICALIZATION_RESOLVED,ACQUIRED_PRIVATE_LOCAL_VERIFIED,NA
P3184-2020-Q4-01,93,TTRAK,TURK TRAKTOR,XU100,XU100,FALSE,FALSE,TRUE,TRUE,NA,ROW_LEVEL_RECONCILIATION_NOT_PERFORMED,REVISION_CANONICALIZATION_RESOLVED,ACQUIRED_PRIVATE_LOCAL_VERIFIED,NA
P3184-2020-Q4-01,94,TURSG,TURKIYE SIGORTA,XU050,XU050,FALSE,TRUE,TRUE,TRUE,NA,ROW_LEVEL_RECONCILIATION_NOT_PERFORMED,REVISION_CANONICALIZATION_RESOLVED,ACQUIRED_PRIVATE_LOCAL_VERIFIED,NA
P3184-2020-Q4-01,95,ULKER,ULKER BISKUVI,XU050,XU050,FALSE,TRUE,TRUE,TRUE,NA,ROW_LEVEL_RECONCILIATION_NOT_PERFORMED,REVISION_CANONICALIZATION_RESOLVED,ACQUIRED_PRIVATE_LOCAL_VERIFIED,NA
P3184-2020-Q4-01,96,VAKBN,VAKIFLAR BANKASI,XU030,XU030,TRUE,TRUE,TRUE,TRUE,NA,ROW_LEVEL_RECONCILIATION_NOT_PERFORMED,REVISION_CANONICALIZATION_RESOLVED,ACQUIRED_PRIVATE_LOCAL_VERIFIED,NA
P3184-2020-Q4-01,97,VESTL,VESTEL,XU050,XU050,FALSE,TRUE,TRUE,TRUE,NA,ROW_LEVEL_RECONCILIATION_NOT_PERFORMED,REVISION_CANONICALIZATION_RESOLVED,ACQUIRED_PRIVATE_LOCAL_VERIFIED,NA
P3184-2020-Q4-01,98,YKBNK,YAPI VE KREDI BANK.,XU030,XU030,TRUE,TRUE,TRUE,TRUE,NA,ROW_LEVEL_RECONCILIATION_NOT_PERFORMED,REVISION_CANONICALIZATION_RESOLVED,ACQUIRED_PRIVATE_LOCAL_VERIFIED,NA
P3184-2020-Q4-01,99,YATAS,YATAS,XU100,XU100,FALSE,FALSE,TRUE,TRUE,NA,ROW_LEVEL_RECONCILIATION_NOT_PERFORMED,REVISION_CANONICALIZATION_RESOLVED,ACQUIRED_PRIVATE_LOCAL_VERIFIED,NA
P3184-2020-Q4-01,100,ZOREN,ZORLU ENERJI,XU100,XU100,FALSE,FALSE,TRUE,TRUE,NA,ROW_LEVEL_RECONCILIATION_NOT_PERFORMED,REVISION_CANONICALIZATION_RESOLVED,ACQUIRED_PRIVATE_LOCAL_VERIFIED,NA
