source_id,provider,product_or_document_id,source_title,source_url_or_stable_id,coverage_year,coverage_period,effective_date,access_date_utc,access_method,access_class,raw_filename,raw_sha256,raw_bytes,raw_storage_class,archive_symbol,record_type,ticker_or_share_code,company_name,index_code,membership_semantics,identity_status,provenance_status,notes
BM-001,Borsa Istanbul,DataStore file-format specification v1.4,DataStore Dosyalari Veri Bildirim ve Kabul Formatlari (s. 2.1.29),https://datastore.borsaistanbul.com/assets/files/DataStore_Veri_Bildirim_ve_Kabul_Formatlar%C4%B1.pdf,NA,NA,NA,2026-08-23T13:15:46Z,DIRECT_PUBLIC_ASSET_LINK_FROM_PRODUCT_PAGE,PUBLIC_ANONYMOUS,DataStore_Veri_Bildirim_ve_Kabul_Formatlari.pdf,ab76e9708e35684410c3f082b6f8bcd6cf6cecc539f76e587c559d771f9f00cc,1158945,PRIVATE_LOCAL_RAW,PRIVATE_LOCAL_RAW:bist-membership/raw/DataStore_Veri_Bildirim_ve_Kabul_Formatlari.pdf,FORMAT_DOCUMENTATION,NA,NA,XU030;XU050;XU100,QUARTER_COLUMN_Q1_Q4_NO_EFFECTIVE_DATE,NA,ACQUIRED,"Doc version 1.4 dated 15.06.2016; predates every 2017+ product object, so it is not established as current for those files. s.2.1.29 defines exsrk[YYYY].zip -> exsrk[YYYY].xls with fields Pay Kodu, Pay Adi, 1.-4.Ceyrek and states the indices nest and only the narrowest index of membership is written."
BM-002,Borsa Istanbul,3184,Product 3184 catalogue listing snapshot (api_product-type_3184.json),https://datastore.borsaistanbul.com/api/product-type/3184,NA,NA,NA,2026-08-23T13:18:00Z,FIRST_PARTY_CATALOGUE_API_INVOKED_BY_PRODUCT_PAGE,PUBLIC_ANONYMOUS,api_product-type_3184.json,739cd88e86aed1bc4454a966014f7dd09ac9c06c2af69246f63465d813e9c772,1736,PRIVATE_LOCAL_RAW,PRIVATE_LOCAL_RAW:bist-membership/raw/api_product-type_3184.json,CATALOG_SNAPSHOT,NA,NA,XU030;XU050;XU100,NA,NA,ACQUIRED,"Catalogue metadata only; contains no membership row, ticker, or company name."
BM-003,Borsa Istanbul,3184,Product 3184 catalogue listing snapshot (api_product-type_3184_products_page1.json),https://datastore.borsaistanbul.com/api/product-type/3184/products?page=1&page-size=20,NA,NA,NA,2026-08-23T13:18:00Z,FIRST_PARTY_CATALOGUE_API_INVOKED_BY_PRODUCT_PAGE,PUBLIC_ANONYMOUS,api_product-type_3184_products_page1.json,3e0d800de35a7ed19b3056401d5f08e32e80c6397da7c9739762f4621099d3b3,12617,PRIVATE_LOCAL_RAW,PRIVATE_LOCAL_RAW:bist-membership/raw/api_product-type_3184_products_page1.json,CATALOG_SNAPSHOT,NA,NA,XU030;XU050;XU100,NA,NA,ACQUIRED,"Catalogue metadata only; contains no membership row, ticker, or company name."
BM-004,Borsa Istanbul,3184,Product 3184 catalogue listing snapshot (api_product-type_3184_products_page2.json),https://datastore.borsaistanbul.com/api/product-type/3184/products?page=2&page-size=20,NA,NA,NA,2026-08-23T13:18:00Z,FIRST_PARTY_CATALOGUE_API_INVOKED_BY_PRODUCT_PAGE,PUBLIC_ANONYMOUS,api_product-type_3184_products_page2.json,90aad7a3c0533d0b64482ef31ba15367dc46087a7f8c572b33b575bbf2bd87e6,12629,PRIVATE_LOCAL_RAW,PRIVATE_LOCAL_RAW:bist-membership/raw/api_product-type_3184_products_page2.json,CATALOG_SNAPSHOT,NA,NA,XU030;XU050;XU100,NA,NA,ACQUIRED,"Catalogue metadata only; contains no membership row, ticker, or company name."
BM-005,Borsa Istanbul,3184,Product 3184 catalogue listing snapshot (api_product-type_3184_products_page3.json),https://datastore.borsaistanbul.com/api/product-type/3184/products?page=3&page-size=20,NA,NA,NA,2026-08-23T13:18:00Z,FIRST_PARTY_CATALOGUE_API_INVOKED_BY_PRODUCT_PAGE,PUBLIC_ANONYMOUS,api_product-type_3184_products_page3.json,1d1f27a8549af8fab70222da193b1adba6d57efece9004adeccdfeb9983d6532,12588,PRIVATE_LOCAL_RAW,PRIVATE_LOCAL_RAW:bist-membership/raw/api_product-type_3184_products_page3.json,CATALOG_SNAPSHOT,NA,NA,XU030;XU050;XU100,NA,NA,ACQUIRED,"Catalogue metadata only; contains no membership row, ticker, or company name."
BM-006,Borsa Istanbul,3184,Product 3184 catalogue listing snapshot (api_product-type_3184_products_page4.json),https://datastore.borsaistanbul.com/api/product-type/3184/products?page=4&page-size=20,NA,NA,NA,2026-08-23T13:18:00Z,FIRST_PARTY_CATALOGUE_API_INVOKED_BY_PRODUCT_PAGE,PUBLIC_ANONYMOUS,api_product-type_3184_products_page4.json,813ad7919d0414a83905b076dd7382608e8a00afef54fa21699b4043146754dc,3763,PRIVATE_LOCAL_RAW,PRIVATE_LOCAL_RAW:bist-membership/raw/api_product-type_3184_products_page4.json,CATALOG_SNAPSHOT,NA,NA,XU030;XU050;XU100,NA,NA,ACQUIRED,"Catalogue metadata only; contains no membership row, ticker, or company name."
BM-007,Borsa Istanbul,3184#6792466,"2000 Yilindan Itibaren Endekslerde Bulunan Sirketler (BIST 30, BIST 50 ve BIST 100 icin)",https://datastore.borsaistanbul.com/product-type/3184,2026,FULL_YEAR_AS_FOUR_QUARTER_COLUMNS,NA,2026-08-23T13:18:00Z,FIRST_PARTY_CATALOGUE_API_INVOKED_BY_PRODUCT_PAGE,DOWNLOAD_REQUIRES_ACCOUNT_AND_REGISTRATION_AGREEMENT,exsrk2026.zip,NA,158612,NOT_ACQUIRED,NA,CATALOG_ENTRY,NA,NA,XU030;XU050;XU100,QUARTER_COLUMN_Q1_Q4_NO_EFFECTIVE_DATE,NOT_ASSESSED,VISIBLE_NOT_ACQUIRED,period=Q; accessType=G; price=0.0 TRY; provider snapshot publication date 10-07-2026; provider 'date' field 30-12-2026; raw_bytes is provider-declared and unverified (file not downloaded).
BM-008,Borsa Istanbul,3184#6584813,"2000 Yilindan Itibaren Endekslerde Bulunan Sirketler (BIST 30, BIST 50 ve BIST 100 icin)",https://datastore.borsaistanbul.com/product-type/3184,2026,FULL_YEAR_AS_FOUR_QUARTER_COLUMNS,NA,2026-08-23T13:18:00Z,FIRST_PARTY_CATALOGUE_API_INVOKED_BY_PRODUCT_PAGE,DOWNLOAD_REQUIRES_ACCOUNT_AND_REGISTRATION_AGREEMENT,exsrk2026.zip,NA,156759,NOT_ACQUIRED,NA,CATALOG_ENTRY,NA,NA,XU030;XU050;XU100,QUARTER_COLUMN_Q1_Q4_NO_EFFECTIVE_DATE,NOT_ASSESSED,VISIBLE_NOT_ACQUIRED,period=Q; accessType=G; price=0.0 TRY; provider snapshot publication date 01-04-2026; provider 'date' field 30-12-2026; raw_bytes is provider-declared and unverified (file not downloaded).
BM-009,Borsa Istanbul,3184#6394449,"2000 Yilindan Itibaren Endekslerde Bulunan Sirketler (BIST 30, BIST 50 ve BIST 100 icin)",https://datastore.borsaistanbul.com/product-type/3184,2026,FULL_YEAR_AS_FOUR_QUARTER_COLUMNS,NA,2026-08-23T13:18:00Z,FIRST_PARTY_CATALOGUE_API_INVOKED_BY_PRODUCT_PAGE,DOWNLOAD_REQUIRES_ACCOUNT_AND_REGISTRATION_AGREEMENT,exsrk2026.zip,NA,67319,NOT_ACQUIRED,NA,CATALOG_ENTRY,NA,NA,XU030;XU050;XU100,QUARTER_COLUMN_Q1_Q4_NO_EFFECTIVE_DATE,NOT_ASSESSED,VISIBLE_NOT_ACQUIRED,period=Q; accessType=G; price=0.0 TRY; provider snapshot publication date 02-01-2026; provider 'date' field 30-12-2026; raw_bytes is provider-declared and unverified (file not downloaded).
BM-010,Borsa Istanbul,3184#6201518,"2000 Yilindan Itibaren Endekslerde Bulunan Sirketler (BIST 30, BIST 50 ve BIST 100 icin)",https://datastore.borsaistanbul.com/product-type/3184,2025,FULL_YEAR_AS_FOUR_QUARTER_COLUMNS,NA,2026-08-23T13:18:00Z,FIRST_PARTY_CATALOGUE_API_INVOKED_BY_PRODUCT_PAGE,DOWNLOAD_REQUIRES_ACCOUNT_AND_REGISTRATION_AGREEMENT,exsrk2025.zip,NA,69096,NOT_ACQUIRED,NA,CATALOG_ENTRY,NA,NA,XU030;XU050;XU100,QUARTER_COLUMN_Q1_Q4_NO_EFFECTIVE_DATE,NOT_ASSESSED,VISIBLE_NOT_ACQUIRED,period=Q; accessType=G; price=0.0 TRY; provider snapshot publication date 01-10-2025; provider 'date' field 30-12-2025; raw_bytes is provider-declared and unverified (file not downloaded).
BM-011,Borsa Istanbul,3184#3617594,"2000 Yilindan Itibaren Endekslerde Bulunan Sirketler (BIST 30, BIST 50 ve BIST 100 icin)",https://datastore.borsaistanbul.com/product-type/3184,2025,FULL_YEAR_AS_FOUR_QUARTER_COLUMNS,NA,2026-08-23T13:18:00Z,FIRST_PARTY_CATALOGUE_API_INVOKED_BY_PRODUCT_PAGE,DOWNLOAD_REQUIRES_ACCOUNT_AND_REGISTRATION_AGREEMENT,exsrk2025.zip,NA,68340,NOT_ACQUIRED,NA,CATALOG_ENTRY,NA,NA,XU030;XU050;XU100,QUARTER_COLUMN_Q1_Q4_NO_EFFECTIVE_DATE,NOT_ASSESSED,VISIBLE_NOT_ACQUIRED,period=Q; accessType=G; price=0.0 TRY; provider snapshot publication date 01-07-2025; provider 'date' field 30-12-2025; raw_bytes is provider-declared and unverified (file not downloaded).
BM-012,Borsa Istanbul,3184#3502330,"2000 Yilindan Itibaren Endekslerde Bulunan Sirketler (BIST 30, BIST 50 ve BIST 100 icin)",https://datastore.borsaistanbul.com/product-type/3184,2025,FULL_YEAR_AS_FOUR_QUARTER_COLUMNS,NA,2026-08-23T13:18:00Z,FIRST_PARTY_CATALOGUE_API_INVOKED_BY_PRODUCT_PAGE,DOWNLOAD_REQUIRES_ACCOUNT_AND_REGISTRATION_AGREEMENT,exsrk2025.zip,NA,67819,NOT_ACQUIRED,NA,CATALOG_ENTRY,NA,NA,XU030;XU050;XU100,QUARTER_COLUMN_Q1_Q4_NO_EFFECTIVE_DATE,NOT_ASSESSED,VISIBLE_NOT_ACQUIRED,period=Q; accessType=G; price=0.0 TRY; provider snapshot publication date 29-04-2025; provider 'date' field 30-12-2025; raw_bytes is provider-declared and unverified (file not downloaded).
BM-013,Borsa Istanbul,3184#3297745,"2000 Yilindan Itibaren Endekslerde Bulunan Sirketler (BIST 30, BIST 50 ve BIST 100 icin)",https://datastore.borsaistanbul.com/product-type/3184,2025,FULL_YEAR_AS_FOUR_QUARTER_COLUMNS,NA,2026-08-23T13:18:00Z,FIRST_PARTY_CATALOGUE_API_INVOKED_BY_PRODUCT_PAGE,DOWNLOAD_REQUIRES_ACCOUNT_AND_REGISTRATION_AGREEMENT,exsrk2025.zip,NA,65793,NOT_ACQUIRED,NA,CATALOG_ENTRY,NA,NA,XU030;XU050;XU100,QUARTER_COLUMN_Q1_Q4_NO_EFFECTIVE_DATE,NOT_ASSESSED,VISIBLE_NOT_ACQUIRED,period=Q; accessType=G; price=0.0 TRY; provider snapshot publication date 02-01-2025; provider 'date' field 30-12-2025; raw_bytes is provider-declared and unverified (file not downloaded).
BM-014,Borsa Istanbul,3184#3107757,"2000 Yilindan Itibaren Endekslerde Bulunan Sirketler (BIST 30, BIST 50 ve BIST 100 icin)",https://datastore.borsaistanbul.com/product-type/3184,2024,FULL_YEAR_AS_FOUR_QUARTER_COLUMNS,NA,2026-08-23T13:18:00Z,FIRST_PARTY_CATALOGUE_API_INVOKED_BY_PRODUCT_PAGE,DOWNLOAD_REQUIRES_ACCOUNT_AND_REGISTRATION_AGREEMENT,exsrk2024.zip,NA,67802,NOT_ACQUIRED,NA,CATALOG_ENTRY,NA,NA,XU030;XU050;XU100,QUARTER_COLUMN_Q1_Q4_NO_EFFECTIVE_DATE,NOT_ASSESSED,VISIBLE_NOT_ACQUIRED,period=Q; accessType=G; price=0.0 TRY; provider snapshot publication date 01-10-2024; provider 'date' field 30-12-2024; raw_bytes is provider-declared and unverified (file not downloaded).
BM-015,Borsa Istanbul,3184#2954626,"2000 Yilindan Itibaren Endekslerde Bulunan Sirketler (BIST 30, BIST 50 ve BIST 100 icin)",https://datastore.borsaistanbul.com/product-type/3184,2024,FULL_YEAR_AS_FOUR_QUARTER_COLUMNS,NA,2026-08-23T13:18:00Z,FIRST_PARTY_CATALOGUE_API_INVOKED_BY_PRODUCT_PAGE,DOWNLOAD_REQUIRES_ACCOUNT_AND_REGISTRATION_AGREEMENT,exsrk2024.zip,NA,66450,NOT_ACQUIRED,NA,CATALOG_ENTRY,NA,NA,XU030;XU050;XU100,QUARTER_COLUMN_Q1_Q4_NO_EFFECTIVE_DATE,NOT_ASSESSED,VISIBLE_NOT_ACQUIRED,period=Q; accessType=G; price=0.0 TRY; provider snapshot publication date 01-07-2024; provider 'date' field 30-12-2024; raw_bytes is provider-declared and unverified (file not downloaded).
BM-016,Borsa Istanbul,3184#2822974,"2000 Yilindan Itibaren Endekslerde Bulunan Sirketler (BIST 30, BIST 50 ve BIST 100 icin)",https://datastore.borsaistanbul.com/product-type/3184,2024,FULL_YEAR_AS_FOUR_QUARTER_COLUMNS,NA,2026-08-23T13:18:00Z,FIRST_PARTY_CATALOGUE_API_INVOKED_BY_PRODUCT_PAGE,DOWNLOAD_REQUIRES_ACCOUNT_AND_REGISTRATION_AGREEMENT,exsrk2024.zip,NA,65271,NOT_ACQUIRED,NA,CATALOG_ENTRY,NA,NA,XU030;XU050;XU100,QUARTER_COLUMN_Q1_Q4_NO_EFFECTIVE_DATE,NOT_ASSESSED,VISIBLE_NOT_ACQUIRED,period=Q; accessType=G; price=0.0 TRY; provider snapshot publication date 01-04-2024; provider 'date' field 30-12-2024; raw_bytes is provider-declared and unverified (file not downloaded).
BM-017,Borsa Istanbul,3184#2677835,"2000 Yilindan Itibaren Endekslerde Bulunan Sirketler (BIST 30, BIST 50 ve BIST 100 icin)",https://datastore.borsaistanbul.com/product-type/3184,2024,FULL_YEAR_AS_FOUR_QUARTER_COLUMNS,NA,2026-08-23T13:18:00Z,FIRST_PARTY_CATALOGUE_API_INVOKED_BY_PRODUCT_PAGE,DOWNLOAD_REQUIRES_ACCOUNT_AND_REGISTRATION_AGREEMENT,exsrk2024.zip,NA,64291,NOT_ACQUIRED,NA,CATALOG_ENTRY,NA,NA,XU030;XU050;XU100,QUARTER_COLUMN_Q1_Q4_NO_EFFECTIVE_DATE,NOT_ASSESSED,VISIBLE_NOT_ACQUIRED,period=Q; accessType=G; price=0.0 TRY; provider snapshot publication date 02-01-2024; provider 'date' field 30-12-2024; raw_bytes is provider-declared and unverified (file not downloaded).
BM-018,Borsa Istanbul,3184#2532791,"2000 Yilindan Itibaren Endekslerde Bulunan Sirketler (BIST 30, BIST 50 ve BIST 100 icin)",https://datastore.borsaistanbul.com/product-type/3184,2023,FULL_YEAR_AS_FOUR_QUARTER_COLUMNS,NA,2026-08-23T13:18:00Z,FIRST_PARTY_CATALOGUE_API_INVOKED_BY_PRODUCT_PAGE,DOWNLOAD_REQUIRES_ACCOUNT_AND_REGISTRATION_AGREEMENT,exsrk2023.zip,NA,65416,NOT_ACQUIRED,NA,CATALOG_ENTRY,NA,NA,XU030;XU050;XU100,QUARTER_COLUMN_Q1_Q4_NO_EFFECTIVE_DATE,NOT_ASSESSED,VISIBLE_NOT_ACQUIRED,period=Q; accessType=G; price=0.0 TRY; provider snapshot publication date 02-10-2023; provider 'date' field 30-12-2023; raw_bytes is provider-declared and unverified (file not downloaded).
BM-019,Borsa Istanbul,3184#2391008,"2000 Yilindan Itibaren Endekslerde Bulunan Sirketler (BIST 30, BIST 50 ve BIST 100 icin)",https://datastore.borsaistanbul.com/product-type/3184,2023,FULL_YEAR_AS_FOUR_QUARTER_COLUMNS,NA,2026-08-23T13:18:00Z,FIRST_PARTY_CATALOGUE_API_INVOKED_BY_PRODUCT_PAGE,DOWNLOAD_REQUIRES_ACCOUNT_AND_REGISTRATION_AGREEMENT,exsrk2023.zip,NA,64015,NOT_ACQUIRED,NA,CATALOG_ENTRY,NA,NA,XU030;XU050;XU100,QUARTER_COLUMN_Q1_Q4_NO_EFFECTIVE_DATE,NOT_ASSESSED,VISIBLE_NOT_ACQUIRED,period=Q; accessType=G; price=0.0 TRY; provider snapshot publication date 03-07-2023; provider 'date' field 30-12-2023; raw_bytes is provider-declared and unverified (file not downloaded).
BM-020,Borsa Istanbul,3184#2258783,"2000 Yilindan Itibaren Endekslerde Bulunan Sirketler (BIST 30, BIST 50 ve BIST 100 icin)",https://datastore.borsaistanbul.com/product-type/3184,2023,FULL_YEAR_AS_FOUR_QUARTER_COLUMNS,NA,2026-08-23T13:18:00Z,FIRST_PARTY_CATALOGUE_API_INVOKED_BY_PRODUCT_PAGE,DOWNLOAD_REQUIRES_ACCOUNT_AND_REGISTRATION_AGREEMENT,exsrk2023.zip,NA,62811,NOT_ACQUIRED,NA,CATALOG_ENTRY,NA,NA,XU030;XU050;XU100,QUARTER_COLUMN_Q1_Q4_NO_EFFECTIVE_DATE,NOT_ASSESSED,VISIBLE_NOT_ACQUIRED,period=Q; accessType=G; price=0.0 TRY; provider snapshot publication date 03-04-2023; provider 'date' field 30-12-2023; raw_bytes is provider-declared and unverified (file not downloaded).
BM-021,Borsa Istanbul,3184#2113081,"2000 Yilindan Itibaren Endekslerde Bulunan Sirketler (BIST 30, BIST 50 ve BIST 100 icin)",https://datastore.borsaistanbul.com/product-type/3184,2023,FULL_YEAR_AS_FOUR_QUARTER_COLUMNS,NA,2026-08-23T13:18:00Z,FIRST_PARTY_CATALOGUE_API_INVOKED_BY_PRODUCT_PAGE,DOWNLOAD_REQUIRES_ACCOUNT_AND_REGISTRATION_AGREEMENT,exsrk2023.zip,NA,71587,NOT_ACQUIRED,NA,CATALOG_ENTRY,NA,NA,XU030;XU050;XU100,QUARTER_COLUMN_Q1_Q4_NO_EFFECTIVE_DATE,NOT_ASSESSED,VISIBLE_NOT_ACQUIRED,period=Q; accessType=G; price=0.0 TRY; provider snapshot publication date 02-01-2023; provider 'date' field 30-12-2023; raw_bytes is provider-declared and unverified (file not downloaded).
BM-022,Borsa Istanbul,3184#1967272,"2000 Yilindan Itibaren Endekslerde Bulunan Sirketler (BIST 30, BIST 50 ve BIST 100 icin)",https://datastore.borsaistanbul.com/product-type/3184,2022,FULL_YEAR_AS_FOUR_QUARTER_COLUMNS,NA,2026-08-23T13:18:00Z,FIRST_PARTY_CATALOGUE_API_INVOKED_BY_PRODUCT_PAGE,DOWNLOAD_REQUIRES_ACCOUNT_AND_REGISTRATION_AGREEMENT,exsrk2022.zip,NA,62090,NOT_ACQUIRED,NA,CATALOG_ENTRY,NA,NA,XU030;XU050;XU100,QUARTER_COLUMN_Q1_Q4_NO_EFFECTIVE_DATE,NOT_ASSESSED,VISIBLE_NOT_ACQUIRED,period=Q; accessType=G; price=0.0 TRY; provider snapshot publication date 03-10-2022; provider 'date' field 30-12-2022; raw_bytes is provider-declared and unverified (file not downloaded).
BM-023,Borsa Istanbul,3184#1837933,"2000 Yilindan Itibaren Endekslerde Bulunan Sirketler (BIST 30, BIST 50 ve BIST 100 icin)",https://datastore.borsaistanbul.com/product-type/3184,2022,FULL_YEAR_AS_FOUR_QUARTER_COLUMNS,NA,2026-08-23T13:18:00Z,FIRST_PARTY_CATALOGUE_API_INVOKED_BY_PRODUCT_PAGE,DOWNLOAD_REQUIRES_ACCOUNT_AND_REGISTRATION_AGREEMENT,exsrk2022.zip,NA,60015,NOT_ACQUIRED,NA,CATALOG_ENTRY,NA,NA,XU030;XU050;XU100,QUARTER_COLUMN_Q1_Q4_NO_EFFECTIVE_DATE,NOT_ASSESSED,VISIBLE_NOT_ACQUIRED,period=Q; accessType=G; price=0.0 TRY; provider snapshot publication date 01-07-2022; provider 'date' field 30-12-2022; raw_bytes is provider-declared and unverified (file not downloaded).
BM-024,Borsa Istanbul,3184#1724962,"2000 Yilindan Itibaren Endekslerde Bulunan Sirketler (BIST 30, BIST 50 ve BIST 100 icin)",https://datastore.borsaistanbul.com/product-type/3184,2022,FULL_YEAR_AS_FOUR_QUARTER_COLUMNS,NA,2026-08-23T13:18:00Z,FIRST_PARTY_CATALOGUE_API_INVOKED_BY_PRODUCT_PAGE,DOWNLOAD_REQUIRES_ACCOUNT_AND_REGISTRATION_AGREEMENT,exsrk2022.zip,NA,58766,NOT_ACQUIRED,NA,CATALOG_ENTRY,NA,NA,XU030;XU050;XU100,QUARTER_COLUMN_Q1_Q4_NO_EFFECTIVE_DATE,NOT_ASSESSED,VISIBLE_NOT_ACQUIRED,period=Q; accessType=G; price=0.0 TRY; provider snapshot publication date 01-04-2022; provider 'date' field 30-12-2022; raw_bytes is provider-declared and unverified (file not downloaded).
BM-025,Borsa Istanbul,3184#1610981,"2000 Yilindan Itibaren Endekslerde Bulunan Sirketler (BIST 30, BIST 50 ve BIST 100 icin)",https://datastore.borsaistanbul.com/product-type/3184,2022,FULL_YEAR_AS_FOUR_QUARTER_COLUMNS,NA,2026-08-23T13:18:00Z,FIRST_PARTY_CATALOGUE_API_INVOKED_BY_PRODUCT_PAGE,DOWNLOAD_REQUIRES_ACCOUNT_AND_REGISTRATION_AGREEMENT,exsrk2022.zip,NA,54862,NOT_ACQUIRED,NA,CATALOG_ENTRY,NA,NA,XU030;XU050;XU100,QUARTER_COLUMN_Q1_Q4_NO_EFFECTIVE_DATE,NOT_ASSESSED,VISIBLE_NOT_ACQUIRED,period=Q; accessType=G; price=0.0 TRY; provider snapshot publication date 04-01-2022; provider 'date' field 30-12-2022; raw_bytes is provider-declared and unverified (file not downloaded).
BM-026,Borsa Istanbul,3184#1505891,"2000 Yilindan Itibaren Endekslerde Bulunan Sirketler (BIST 30, BIST 50 ve BIST 100 icin)",https://datastore.borsaistanbul.com/product-type/3184,2021,FULL_YEAR_AS_FOUR_QUARTER_COLUMNS,NA,2026-08-23T13:18:00Z,FIRST_PARTY_CATALOGUE_API_INVOKED_BY_PRODUCT_PAGE,DOWNLOAD_REQUIRES_ACCOUNT_AND_REGISTRATION_AGREEMENT,exsrk2021.zip,NA,59632,NOT_ACQUIRED,NA,CATALOG_ENTRY,NA,NA,XU030;XU050;XU100,QUARTER_COLUMN_Q1_Q4_NO_EFFECTIVE_DATE,NOT_ASSESSED,VISIBLE_NOT_ACQUIRED,period=Q; accessType=G; price=0.0 TRY; provider snapshot publication date 01-10-2021; provider 'date' field 30-12-2021; raw_bytes is provider-declared and unverified (file not downloaded).
BM-027,Borsa Istanbul,3184#1421780,"2000 Yilindan Itibaren Endekslerde Bulunan Sirketler (BIST 30, BIST 50 ve BIST 100 icin)",https://datastore.borsaistanbul.com/product-type/3184,2021,FULL_YEAR_AS_FOUR_QUARTER_COLUMNS,NA,2026-08-23T13:18:00Z,FIRST_PARTY_CATALOGUE_API_INVOKED_BY_PRODUCT_PAGE,DOWNLOAD_REQUIRES_ACCOUNT_AND_REGISTRATION_AGREEMENT,exsrk2021.zip,NA,59330,NOT_ACQUIRED,NA,CATALOG_ENTRY,NA,NA,XU030;XU050;XU100,QUARTER_COLUMN_Q1_Q4_NO_EFFECTIVE_DATE,NOT_ASSESSED,VISIBLE_NOT_ACQUIRED,period=Q; accessType=G; price=0.0 TRY; provider snapshot publication date 01-07-2021; provider 'date' field 30-12-2021; raw_bytes is provider-declared and unverified (file not downloaded).
BM-028,Borsa Istanbul,3184#1408006,"2000 Yilindan Itibaren Endekslerde Bulunan Sirketler (BIST 30, BIST 50 ve BIST 100 icin)",https://datastore.borsaistanbul.com/product-type/3184,2021,FULL_YEAR_AS_FOUR_QUARTER_COLUMNS,NA,2026-08-23T13:18:00Z,FIRST_PARTY_CATALOGUE_API_INVOKED_BY_PRODUCT_PAGE,DOWNLOAD_REQUIRES_ACCOUNT_AND_REGISTRATION_AGREEMENT,exsrk2021.zip,NA,58206,NOT_ACQUIRED,NA,CATALOG_ENTRY,NA,NA,XU030;XU050;XU100,QUARTER_COLUMN_Q1_Q4_NO_EFFECTIVE_DATE,NOT_ASSESSED,VISIBLE_NOT_ACQUIRED,period=Q; accessType=G; price=0.0 TRY; provider snapshot publication date 17-06-2021; provider 'date' field 30-12-2021; raw_bytes is provider-declared and unverified (file not downloaded).
BM-029,Borsa Istanbul,3184#1314300,"2000 Yilindan Itibaren Endekslerde Bulunan Sirketler (BIST 30, BIST 50 ve BIST 100 icin)",https://datastore.borsaistanbul.com/product-type/3184,2021,FULL_YEAR_AS_FOUR_QUARTER_COLUMNS,NA,2026-08-23T13:18:00Z,FIRST_PARTY_CATALOGUE_API_INVOKED_BY_PRODUCT_PAGE,DOWNLOAD_REQUIRES_ACCOUNT_AND_REGISTRATION_AGREEMENT,exsrk2021.zip,NA,55827,NOT_ACQUIRED,NA,CATALOG_ENTRY,NA,NA,XU030;XU050;XU100,QUARTER_COLUMN_Q1_Q4_NO_EFFECTIVE_DATE,NOT_ASSESSED,VISIBLE_NOT_ACQUIRED,period=Q; accessType=G; price=0.0 TRY; provider snapshot publication date 01-04-2021; provider 'date' field 30-12-2021; raw_bytes is provider-declared and unverified (file not downloaded).
BM-030,Borsa Istanbul,3184#1225668,"2000 Yilindan Itibaren Endekslerde Bulunan Sirketler (BIST 30, BIST 50 ve BIST 100 icin)",https://datastore.borsaistanbul.com/product-type/3184,2021,FULL_YEAR_AS_FOUR_QUARTER_COLUMNS,NA,2026-08-23T13:18:00Z,FIRST_PARTY_CATALOGUE_API_INVOKED_BY_PRODUCT_PAGE,DOWNLOAD_REQUIRES_ACCOUNT_AND_REGISTRATION_AGREEMENT,exsrk2021.zip,NA,54757,NOT_ACQUIRED,NA,CATALOG_ENTRY,NA,NA,XU030;XU050;XU100,QUARTER_COLUMN_Q1_Q4_NO_EFFECTIVE_DATE,NOT_ASSESSED,VISIBLE_NOT_ACQUIRED,period=Q; accessType=G; price=0.0 TRY; provider snapshot publication date 04-01-2021; provider 'date' field 30-12-2021; raw_bytes is provider-declared and unverified (file not downloaded).
BM-031,Borsa Istanbul,3184#1132521,"2000 Yilindan Itibaren Endekslerde Bulunan Sirketler (BIST 30, BIST 50 ve BIST 100 icin)",https://datastore.borsaistanbul.com/product-type/3184,2020,FULL_YEAR_AS_FOUR_QUARTER_COLUMNS,NA,2026-08-23T13:18:00Z,FIRST_PARTY_CATALOGUE_API_INVOKED_BY_PRODUCT_PAGE,DOWNLOAD_REQUIRES_ACCOUNT_AND_REGISTRATION_AGREEMENT,exsrk2020.zip,NA,58631,NOT_ACQUIRED,NA,CATALOG_ENTRY,NA,NA,XU030;XU050;XU100,QUARTER_COLUMN_Q1_Q4_NO_EFFECTIVE_DATE,NOT_ASSESSED,VISIBLE_NOT_ACQUIRED,period=Q; accessType=G; price=0.0 TRY; provider snapshot publication date 01-10-2020; provider 'date' field 30-12-2020; raw_bytes is provider-declared and unverified (file not downloaded).
BM-032,Borsa Istanbul,3184#1132519,"2000 Yilindan Itibaren Endekslerde Bulunan Sirketler (BIST 30, BIST 50 ve BIST 100 icin)",https://datastore.borsaistanbul.com/product-type/3184,2020,FULL_YEAR_AS_FOUR_QUARTER_COLUMNS,NA,2026-08-23T13:18:00Z,FIRST_PARTY_CATALOGUE_API_INVOKED_BY_PRODUCT_PAGE,DOWNLOAD_REQUIRES_ACCOUNT_AND_REGISTRATION_AGREEMENT,exsrk2020.zip,NA,58823,NOT_ACQUIRED,NA,CATALOG_ENTRY,NA,NA,XU030;XU050;XU100,QUARTER_COLUMN_Q1_Q4_NO_EFFECTIVE_DATE,NOT_ASSESSED,VISIBLE_NOT_ACQUIRED,period=Q; accessType=G; price=0.0 TRY; provider snapshot publication date 01-10-2020; provider 'date' field 30-12-2020; raw_bytes is provider-declared and unverified (file not downloaded).
BM-033,Borsa Istanbul,3184#1068011,"2000 Yilindan Itibaren Endekslerde Bulunan Sirketler (BIST 30, BIST 50 ve BIST 100 icin)",https://datastore.borsaistanbul.com/product-type/3184,2020,FULL_YEAR_AS_FOUR_QUARTER_COLUMNS,NA,2026-08-23T13:18:00Z,FIRST_PARTY_CATALOGUE_API_INVOKED_BY_PRODUCT_PAGE,DOWNLOAD_REQUIRES_ACCOUNT_AND_REGISTRATION_AGREEMENT,exsrk2020.zip,NA,59259,NOT_ACQUIRED,NA,CATALOG_ENTRY,NA,NA,XU030;XU050;XU100,QUARTER_COLUMN_Q1_Q4_NO_EFFECTIVE_DATE,NOT_ASSESSED,VISIBLE_NOT_ACQUIRED,period=Q; accessType=G; price=0.0 TRY; provider snapshot publication date 28-07-2020; provider 'date' field 30-12-2020; raw_bytes is provider-declared and unverified (file not downloaded).
BM-034,Borsa Istanbul,3184#1006269,"2000 Yilindan Itibaren Endekslerde Bulunan Sirketler (BIST 30, BIST 50 ve BIST 100 icin)",https://datastore.borsaistanbul.com/product-type/3184,2020,FULL_YEAR_AS_FOUR_QUARTER_COLUMNS,NA,2026-08-23T13:18:00Z,FIRST_PARTY_CATALOGUE_API_INVOKED_BY_PRODUCT_PAGE,DOWNLOAD_REQUIRES_ACCOUNT_AND_REGISTRATION_AGREEMENT,exsrk2020.zip,NA,57733,NOT_ACQUIRED,NA,CATALOG_ENTRY,NA,NA,XU030;XU050;XU100,QUARTER_COLUMN_Q1_Q4_NO_EFFECTIVE_DATE,NOT_ASSESSED,VISIBLE_NOT_ACQUIRED,period=Q; accessType=G; price=0.0 TRY; provider snapshot publication date 22-05-2020; provider 'date' field 30-12-2020; raw_bytes is provider-declared and unverified (file not downloaded).
BM-035,Borsa Istanbul,3184#982927,"2000 Yilindan Itibaren Endekslerde Bulunan Sirketler (BIST 30, BIST 50 ve BIST 100 icin)",https://datastore.borsaistanbul.com/product-type/3184,2020,FULL_YEAR_AS_FOUR_QUARTER_COLUMNS,NA,2026-08-23T13:18:00Z,FIRST_PARTY_CATALOGUE_API_INVOKED_BY_PRODUCT_PAGE,DOWNLOAD_REQUIRES_ACCOUNT_AND_REGISTRATION_AGREEMENT,exsrk2020.zip,NA,55195,NOT_ACQUIRED,NA,CATALOG_ENTRY,NA,NA,XU030;XU050;XU100,QUARTER_COLUMN_Q1_Q4_NO_EFFECTIVE_DATE,NOT_ASSESSED,VISIBLE_NOT_ACQUIRED,period=Q; accessType=G; price=0.0 TRY; provider snapshot publication date 27-04-2020; provider 'date' field 30-12-2020; raw_bytes is provider-declared and unverified (file not downloaded).
BM-036,Borsa Istanbul,3184#982925,"2000 Yilindan Itibaren Endekslerde Bulunan Sirketler (BIST 30, BIST 50 ve BIST 100 icin)",https://datastore.borsaistanbul.com/product-type/3184,2020,FULL_YEAR_AS_FOUR_QUARTER_COLUMNS,NA,2026-08-23T13:18:00Z,FIRST_PARTY_CATALOGUE_API_INVOKED_BY_PRODUCT_PAGE,DOWNLOAD_REQUIRES_ACCOUNT_AND_REGISTRATION_AGREEMENT,exsrk2020.zip,NA,56407,NOT_ACQUIRED,NA,CATALOG_ENTRY,NA,NA,XU030;XU050;XU100,QUARTER_COLUMN_Q1_Q4_NO_EFFECTIVE_DATE,NOT_ASSESSED,VISIBLE_NOT_ACQUIRED,period=Q; accessType=G; price=0.0 TRY; provider snapshot publication date 27-04-2020; provider 'date' field 30-12-2020; raw_bytes is provider-declared and unverified (file not downloaded).
BM-037,Borsa Istanbul,3184#872590,"2000 Yilindan Itibaren Endekslerde Bulunan Sirketler (BIST 30, BIST 50 ve BIST 100 icin)",https://datastore.borsaistanbul.com/product-type/3184,2020,FULL_YEAR_AS_FOUR_QUARTER_COLUMNS,NA,2026-08-23T13:18:00Z,FIRST_PARTY_CATALOGUE_API_INVOKED_BY_PRODUCT_PAGE,DOWNLOAD_REQUIRES_ACCOUNT_AND_REGISTRATION_AGREEMENT,exsrk2020.zip,NA,55016,NOT_ACQUIRED,NA,CATALOG_ENTRY,NA,NA,XU030;XU050;XU100,QUARTER_COLUMN_Q1_Q4_NO_EFFECTIVE_DATE,NOT_ASSESSED,VISIBLE_NOT_ACQUIRED,period=Q; accessType=G; price=0.0 TRY; provider snapshot publication date 02-01-2020; provider 'date' field 30-12-2020; raw_bytes is provider-declared and unverified (file not downloaded).
BM-038,Borsa Istanbul,3184#795400,"2000 Yilindan Itibaren Endekslerde Bulunan Sirketler (BIST 30, BIST 50 ve BIST 100 icin)",https://datastore.borsaistanbul.com/product-type/3184,2019,FULL_YEAR_AS_FOUR_QUARTER_COLUMNS,NA,2026-08-23T13:18:00Z,FIRST_PARTY_CATALOGUE_API_INVOKED_BY_PRODUCT_PAGE,DOWNLOAD_REQUIRES_ACCOUNT_AND_REGISTRATION_AGREEMENT,exsrk2019.zip,NA,58640,NOT_ACQUIRED,NA,CATALOG_ENTRY,NA,NA,XU030;XU050;XU100,QUARTER_COLUMN_Q1_Q4_NO_EFFECTIVE_DATE,NOT_ASSESSED,VISIBLE_NOT_ACQUIRED,period=Q; accessType=G; price=0.0 TRY; provider snapshot publication date 03-10-2019; provider 'date' field 30-12-2019; raw_bytes is provider-declared and unverified (file not downloaded).
BM-039,Borsa Istanbul,3184#717816,"2000 Yilindan Itibaren Endekslerde Bulunan Sirketler (BIST 30, BIST 50 ve BIST 100 icin)",https://datastore.borsaistanbul.com/product-type/3184,2019,FULL_YEAR_AS_FOUR_QUARTER_COLUMNS,NA,2026-08-23T13:18:00Z,FIRST_PARTY_CATALOGUE_API_INVOKED_BY_PRODUCT_PAGE,DOWNLOAD_REQUIRES_ACCOUNT_AND_REGISTRATION_AGREEMENT,exsrk2019.zip,NA,26930,NOT_ACQUIRED,NA,CATALOG_ENTRY,NA,NA,XU030;XU050;XU100,QUARTER_COLUMN_Q1_Q4_NO_EFFECTIVE_DATE,NOT_ASSESSED,VISIBLE_NOT_ACQUIRED,period=Q; accessType=G; price=0.0 TRY; provider snapshot publication date 01-07-2019; provider 'date' field 30-12-2019; raw_bytes is provider-declared and unverified (file not downloaded).
BM-040,Borsa Istanbul,3184#646771,"2000 Yilindan Itibaren Endekslerde Bulunan Sirketler (BIST 30, BIST 50 ve BIST 100 icin)",https://datastore.borsaistanbul.com/product-type/3184,2019,FULL_YEAR_AS_FOUR_QUARTER_COLUMNS,NA,2026-08-23T13:18:00Z,FIRST_PARTY_CATALOGUE_API_INVOKED_BY_PRODUCT_PAGE,DOWNLOAD_REQUIRES_ACCOUNT_AND_REGISTRATION_AGREEMENT,exsrk2019.zip,NA,25736,NOT_ACQUIRED,NA,CATALOG_ENTRY,NA,NA,XU030;XU050;XU100,QUARTER_COLUMN_Q1_Q4_NO_EFFECTIVE_DATE,NOT_ASSESSED,VISIBLE_NOT_ACQUIRED,period=Q; accessType=G; price=0.0 TRY; provider snapshot publication date 01-04-2019; provider 'date' field 30-12-2019; raw_bytes is provider-declared and unverified (file not downloaded).
BM-041,Borsa Istanbul,3184#572967,"2000 Yilindan Itibaren Endekslerde Bulunan Sirketler (BIST 30, BIST 50 ve BIST 100 icin)",https://datastore.borsaistanbul.com/product-type/3184,2019,FULL_YEAR_AS_FOUR_QUARTER_COLUMNS,NA,2026-08-23T13:18:00Z,FIRST_PARTY_CATALOGUE_API_INVOKED_BY_PRODUCT_PAGE,DOWNLOAD_REQUIRES_ACCOUNT_AND_REGISTRATION_AGREEMENT,exsrk2019.zip,NA,24392,NOT_ACQUIRED,NA,CATALOG_ENTRY,NA,NA,XU030;XU050;XU100,QUARTER_COLUMN_Q1_Q4_NO_EFFECTIVE_DATE,NOT_ASSESSED,VISIBLE_NOT_ACQUIRED,period=Q; accessType=G; price=0.0 TRY; provider snapshot publication date 02-01-2019; provider 'date' field 30-12-2019; raw_bytes is provider-declared and unverified (file not downloaded).
BM-042,Borsa Istanbul,3184#485978,"2000 Yilindan Itibaren Endekslerde Bulunan Sirketler (BIST 30, BIST 50 ve BIST 100 icin)",https://datastore.borsaistanbul.com/product-type/3184,2018,FULL_YEAR_AS_FOUR_QUARTER_COLUMNS,NA,2026-08-23T13:18:00Z,FIRST_PARTY_CATALOGUE_API_INVOKED_BY_PRODUCT_PAGE,DOWNLOAD_REQUIRES_ACCOUNT_AND_REGISTRATION_AGREEMENT,exsrk2018.zip,NA,32134,NOT_ACQUIRED,NA,CATALOG_ENTRY,NA,NA,XU030;XU050;XU100,QUARTER_COLUMN_Q1_Q4_NO_EFFECTIVE_DATE,NOT_ASSESSED,VISIBLE_NOT_ACQUIRED,period=Q; accessType=G; price=0.0 TRY; provider snapshot publication date 01-10-2018; provider 'date' field 30-12-2018; raw_bytes is provider-declared and unverified (file not downloaded).
BM-043,Borsa Istanbul,3184#462558,"2000 Yilindan Itibaren Endekslerde Bulunan Sirketler (BIST 30, BIST 50 ve BIST 100 icin)",https://datastore.borsaistanbul.com/product-type/3184,2018,FULL_YEAR_AS_FOUR_QUARTER_COLUMNS,NA,2026-08-23T13:18:00Z,FIRST_PARTY_CATALOGUE_API_INVOKED_BY_PRODUCT_PAGE,DOWNLOAD_REQUIRES_ACCOUNT_AND_REGISTRATION_AGREEMENT,exsrk2018.zip,NA,32385,NOT_ACQUIRED,NA,CATALOG_ENTRY,NA,NA,XU030;XU050;XU100,QUARTER_COLUMN_Q1_Q4_NO_EFFECTIVE_DATE,NOT_ASSESSED,VISIBLE_NOT_ACQUIRED,period=Q; accessType=G; price=0.0 TRY; provider snapshot publication date 04-09-2018; provider 'date' field 30-12-2018; raw_bytes is provider-declared and unverified (file not downloaded).
BM-044,Borsa Istanbul,3184#412895,"2000 Yilindan Itibaren Endekslerde Bulunan Sirketler (BIST 30, BIST 50 ve BIST 100 icin)",https://datastore.borsaistanbul.com/product-type/3184,2018,FULL_YEAR_AS_FOUR_QUARTER_COLUMNS,NA,2026-08-23T13:18:00Z,FIRST_PARTY_CATALOGUE_API_INVOKED_BY_PRODUCT_PAGE,DOWNLOAD_REQUIRES_ACCOUNT_AND_REGISTRATION_AGREEMENT,exsrk2018.zip,NA,31021,NOT_ACQUIRED,NA,CATALOG_ENTRY,NA,NA,XU030;XU050;XU100,QUARTER_COLUMN_Q1_Q4_NO_EFFECTIVE_DATE,NOT_ASSESSED,VISIBLE_NOT_ACQUIRED,period=Q; accessType=G; price=0.0 TRY; provider snapshot publication date 02-07-2018; provider 'date' field 30-12-2018; raw_bytes is provider-declared and unverified (file not downloaded).
BM-045,Borsa Istanbul,3184#399459,"2000 Yilindan Itibaren Endekslerde Bulunan Sirketler (BIST 30, BIST 50 ve BIST 100 icin)",https://datastore.borsaistanbul.com/product-type/3184,2018,FULL_YEAR_AS_FOUR_QUARTER_COLUMNS,NA,2026-08-23T13:18:00Z,FIRST_PARTY_CATALOGUE_API_INVOKED_BY_PRODUCT_PAGE,DOWNLOAD_REQUIRES_ACCOUNT_AND_REGISTRATION_AGREEMENT,exsrk2018.zip,NA,29951,NOT_ACQUIRED,NA,CATALOG_ENTRY,NA,NA,XU030;XU050;XU100,QUARTER_COLUMN_Q1_Q4_NO_EFFECTIVE_DATE,NOT_ASSESSED,VISIBLE_NOT_ACQUIRED,period=Q; accessType=G; price=0.0 TRY; provider snapshot publication date 05-06-2018; provider 'date' field 30-12-2018; raw_bytes is provider-declared and unverified (file not downloaded).
BM-046,Borsa Istanbul,3184#357757,"2000 Yilindan Itibaren Endekslerde Bulunan Sirketler (BIST 30, BIST 50 ve BIST 100 icin)",https://datastore.borsaistanbul.com/product-type/3184,2018,FULL_YEAR_AS_FOUR_QUARTER_COLUMNS,NA,2026-08-23T13:18:00Z,FIRST_PARTY_CATALOGUE_API_INVOKED_BY_PRODUCT_PAGE,DOWNLOAD_REQUIRES_ACCOUNT_AND_REGISTRATION_AGREEMENT,exsrk2018.zip,NA,28656,NOT_ACQUIRED,NA,CATALOG_ENTRY,NA,NA,XU030;XU050;XU100,QUARTER_COLUMN_Q1_Q4_NO_EFFECTIVE_DATE,NOT_ASSESSED,VISIBLE_NOT_ACQUIRED,period=Q; accessType=G; price=0.0 TRY; provider snapshot publication date 02-04-2018; provider 'date' field 30-12-2018; raw_bytes is provider-declared and unverified (file not downloaded).
BM-047,Borsa Istanbul,3184#328895,"2000 Yilindan Itibaren Endekslerde Bulunan Sirketler (BIST 30, BIST 50 ve BIST 100 icin)",https://datastore.borsaistanbul.com/product-type/3184,2018,FULL_YEAR_AS_FOUR_QUARTER_COLUMNS,NA,2026-08-23T13:18:00Z,FIRST_PARTY_CATALOGUE_API_INVOKED_BY_PRODUCT_PAGE,DOWNLOAD_REQUIRES_ACCOUNT_AND_REGISTRATION_AGREEMENT,exsrk2018.zip,NA,27603,NOT_ACQUIRED,NA,CATALOG_ENTRY,NA,NA,XU030;XU050;XU100,QUARTER_COLUMN_Q1_Q4_NO_EFFECTIVE_DATE,NOT_ASSESSED,VISIBLE_NOT_ACQUIRED,period=Q; accessType=G; price=0.0 TRY; provider snapshot publication date 22-02-2018; provider 'date' field 30-12-2018; raw_bytes is provider-declared and unverified (file not downloaded).
BM-048,Borsa Istanbul,3184#325182,"2000 Yilindan Itibaren Endekslerde Bulunan Sirketler (BIST 30, BIST 50 ve BIST 100 icin)",https://datastore.borsaistanbul.com/product-type/3184,2018,FULL_YEAR_AS_FOUR_QUARTER_COLUMNS,NA,2026-08-23T13:18:00Z,FIRST_PARTY_CATALOGUE_API_INVOKED_BY_PRODUCT_PAGE,DOWNLOAD_REQUIRES_ACCOUNT_AND_REGISTRATION_AGREEMENT,exsrk2018.zip,NA,26142,NOT_ACQUIRED,NA,CATALOG_ENTRY,NA,NA,XU030;XU050;XU100,QUARTER_COLUMN_Q1_Q4_NO_EFFECTIVE_DATE,NOT_ASSESSED,VISIBLE_NOT_ACQUIRED,period=Q; accessType=G; price=0.0 TRY; provider snapshot publication date 16-02-2018; provider 'date' field 30-12-2018; raw_bytes is provider-declared and unverified (file not downloaded).
BM-049,Borsa Istanbul,3184#301716,"2000 Yilindan Itibaren Endekslerde Bulunan Sirketler (BIST 30, BIST 50 ve BIST 100 icin)",https://datastore.borsaistanbul.com/product-type/3184,2018,FULL_YEAR_AS_FOUR_QUARTER_COLUMNS,NA,2026-08-23T13:18:00Z,FIRST_PARTY_CATALOGUE_API_INVOKED_BY_PRODUCT_PAGE,DOWNLOAD_REQUIRES_ACCOUNT_AND_REGISTRATION_AGREEMENT,exsrk2018.zip,NA,24629,NOT_ACQUIRED,NA,CATALOG_ENTRY,NA,NA,XU030;XU050;XU100,QUARTER_COLUMN_Q1_Q4_NO_EFFECTIVE_DATE,NOT_ASSESSED,VISIBLE_NOT_ACQUIRED,period=Q; accessType=G; price=0.0 TRY; provider snapshot publication date 02-01-2018; provider 'date' field 30-12-2018; raw_bytes is provider-declared and unverified (file not downloaded).
BM-050,Borsa Istanbul,3184#272860,"2000 Yilindan Itibaren Endekslerde Bulunan Sirketler (BIST 30, BIST 50 ve BIST 100 icin)",https://datastore.borsaistanbul.com/product-type/3184,2017,FULL_YEAR_AS_FOUR_QUARTER_COLUMNS,NA,2026-08-23T13:18:00Z,FIRST_PARTY_CATALOGUE_API_INVOKED_BY_PRODUCT_PAGE,DOWNLOAD_REQUIRES_ACCOUNT_AND_REGISTRATION_AGREEMENT,exsrk2017.zip,NA,23547,NOT_ACQUIRED,NA,CATALOG_ENTRY,NA,NA,XU030;XU050;XU100,QUARTER_COLUMN_Q1_Q4_NO_EFFECTIVE_DATE,NOT_ASSESSED,VISIBLE_NOT_ACQUIRED,period=Q; accessType=G; price=0.0 TRY; provider snapshot publication date 20-10-2017; provider 'date' field 30-12-2017; raw_bytes is provider-declared and unverified (file not downloaded).
BM-051,Borsa Istanbul,3184#265178,"2000 Yilindan Itibaren Endekslerde Bulunan Sirketler (BIST 30, BIST 50 ve BIST 100 icin)",https://datastore.borsaistanbul.com/product-type/3184,2017,FULL_YEAR_AS_FOUR_QUARTER_COLUMNS,NA,2026-08-23T13:18:00Z,FIRST_PARTY_CATALOGUE_API_INVOKED_BY_PRODUCT_PAGE,DOWNLOAD_REQUIRES_ACCOUNT_AND_REGISTRATION_AGREEMENT,exsrk2017.zip,NA,22422,NOT_ACQUIRED,NA,CATALOG_ENTRY,NA,NA,XU030;XU050;XU100,QUARTER_COLUMN_Q1_Q4_NO_EFFECTIVE_DATE,NOT_ASSESSED,VISIBLE_NOT_ACQUIRED,period=Q; accessType=G; price=0.0 TRY; provider snapshot publication date 02-10-2017; provider 'date' field 30-12-2017; raw_bytes is provider-declared and unverified (file not downloaded).
BM-052,Borsa Istanbul,3184#231368,"2000 Yilindan Itibaren Endekslerde Bulunan Sirketler (BIST 30, BIST 50 ve BIST 100 icin)",https://datastore.borsaistanbul.com/product-type/3184,2017,FULL_YEAR_AS_FOUR_QUARTER_COLUMNS,NA,2026-08-23T13:18:00Z,FIRST_PARTY_CATALOGUE_API_INVOKED_BY_PRODUCT_PAGE,DOWNLOAD_REQUIRES_ACCOUNT_AND_REGISTRATION_AGREEMENT,exsrk2017.zip,NA,22611,NOT_ACQUIRED,NA,CATALOG_ENTRY,NA,NA,XU030;XU050;XU100,QUARTER_COLUMN_Q1_Q4_NO_EFFECTIVE_DATE,NOT_ASSESSED,VISIBLE_NOT_ACQUIRED,period=Q; accessType=G; price=0.0 TRY; provider snapshot publication date 05-07-2017; provider 'date' field 30-12-2017; raw_bytes is provider-declared and unverified (file not downloaded).
BM-053,Borsa Istanbul,3184#194816,"2000 Yilindan Itibaren Endekslerde Bulunan Sirketler (BIST 30, BIST 50 ve BIST 100 icin)",https://datastore.borsaistanbul.com/product-type/3184,2017,FULL_YEAR_AS_FOUR_QUARTER_COLUMNS,NA,2026-08-23T13:18:00Z,FIRST_PARTY_CATALOGUE_API_INVOKED_BY_PRODUCT_PAGE,DOWNLOAD_REQUIRES_ACCOUNT_AND_REGISTRATION_AGREEMENT,exsrk2017.zip,NA,21472,NOT_ACQUIRED,NA,CATALOG_ENTRY,NA,NA,XU030;XU050;XU100,QUARTER_COLUMN_Q1_Q4_NO_EFFECTIVE_DATE,NOT_ASSESSED,VISIBLE_NOT_ACQUIRED,period=Q; accessType=G; price=0.0 TRY; provider snapshot publication date 03-04-2017; provider 'date' field 30-12-2017; raw_bytes is provider-declared and unverified (file not downloaded).
BM-054,Borsa Istanbul,3184#143591,"2000 Yilindan Itibaren Endekslerde Bulunan Sirketler (BIST 30, BIST 50 ve BIST 100 icin)",https://datastore.borsaistanbul.com/product-type/3184,2017,FULL_YEAR_AS_FOUR_QUARTER_COLUMNS,NA,2026-08-23T13:18:00Z,FIRST_PARTY_CATALOGUE_API_INVOKED_BY_PRODUCT_PAGE,DOWNLOAD_REQUIRES_ACCOUNT_AND_REGISTRATION_AGREEMENT,exsrk2017.zip,NA,20089,NOT_ACQUIRED,NA,CATALOG_ENTRY,NA,NA,XU030;XU050;XU100,QUARTER_COLUMN_Q1_Q4_NO_EFFECTIVE_DATE,NOT_ASSESSED,VISIBLE_NOT_ACQUIRED,period=Q; accessType=G; price=0.0 TRY; provider snapshot publication date 02-01-2017; provider 'date' field 30-12-2017; raw_bytes is provider-declared and unverified (file not downloaded).
BM-055,Borsa Istanbul,3184#117968,"2000 Yilindan Itibaren Endekslerde Bulunan Sirketler (BIST 30, BIST 50 ve BIST 100 icin)",https://datastore.borsaistanbul.com/product-type/3184,2016,FULL_YEAR_AS_FOUR_QUARTER_COLUMNS,NA,2026-08-23T13:18:00Z,FIRST_PARTY_CATALOGUE_API_INVOKED_BY_PRODUCT_PAGE,DOWNLOAD_REQUIRES_ACCOUNT_AND_REGISTRATION_AGREEMENT,exsrk2016.zip,NA,22715,NOT_ACQUIRED,NA,CATALOG_ENTRY,NA,NA,XU030;XU050;XU100,QUARTER_COLUMN_Q1_Q4_NO_EFFECTIVE_DATE,NOT_ASSESSED,VISIBLE_NOT_ACQUIRED,period=Q; accessType=G; price=0.0 TRY; provider snapshot publication date 07-10-2016; provider 'date' field 30-12-2016; raw_bytes is provider-declared and unverified (file not downloaded).
BM-056,Borsa Istanbul,3184#102632,"2000 Yilindan Itibaren Endekslerde Bulunan Sirketler (BIST 30, BIST 50 ve BIST 100 icin)",https://datastore.borsaistanbul.com/product-type/3184,2016,FULL_YEAR_AS_FOUR_QUARTER_COLUMNS,NA,2026-08-23T13:18:00Z,FIRST_PARTY_CATALOGUE_API_INVOKED_BY_PRODUCT_PAGE,DOWNLOAD_REQUIRES_ACCOUNT_AND_REGISTRATION_AGREEMENT,exsrk2016.zip,NA,22982,NOT_ACQUIRED,NA,CATALOG_ENTRY,NA,NA,XU030;XU050;XU100,QUARTER_COLUMN_Q1_Q4_NO_EFFECTIVE_DATE,NOT_ASSESSED,VISIBLE_NOT_ACQUIRED,period=Q; accessType=G; price=0.0 TRY; provider snapshot publication date 09-08-2016; provider 'date' field 30-12-2016; raw_bytes is provider-declared and unverified (file not downloaded).
BM-057,Borsa Istanbul,3184#19714,"2000 Yilindan Itibaren Endekslerde Bulunan Sirketler (BIST 30, BIST 50 ve BIST 100 icin)",https://datastore.borsaistanbul.com/product-type/3184,2015,FULL_YEAR_AS_FOUR_QUARTER_COLUMNS,NA,2026-08-23T13:18:00Z,FIRST_PARTY_CATALOGUE_API_INVOKED_BY_PRODUCT_PAGE,DOWNLOAD_REQUIRES_ACCOUNT_AND_REGISTRATION_AGREEMENT,exsrk2015.zip,NA,23214,NOT_ACQUIRED,NA,CATALOG_ENTRY,NA,NA,XU030;XU050;XU100,QUARTER_COLUMN_Q1_Q4_NO_EFFECTIVE_DATE,NOT_ASSESSED,VISIBLE_NOT_ACQUIRED,"period=Q; accessType=G; price=0.0 TRY; provider snapshot publication date 02-10-2015; provider 'date' field 31-12-2014; raw_bytes is provider-declared and unverified (file not downloaded). Provider 'date' field 31-12-2014 does not match the filename year 2015; legacy bulk upload, semantics of this field NOT established."
BM-058,Borsa Istanbul,3184#3030,"2000 Yilindan Itibaren Endekslerde Bulunan Sirketler (BIST 30, BIST 50 ve BIST 100 icin)",https://datastore.borsaistanbul.com/product-type/3184,2014,FULL_YEAR_AS_FOUR_QUARTER_COLUMNS,NA,2026-08-23T13:18:00Z,FIRST_PARTY_CATALOGUE_API_INVOKED_BY_PRODUCT_PAGE,DOWNLOAD_REQUIRES_ACCOUNT_AND_REGISTRATION_AGREEMENT,exsrk2014.zip,NA,25930,NOT_ACQUIRED,NA,CATALOG_ENTRY,NA,NA,XU030;XU050;XU100,QUARTER_COLUMN_Q1_Q4_NO_EFFECTIVE_DATE,NOT_ASSESSED,VISIBLE_NOT_ACQUIRED,"period=Q; accessType=G; price=0.0 TRY; provider snapshot publication date 08-06-2015; provider 'date' field 31-12-2013; raw_bytes is provider-declared and unverified (file not downloaded). Provider 'date' field 31-12-2013 does not match the filename year 2014; legacy bulk upload, semantics of this field NOT established."
BM-059,Borsa Istanbul,3184#3019,"2000 Yilindan Itibaren Endekslerde Bulunan Sirketler (BIST 30, BIST 50 ve BIST 100 icin)",https://datastore.borsaistanbul.com/product-type/3184,2013,FULL_YEAR_AS_FOUR_QUARTER_COLUMNS,NA,2026-08-23T13:18:00Z,FIRST_PARTY_CATALOGUE_API_INVOKED_BY_PRODUCT_PAGE,DOWNLOAD_REQUIRES_ACCOUNT_AND_REGISTRATION_AGREEMENT,exsrk2013.zip,NA,25546,NOT_ACQUIRED,NA,CATALOG_ENTRY,NA,NA,XU030;XU050;XU100,QUARTER_COLUMN_Q1_Q4_NO_EFFECTIVE_DATE,NOT_ASSESSED,VISIBLE_NOT_ACQUIRED,"period=Q; accessType=G; price=0.0 TRY; provider snapshot publication date 08-06-2015; provider 'date' field 31-12-2012; raw_bytes is provider-declared and unverified (file not downloaded). Provider 'date' field 31-12-2012 does not match the filename year 2013; legacy bulk upload, semantics of this field NOT established."
BM-060,Borsa Istanbul,3184#3025,"2000 Yilindan Itibaren Endekslerde Bulunan Sirketler (BIST 30, BIST 50 ve BIST 100 icin)",https://datastore.borsaistanbul.com/product-type/3184,2012,FULL_YEAR_AS_FOUR_QUARTER_COLUMNS,NA,2026-08-23T13:18:00Z,FIRST_PARTY_CATALOGUE_API_INVOKED_BY_PRODUCT_PAGE,DOWNLOAD_REQUIRES_ACCOUNT_AND_REGISTRATION_AGREEMENT,exsrk2012.zip,NA,475226,NOT_ACQUIRED,NA,CATALOG_ENTRY,NA,NA,XU030;XU050;XU100,QUARTER_COLUMN_Q1_Q4_NO_EFFECTIVE_DATE,NOT_ASSESSED,VISIBLE_NOT_ACQUIRED,"period=Q; accessType=G; price=0.0 TRY; provider snapshot publication date 08-06-2015; provider 'date' field 31-12-2011; raw_bytes is provider-declared and unverified (file not downloaded). Provider 'date' field 31-12-2011 does not match the filename year 2012; legacy bulk upload, semantics of this field NOT established."
BM-061,Borsa Istanbul,3184#3017,"2000 Yilindan Itibaren Endekslerde Bulunan Sirketler (BIST 30, BIST 50 ve BIST 100 icin)",https://datastore.borsaistanbul.com/product-type/3184,2011,FULL_YEAR_AS_FOUR_QUARTER_COLUMNS,NA,2026-08-23T13:18:00Z,FIRST_PARTY_CATALOGUE_API_INVOKED_BY_PRODUCT_PAGE,DOWNLOAD_REQUIRES_ACCOUNT_AND_REGISTRATION_AGREEMENT,exsrk2011.zip,NA,329527,NOT_ACQUIRED,NA,CATALOG_ENTRY,NA,NA,XU030;XU050;XU100,QUARTER_COLUMN_Q1_Q4_NO_EFFECTIVE_DATE,NOT_ASSESSED,VISIBLE_NOT_ACQUIRED,"period=Q; accessType=G; price=0.0 TRY; provider snapshot publication date 08-06-2015; provider 'date' field 31-12-2010; raw_bytes is provider-declared and unverified (file not downloaded). Provider 'date' field 31-12-2010 does not match the filename year 2011; legacy bulk upload, semantics of this field NOT established."
BM-062,Borsa Istanbul,3184#3028,"2000 Yilindan Itibaren Endekslerde Bulunan Sirketler (BIST 30, BIST 50 ve BIST 100 icin)",https://datastore.borsaistanbul.com/product-type/3184,2010,FULL_YEAR_AS_FOUR_QUARTER_COLUMNS,NA,2026-08-23T13:18:00Z,FIRST_PARTY_CATALOGUE_API_INVOKED_BY_PRODUCT_PAGE,DOWNLOAD_REQUIRES_ACCOUNT_AND_REGISTRATION_AGREEMENT,exsrk2010.zip,NA,327986,NOT_ACQUIRED,NA,CATALOG_ENTRY,NA,NA,XU030;XU050;XU100,QUARTER_COLUMN_Q1_Q4_NO_EFFECTIVE_DATE,NOT_ASSESSED,VISIBLE_NOT_ACQUIRED,"period=Q; accessType=G; price=0.0 TRY; provider snapshot publication date 08-06-2015; provider 'date' field 31-12-2009; raw_bytes is provider-declared and unverified (file not downloaded). Provider 'date' field 31-12-2009 does not match the filename year 2010; legacy bulk upload, semantics of this field NOT established."
BM-063,Borsa Istanbul,3184#3016,"2000 Yilindan Itibaren Endekslerde Bulunan Sirketler (BIST 30, BIST 50 ve BIST 100 icin)",https://datastore.borsaistanbul.com/product-type/3184,2009,FULL_YEAR_AS_FOUR_QUARTER_COLUMNS,NA,2026-08-23T13:18:00Z,FIRST_PARTY_CATALOGUE_API_INVOKED_BY_PRODUCT_PAGE,DOWNLOAD_REQUIRES_ACCOUNT_AND_REGISTRATION_AGREEMENT,exsrk2009.zip,NA,473399,NOT_ACQUIRED,NA,CATALOG_ENTRY,NA,NA,XU030;XU050;XU100,QUARTER_COLUMN_Q1_Q4_NO_EFFECTIVE_DATE,NOT_ASSESSED,VISIBLE_NOT_ACQUIRED,"period=Q; accessType=G; price=0.0 TRY; provider snapshot publication date 08-06-2015; provider 'date' field 31-12-2008; raw_bytes is provider-declared and unverified (file not downloaded). Provider 'date' field 31-12-2008 does not match the filename year 2009; legacy bulk upload, semantics of this field NOT established."
BM-064,Borsa Istanbul,3184#3015,"2000 Yilindan Itibaren Endekslerde Bulunan Sirketler (BIST 30, BIST 50 ve BIST 100 icin)",https://datastore.borsaistanbul.com/product-type/3184,2008,FULL_YEAR_AS_FOUR_QUARTER_COLUMNS,NA,2026-08-23T13:18:00Z,FIRST_PARTY_CATALOGUE_API_INVOKED_BY_PRODUCT_PAGE,DOWNLOAD_REQUIRES_ACCOUNT_AND_REGISTRATION_AGREEMENT,exsrk2008.zip,NA,481408,NOT_ACQUIRED,NA,CATALOG_ENTRY,NA,NA,XU030;XU050;XU100,QUARTER_COLUMN_Q1_Q4_NO_EFFECTIVE_DATE,NOT_ASSESSED,VISIBLE_NOT_ACQUIRED,"period=Q; accessType=G; price=0.0 TRY; provider snapshot publication date 08-06-2015; provider 'date' field 31-12-2007; raw_bytes is provider-declared and unverified (file not downloaded). Provider 'date' field 31-12-2007 does not match the filename year 2008; legacy bulk upload, semantics of this field NOT established."
BM-065,Borsa Istanbul,3184#3027,"2000 Yilindan Itibaren Endekslerde Bulunan Sirketler (BIST 30, BIST 50 ve BIST 100 icin)",https://datastore.borsaistanbul.com/product-type/3184,2007,FULL_YEAR_AS_FOUR_QUARTER_COLUMNS,NA,2026-08-23T13:18:00Z,FIRST_PARTY_CATALOGUE_API_INVOKED_BY_PRODUCT_PAGE,DOWNLOAD_REQUIRES_ACCOUNT_AND_REGISTRATION_AGREEMENT,exsrk2007.zip,NA,336740,NOT_ACQUIRED,NA,CATALOG_ENTRY,NA,NA,XU030;XU050;XU100,QUARTER_COLUMN_Q1_Q4_NO_EFFECTIVE_DATE,NOT_ASSESSED,VISIBLE_NOT_ACQUIRED,"period=Q; accessType=G; price=0.0 TRY; provider snapshot publication date 08-06-2015; provider 'date' field 31-12-2006; raw_bytes is provider-declared and unverified (file not downloaded). Provider 'date' field 31-12-2006 does not match the filename year 2007; legacy bulk upload, semantics of this field NOT established."
BM-066,Borsa Istanbul,3184#3026,"2000 Yilindan Itibaren Endekslerde Bulunan Sirketler (BIST 30, BIST 50 ve BIST 100 icin)",https://datastore.borsaistanbul.com/product-type/3184,2006,FULL_YEAR_AS_FOUR_QUARTER_COLUMNS,NA,2026-08-23T13:18:00Z,FIRST_PARTY_CATALOGUE_API_INVOKED_BY_PRODUCT_PAGE,DOWNLOAD_REQUIRES_ACCOUNT_AND_REGISTRATION_AGREEMENT,exsrk2006.zip,NA,26936,NOT_ACQUIRED,NA,CATALOG_ENTRY,NA,NA,XU030;XU050;XU100,QUARTER_COLUMN_Q1_Q4_NO_EFFECTIVE_DATE,NOT_ASSESSED,VISIBLE_NOT_ACQUIRED,"period=Q; accessType=G; price=0.0 TRY; provider snapshot publication date 08-06-2015; provider 'date' field 31-12-2005; raw_bytes is provider-declared and unverified (file not downloaded). Provider 'date' field 31-12-2005 does not match the filename year 2006; legacy bulk upload, semantics of this field NOT established."
BM-067,Borsa Istanbul,3184#3024,"2000 Yilindan Itibaren Endekslerde Bulunan Sirketler (BIST 30, BIST 50 ve BIST 100 icin)",https://datastore.borsaistanbul.com/product-type/3184,2005,FULL_YEAR_AS_FOUR_QUARTER_COLUMNS,NA,2026-08-23T13:18:00Z,FIRST_PARTY_CATALOGUE_API_INVOKED_BY_PRODUCT_PAGE,DOWNLOAD_REQUIRES_ACCOUNT_AND_REGISTRATION_AGREEMENT,exsrk2005.zip,NA,23605,NOT_ACQUIRED,NA,CATALOG_ENTRY,NA,NA,XU030;XU050;XU100,QUARTER_COLUMN_Q1_Q4_NO_EFFECTIVE_DATE,NOT_ASSESSED,VISIBLE_NOT_ACQUIRED,"period=Q; accessType=G; price=0.0 TRY; provider snapshot publication date 08-06-2015; provider 'date' field 31-12-2004; raw_bytes is provider-declared and unverified (file not downloaded). Provider 'date' field 31-12-2004 does not match the filename year 2005; legacy bulk upload, semantics of this field NOT established."
BM-068,Borsa Istanbul,3184#3021,"2000 Yilindan Itibaren Endekslerde Bulunan Sirketler (BIST 30, BIST 50 ve BIST 100 icin)",https://datastore.borsaistanbul.com/product-type/3184,2004,FULL_YEAR_AS_FOUR_QUARTER_COLUMNS,NA,2026-08-23T13:18:00Z,FIRST_PARTY_CATALOGUE_API_INVOKED_BY_PRODUCT_PAGE,DOWNLOAD_REQUIRES_ACCOUNT_AND_REGISTRATION_AGREEMENT,exsrk2004.zip,NA,24361,NOT_ACQUIRED,NA,CATALOG_ENTRY,NA,NA,XU030;XU050;XU100,QUARTER_COLUMN_Q1_Q4_NO_EFFECTIVE_DATE,NOT_ASSESSED,VISIBLE_NOT_ACQUIRED,"period=Q; accessType=G; price=0.0 TRY; provider snapshot publication date 08-06-2015; provider 'date' field 31-12-2003; raw_bytes is provider-declared and unverified (file not downloaded). Provider 'date' field 31-12-2003 does not match the filename year 2004; legacy bulk upload, semantics of this field NOT established."
BM-069,Borsa Istanbul,3184#3020,"2000 Yilindan Itibaren Endekslerde Bulunan Sirketler (BIST 30, BIST 50 ve BIST 100 icin)",https://datastore.borsaistanbul.com/product-type/3184,2003,FULL_YEAR_AS_FOUR_QUARTER_COLUMNS,NA,2026-08-23T13:18:00Z,FIRST_PARTY_CATALOGUE_API_INVOKED_BY_PRODUCT_PAGE,DOWNLOAD_REQUIRES_ACCOUNT_AND_REGISTRATION_AGREEMENT,exsrk2003.zip,NA,26751,NOT_ACQUIRED,NA,CATALOG_ENTRY,NA,NA,XU030;XU050;XU100,QUARTER_COLUMN_Q1_Q4_NO_EFFECTIVE_DATE,NOT_ASSESSED,VISIBLE_NOT_ACQUIRED,"period=Q; accessType=G; price=0.0 TRY; provider snapshot publication date 08-06-2015; provider 'date' field 31-12-2002; raw_bytes is provider-declared and unverified (file not downloaded). Provider 'date' field 31-12-2002 does not match the filename year 2003; legacy bulk upload, semantics of this field NOT established."
BM-070,Borsa Istanbul,3184#3023,"2000 Yilindan Itibaren Endekslerde Bulunan Sirketler (BIST 30, BIST 50 ve BIST 100 icin)",https://datastore.borsaistanbul.com/product-type/3184,2002,FULL_YEAR_AS_FOUR_QUARTER_COLUMNS,NA,2026-08-23T13:18:00Z,FIRST_PARTY_CATALOGUE_API_INVOKED_BY_PRODUCT_PAGE,DOWNLOAD_REQUIRES_ACCOUNT_AND_REGISTRATION_AGREEMENT,exsrk2002.zip,NA,26795,NOT_ACQUIRED,NA,CATALOG_ENTRY,NA,NA,XU030;XU050;XU100,QUARTER_COLUMN_Q1_Q4_NO_EFFECTIVE_DATE,NOT_ASSESSED,VISIBLE_NOT_ACQUIRED,"period=Q; accessType=G; price=0.0 TRY; provider snapshot publication date 08-06-2015; provider 'date' field 31-12-2001; raw_bytes is provider-declared and unverified (file not downloaded). Provider 'date' field 31-12-2001 does not match the filename year 2002; legacy bulk upload, semantics of this field NOT established."
BM-071,Borsa Istanbul,3184#3029,"2000 Yilindan Itibaren Endekslerde Bulunan Sirketler (BIST 30, BIST 50 ve BIST 100 icin)",https://datastore.borsaistanbul.com/product-type/3184,2001,FULL_YEAR_AS_FOUR_QUARTER_COLUMNS,NA,2026-08-23T13:18:00Z,FIRST_PARTY_CATALOGUE_API_INVOKED_BY_PRODUCT_PAGE,DOWNLOAD_REQUIRES_ACCOUNT_AND_REGISTRATION_AGREEMENT,exsrk2001.zip,NA,28124,NOT_ACQUIRED,NA,CATALOG_ENTRY,NA,NA,XU030;XU050;XU100,QUARTER_COLUMN_Q1_Q4_NO_EFFECTIVE_DATE,NOT_ASSESSED,VISIBLE_NOT_ACQUIRED,"period=Q; accessType=G; price=0.0 TRY; provider snapshot publication date 08-06-2015; provider 'date' field 31-12-2000; raw_bytes is provider-declared and unverified (file not downloaded). Provider 'date' field 31-12-2000 does not match the filename year 2001; legacy bulk upload, semantics of this field NOT established."
BM-072,Borsa Istanbul,3184#3022,"2000 Yilindan Itibaren Endekslerde Bulunan Sirketler (BIST 30, BIST 50 ve BIST 100 icin)",https://datastore.borsaistanbul.com/product-type/3184,2000,FULL_YEAR_AS_FOUR_QUARTER_COLUMNS,NA,2026-08-23T13:18:00Z,FIRST_PARTY_CATALOGUE_API_INVOKED_BY_PRODUCT_PAGE,DOWNLOAD_REQUIRES_ACCOUNT_AND_REGISTRATION_AGREEMENT,exsrk2000.zip,NA,27476,NOT_ACQUIRED,NA,CATALOG_ENTRY,NA,NA,XU030;XU050;XU100,QUARTER_COLUMN_Q1_Q4_NO_EFFECTIVE_DATE,NOT_ASSESSED,VISIBLE_NOT_ACQUIRED,"period=Q; accessType=G; price=0.0 TRY; provider snapshot publication date 08-06-2015; provider 'date' field 31-12-1999; raw_bytes is provider-declared and unverified (file not downloaded). Provider 'date' field 31-12-1999 does not match the filename year 2000; legacy bulk upload, semantics of this field NOT established."
BM-073,Borsa Istanbul,borsaistanbul.com/duyurular,Borsa Istanbul announcements index (candidate event-evidence route),https://www.borsaistanbul.com/duyurular,UNKNOWN,UNKNOWN,UNKNOWN,2026-08-23T13:18:00Z,LINK_DISCOVERED_ON_FIRST_PARTY_HOMEPAGE,PUBLIC_ANONYMOUS,NA,NA,NA,NOT_ACQUIRED,NA,EVENT_SOURCE_CANDIDATE,NA,NA,UNKNOWN,UNKNOWN,UNKNOWN,NOT_ASSESSED,Route exists and the domain root responded 200; whether it publishes effective-dated index-composition changes back to 2017 was NOT assessed by this task and must not be assumed.
BM-074,Borsa Istanbul,3184#1132521,"2000 Yilindan Itibaren Endekslerde Bulunan Sirketler (BIST 30, BIST 50 ve BIST 100 icin)",PRIVATE_LOCAL_ARCHIVE:P3184_2020/exsrk2020_all/exsrk2020 (1).zip,2020,FULL_YEAR_AS_FOUR_QUARTER_COLUMNS,NA,NA,PRIVATE_EVIDENCE_ARCHIVE_LOCAL_FILE,PRIVATE_LOCAL_RAW,exsrk2020 (1).zip,ed59e80e386c9b54058215996ef186849aa3bca144e0cc7f59227f92a889d73c,58631,PRIVATE_LOCAL_RAW,PRIVATE_LOCAL_RAW:P3184_2020/exsrk2020_all/exsrk2020 (1).zip,ARCHIVE_ACQUISITION_STATE_UPDATE,NA,NA,XU030;XU050;XU100,QUARTER_COLUMN_Q1_Q4_NO_EFFECTIVE_DATE,BINDING_BY_DECLARED_SIZE,ACQUIRED,"State-update evidence for catalogue object 3184#1132521 (Product 3184, 2020). The earlier row BM-031 remains accurate for its earlier catalogue observation (2026-08-23, VISIBLE_NOT_ACQUIRED, no bytes held at that time). This row updates later archive-state evidence only: private archive file exsrk2020 (1).zip, 58631 bytes on disk, SHA-256 ed59e80e386c9b54058215996ef186849aa3bca144e0cc7f59227f92a889d73c; local archive file identity is digest-confirmed. Catalogue-object assignment remains declared-size based only (catalogue-declared 58631 bytes); this is not provider proof and not a cryptographic object-binding claim. ZIP member exsrk2020.xls internal timestamp 2020-10-01 09:46 corroborates but does not prove the declared-size mapping (no timezone, not a provider digest, independently settable); see BIST_MEMBERSHIP_P3184_2020_RECONCILIATION.md normalization addendum. Archive inspection occurred during the 2026-08-25 provenance-normalization work at day-level only. The original owner acquisition/download time for this object remains unknown and is not evidenced anywhere; separately, the linked P3184 archive row P3184-2020-12 records a later inspection/access timestamp (2026-08-25T00:24:00Z), which is not treated as the original acquisition timestamp. access_date_utc on this state-update row is recorded as NA by policy for that reason, not because no timestamp exists at all; no timestamp is invented. Full detail recorded at source_id P3184-2020-12 in bist_membership_p3184_2020_sources.csv."
BM-075,Borsa Istanbul,3184#1132519,"2000 Yilindan Itibaren Endekslerde Bulunan Sirketler (BIST 30, BIST 50 ve BIST 100 icin)",PRIVATE_LOCAL_ARCHIVE:P3184_2020/exsrk2020_all/exsrk2020.zip,2020,FULL_YEAR_AS_FOUR_QUARTER_COLUMNS,NA,NA,PRIVATE_EVIDENCE_ARCHIVE_LOCAL_FILE,PRIVATE_LOCAL_RAW,exsrk2020.zip,5ad33b895bea97647ed6809f45609f2fc0782fa9f887117aa59c26ae1cf145a8,58823,PRIVATE_LOCAL_RAW,PRIVATE_LOCAL_RAW:P3184_2020/exsrk2020_all/exsrk2020.zip,ARCHIVE_ACQUISITION_STATE_UPDATE,NA,NA,XU030;XU050;XU100,QUARTER_COLUMN_Q1_Q4_NO_EFFECTIVE_DATE,BINDING_BY_DECLARED_SIZE,ACQUIRED,"State-update evidence for catalogue object 3184#1132519 (Product 3184, 2020). The earlier row BM-032 remains accurate for its earlier catalogue observation (2026-08-23, VISIBLE_NOT_ACQUIRED, no bytes held at that time). This row updates later archive-state evidence only: private archive file exsrk2020.zip, 58823 bytes on disk, SHA-256 5ad33b895bea97647ed6809f45609f2fc0782fa9f887117aa59c26ae1cf145a8; local archive file identity is digest-confirmed. Catalogue-object assignment remains declared-size based only (catalogue-declared 58823 bytes); this is not provider proof and not a cryptographic object-binding claim. ZIP member exsrk2020.xls internal timestamp 2020-10-01 09:42 corroborates but does not prove the declared-size mapping (no timezone, not a provider digest, independently settable); see BIST_MEMBERSHIP_P3184_2020_RECONCILIATION.md normalization addendum. Archive inspection occurred during the 2026-08-25 provenance-normalization work at day-level only. The original owner acquisition/download time for this object remains unknown and is not evidenced anywhere; separately, the linked P3184 archive row P3184-2020-13 records a later inspection/access timestamp (2026-08-25T00:24:00Z), which is not treated as the original acquisition timestamp. access_date_utc on this state-update row is recorded as NA by policy for that reason, not because no timestamp exists at all; no timestamp is invented. Full detail recorded at source_id P3184-2020-13 in bist_membership_p3184_2020_sources.csv."
BM-076,Borsa Istanbul,3184#1068011,"2000 Yilindan Itibaren Endekslerde Bulunan Sirketler (BIST 30, BIST 50 ve BIST 100 icin)",PRIVATE_LOCAL_ARCHIVE:P3184_2020/exsrk2020_all/exsrk2020 (2).zip,2020,FULL_YEAR_AS_FOUR_QUARTER_COLUMNS,NA,NA,PRIVATE_EVIDENCE_ARCHIVE_LOCAL_FILE,PRIVATE_LOCAL_RAW,exsrk2020 (2).zip,ed6cd6f201b91388593e82ca6c2f88ced74f42a58038f3f855977574ce18f8a4,59259,PRIVATE_LOCAL_RAW,PRIVATE_LOCAL_RAW:P3184_2020/exsrk2020_all/exsrk2020 (2).zip,ARCHIVE_ACQUISITION_STATE_UPDATE,NA,NA,XU030;XU050;XU100,QUARTER_COLUMN_Q1_Q4_NO_EFFECTIVE_DATE,BINDING_BY_DECLARED_SIZE,ACQUIRED,"State-update evidence for catalogue object 3184#1068011 (Product 3184, 2020). The earlier row BM-033 remains accurate for its earlier catalogue observation (2026-08-23, VISIBLE_NOT_ACQUIRED, no bytes held at that time). This row updates later archive-state evidence only: private archive file exsrk2020 (2).zip, 59259 bytes on disk, SHA-256 ed6cd6f201b91388593e82ca6c2f88ced74f42a58038f3f855977574ce18f8a4; local archive file identity is digest-confirmed. Catalogue-object assignment remains declared-size based only (catalogue-declared 59259 bytes); this is not provider proof and not a cryptographic object-binding claim. ZIP member exsrk2020.xls internal timestamp 2020-07-28 14:39 corroborates but does not prove the declared-size mapping (no timezone, not a provider digest, independently settable); see BIST_MEMBERSHIP_P3184_2020_RECONCILIATION.md normalization addendum. Archive inspection occurred during the 2026-08-25 provenance-normalization work at day-level only; the exact UTC acquisition/inspection timestamp is not evidenced and access_date_utc is recorded as NA rather than invented. Full detail recorded at source_id P3184-2020-14 in bist_membership_p3184_2020_sources.csv."
BM-077,Borsa Istanbul,3184#1006269,"2000 Yilindan Itibaren Endekslerde Bulunan Sirketler (BIST 30, BIST 50 ve BIST 100 icin)",PRIVATE_LOCAL_ARCHIVE:P3184_2020/exsrk2020_all/exsrk2020 (3).zip,2020,FULL_YEAR_AS_FOUR_QUARTER_COLUMNS,NA,NA,PRIVATE_EVIDENCE_ARCHIVE_LOCAL_FILE,PRIVATE_LOCAL_RAW,exsrk2020 (3).zip,4cfda8a811fcc69b3a4e932dc291f6ccc2198d1b45ccbc43c81042d48fc9aa5d,57733,PRIVATE_LOCAL_RAW,PRIVATE_LOCAL_RAW:P3184_2020/exsrk2020_all/exsrk2020 (3).zip,ARCHIVE_ACQUISITION_STATE_UPDATE,NA,NA,XU030;XU050;XU100,QUARTER_COLUMN_Q1_Q4_NO_EFFECTIVE_DATE,BINDING_BY_DECLARED_SIZE,ACQUIRED,"State-update evidence for catalogue object 3184#1006269 (Product 3184, 2020). The earlier row BM-034 remains accurate for its earlier catalogue observation (2026-08-23, VISIBLE_NOT_ACQUIRED, no bytes held at that time). This row updates later archive-state evidence only: private archive file exsrk2020 (3).zip, 57733 bytes on disk, SHA-256 4cfda8a811fcc69b3a4e932dc291f6ccc2198d1b45ccbc43c81042d48fc9aa5d; local archive file identity is digest-confirmed. Catalogue-object assignment remains declared-size based only (catalogue-declared 57733 bytes); this is not provider proof and not a cryptographic object-binding claim. ZIP member exsrk2020.xls internal timestamp 2020-05-22 12:55 corroborates but does not prove the declared-size mapping (no timezone, not a provider digest, independently settable); see BIST_MEMBERSHIP_P3184_2020_RECONCILIATION.md normalization addendum. The 22-05-2020 publication date is treated as a within-file republication/revision checkpoint, not a proven extraordinary membership event. Archive inspection occurred during the 2026-08-25 provenance-normalization work at day-level only; the exact UTC acquisition/inspection timestamp is not evidenced and access_date_utc is recorded as NA rather than invented. Full detail recorded at source_id P3184-2020-15 in bist_membership_p3184_2020_sources.csv."
BM-078,Borsa Istanbul,3184#982927,"2000 Yilindan Itibaren Endekslerde Bulunan Sirketler (BIST 30, BIST 50 ve BIST 100 icin)",PRIVATE_LOCAL_ARCHIVE:P3184_2020/exsrk2020_all/exsrk2020 (5).zip,2020,FULL_YEAR_AS_FOUR_QUARTER_COLUMNS,NA,NA,PRIVATE_EVIDENCE_ARCHIVE_LOCAL_FILE,PRIVATE_LOCAL_RAW,exsrk2020 (5).zip,05f7be3911d8f05ed0f8029b6493ae4a76bd79267d42129ae1b00c3583f06cbd,55195,PRIVATE_LOCAL_RAW,PRIVATE_LOCAL_RAW:P3184_2020/exsrk2020_all/exsrk2020 (5).zip,ARCHIVE_ACQUISITION_STATE_UPDATE,NA,NA,XU030;XU050;XU100,QUARTER_COLUMN_Q1_Q4_NO_EFFECTIVE_DATE,BINDING_BY_DECLARED_SIZE,ACQUIRED,"State-update evidence for catalogue object 3184#982927 (Product 3184, 2020). The earlier row BM-035 remains accurate for its earlier catalogue observation (2026-08-23, VISIBLE_NOT_ACQUIRED, no bytes held at that time). This row updates later archive-state evidence only: private archive file exsrk2020 (5).zip, 55195 bytes on disk, SHA-256 05f7be3911d8f05ed0f8029b6493ae4a76bd79267d42129ae1b00c3583f06cbd; local archive file identity is digest-confirmed. Catalogue-object assignment remains declared-size based only (catalogue-declared 55195 bytes); this is not provider proof and not a cryptographic object-binding claim. ZIP member exsrk2020.xls internal timestamp 2020-04-27 13:02 corroborates but does not prove the declared-size mapping (no timezone, not a provider digest, independently settable); see BIST_MEMBERSHIP_P3184_2020_RECONCILIATION.md normalization addendum. Archive inspection occurred during the 2026-08-25 provenance-normalization work at day-level only; the exact UTC acquisition/inspection timestamp is not evidenced and access_date_utc is recorded as NA rather than invented. Full detail recorded at source_id P3184-2020-16 in bist_membership_p3184_2020_sources.csv."
BM-079,Borsa Istanbul,3184#982925,"2000 Yilindan Itibaren Endekslerde Bulunan Sirketler (BIST 30, BIST 50 ve BIST 100 icin)",PRIVATE_LOCAL_ARCHIVE:P3184_2020/exsrk2020_all/exsrk2020 (4).zip,2020,FULL_YEAR_AS_FOUR_QUARTER_COLUMNS,NA,NA,PRIVATE_EVIDENCE_ARCHIVE_LOCAL_FILE,PRIVATE_LOCAL_RAW,exsrk2020 (4).zip,52730e2c8cdd5883b6de9466b2a17433b0af66d01499c1c1c90fd28cadc6ce8d,56407,PRIVATE_LOCAL_RAW,PRIVATE_LOCAL_RAW:P3184_2020/exsrk2020_all/exsrk2020 (4).zip,ARCHIVE_ACQUISITION_STATE_UPDATE,NA,NA,XU030;XU050;XU100,QUARTER_COLUMN_Q1_Q4_NO_EFFECTIVE_DATE,BINDING_BY_DECLARED_SIZE,ACQUIRED,"State-update evidence for catalogue object 3184#982925 (Product 3184, 2020). The earlier row BM-036 remains accurate for its earlier catalogue observation (2026-08-23, VISIBLE_NOT_ACQUIRED, no bytes held at that time). This row updates later archive-state evidence only: private archive file exsrk2020 (4).zip, 56407 bytes on disk, SHA-256 52730e2c8cdd5883b6de9466b2a17433b0af66d01499c1c1c90fd28cadc6ce8d; local archive file identity is digest-confirmed. Catalogue-object assignment remains declared-size based only (catalogue-declared 56407 bytes); this is not provider proof and not a cryptographic object-binding claim. ZIP member exsrk2020.xls internal timestamp 2020-04-27 12:52 corroborates but does not prove the declared-size mapping (no timezone, not a provider digest, independently settable); see BIST_MEMBERSHIP_P3184_2020_RECONCILIATION.md normalization addendum. Archive inspection occurred during the 2026-08-25 provenance-normalization work at day-level only; the exact UTC acquisition/inspection timestamp is not evidenced and access_date_utc is recorded as NA rather than invented. Full detail recorded at source_id P3184-2020-17 in bist_membership_p3184_2020_sources.csv."
BM-080,Borsa Istanbul,3184#872590,"2000 Yilindan Itibaren Endekslerde Bulunan Sirketler (BIST 30, BIST 50 ve BIST 100 icin)",PRIVATE_LOCAL_ARCHIVE:P3184_2020/exsrk2020_all/exsrk2020 (6).zip,2020,FULL_YEAR_AS_FOUR_QUARTER_COLUMNS,NA,NA,PRIVATE_EVIDENCE_ARCHIVE_LOCAL_FILE,PRIVATE_LOCAL_RAW,exsrk2020 (6).zip,9baa68d05d537de9925d3984c1bd4ffce886723c5ecb8a2e7513cc0d33f9b8ed,55016,PRIVATE_LOCAL_RAW,PRIVATE_LOCAL_RAW:P3184_2020/exsrk2020_all/exsrk2020 (6).zip,ARCHIVE_ACQUISITION_STATE_UPDATE,NA,NA,XU030;XU050;XU100,QUARTER_COLUMN_Q1_Q4_NO_EFFECTIVE_DATE,BINDING_BY_DECLARED_SIZE,ACQUIRED,"State-update evidence for catalogue object 3184#872590 (Product 3184, 2020). The earlier row BM-037 remains accurate for its earlier catalogue observation (2026-08-23, VISIBLE_NOT_ACQUIRED, no bytes held at that time). This row updates later archive-state evidence only: private archive file exsrk2020 (6).zip, 55016 bytes on disk, SHA-256 9baa68d05d537de9925d3984c1bd4ffce886723c5ecb8a2e7513cc0d33f9b8ed; local archive file identity is digest-confirmed. Catalogue-object assignment remains declared-size based only (catalogue-declared 55016 bytes); this is not provider proof and not a cryptographic object-binding claim. ZIP member exsrk2020.xls internal timestamp 2020-01-02 11:14 corroborates but does not prove the declared-size mapping (no timezone, not a provider digest, independently settable); see BIST_MEMBERSHIP_P3184_2020_RECONCILIATION.md normalization addendum. Archive inspection occurred during the 2026-08-25 provenance-normalization work at day-level only; the exact UTC acquisition/inspection timestamp is not evidenced and access_date_utc is recorded as NA rather than invented. Full detail recorded at source_id P3184-2020-18 in bist_membership_p3184_2020_sources.csv."
