ticker,year,indices,annual_return_pct,price,daily_change_pct,volume,return_1w_pct,return_1m_pct,return_3m_pct,return_6m_pct,return_ytd_pct,return_1y_pct,return_3y_pct,return_5y_pct,market_cap,enterprise_value,pe,pb,ev_sales,ev_ebitda,peg,gross_margin_pct,ebitda_margin_pct,net_margin_pct,roe_pct,roic_pct,roa_pct,working_capital,net_debt,net_debt_ebitda,net_fin_exp_ebitda,current_ratio,leverage_ratio,financial_debt_ratio,revenue_growth_pct,gross_profit_growth_pct,ebitda_growth_pct,operating_income_growth_pct,net_income_growth_pct,total_assets,current_assets,non_current_assets,short_term_liabilities,long_term_liabilities,equity,revenue,gross_profit,operating_income,ebitda,net_income,free_cash_flow,ocf,icf,fcf_financing,source_file
AEFES,2023,"BIST TEMETTÜ (XTMTU), BIST SINAİ (XUSIN), BIST SÜRDÜRÜLEBİLİRLİK (XUSRD), BIST 100 (XU100), BIST 30 (XU030), BIST 50 (XU050), BIST KURUMSAL YÖNETİM (XKURY), BIST TÜM (XUTUM)",105.8015267175572,18.98,1.99,716498510.72,-1.145833333333329,13.11084624553038,-1.197293076522641,30.62629043358569,20.81476766390833,19.8989260897031,216.3333333333334,888.5416666666667,112381578917.4,167765622917.4,12.54698958176842,1.034714086241112,0.6879950657176279,4.242382292880707,-0.2623142005509841,37.6981855898891,16.21718690633272,3.67314389276124,8.194206905394882,8.743831638192157,2.048200044157177,3387272000.0,55384044000.0,1.400527017918382,-0.4917141661764042,1.032035162875319,47.04650365230977,22.48354066076161,-19.47576272020117,-22.83046081330746,-20.89268768853682,-24.54185744697499,-47.83191133157794,413578419000.0,109123335000.0,304455084000.0,105736063000.0,88838123000.0,108611239000.0,243847131000.0,91925944000.0,25729479000.0,39545145000.0,8956856000.0,-12944323000.0,34153496000.0,-47097819000.0,-20283573000.0,2023stocks.xlsx
ARCLK,2023,"BIST SINAİ (XUSIN), BIST SÜRDÜRÜLEBİLİRLİK (XUSRD), BIST 100 (XU100), BIST 50 (XU050), BIST KURUMSAL YÖNETİM (XKURY), BIST TÜM (XUTUM)",12.01185495118548,111.9,-0.36,293601126.2,-2.864583333333329,3.038674033149192,-1.84210526315789,1.175406871609425,10.79207920792081,-1.583113456464375,17.5420168067227,244.3076923076923,75613986139.5,245395095139.5,46.89673957668054,1.031365275038929,0.4350806234974587,7.316215204232801,0.04550748976781796,29.80078632593055,5.946729173984706,-1.394607791962152,-10.64656111287514,0.5539358163448908,-1.544846094386245,-15788398000.0,169781109000.0,5.061858022676359,-0.1811908835695651,0.9554610569655252,86.05257181976896,44.36478872650538,-8.771631425953212,-5.145859859025417,3.433315660307804,-92.85026164722133,36.37131488871179,561803151000.0,338696844000.0,223106307000.0,354485242000.0,128960818000.0,73314458000.0,130271680000.0,38821985000.0,234374000.0,7746904000.0,-1816779000.0,-19493908000.0,-16428422000.0,-3065486000.0,1508272000.0,2023stocks.xlsx
ASELS,2023,"BIST KATILIM TUM (XKTUM), BIST KATILIM TEMETTU (XKTMT), BIST TEMETTÜ (XTMTU), BIST KATILIM 100 (XK100), BIST SÜRDÜRÜLEBİLİRLİK (XUSRD), BIST 100 (XU100), BIST 30 (XU030), BIST 50 (XU050), BIST KURUMSAL YÖNETİM (XKURY), BIST TÜM (XUTUM)",39.51537744641195,420.25,-1.23,11475700075.0,5.989911727616644,31.22560499609679,38.58202802967847,106.409626719057,81.37678031937853,211.2962962962963,1786.220825852783,5602.170963364993,1916340000000.0,1938424087000.0,53.9517993264902,6.817923062196316,9.546712494882343,35.90665316380595,0.9296337033869083,30.71558453672557,25.16426668376776,16.14686729357718,14.61287626389104,16.90965161258924,8.472935576406886,72793199000.0,22084087000.0,0.4090774860188352,-0.03047213301948641,1.539681050431323,41.70580086030744,10.94592663296361,15.02307482417689,18.04049383933082,28.28049981945516,-11.78975802809784,86.07414732856378,485018937000.0,207675087000.0,277343850000.0,134881888000.0,67399144000.0,281073867000.0,34305800000.0,10537227000.0,8549768000.0,8632803000.0,5539312000.0,-7716663000.0,5863229000.0,-13579892000.0,9128007000.0,2023stocks.xlsx
ASTOR,2023,"BIST TEMETTÜ (XTMTU), BIST SINAİ (XUSIN), BIST 100 (XU100), BIST 30 (XU030), BIST 50 (XU050), BIST KURUMSAL YÖNETİM (XKURY), BIST TÜM (XUTUM)",69.73758042123221,284.0,7.58,12780841517.5,36.60413660413658,45.64102564102564,77.72215269086357,189.2057026476578,142.9426860564585,186.434694906707,494.5153862256645,1636.49624188283,283432000000.0,275507255300.0,36.95858014191924,8.516552399830536,7.806779950556354,24.81469145743847,2.2265948761694,36.94966961725793,31.46031440264467,21.73063918744103,25.33602228118946,29.3086051080299,16.91523939254488,18497720596.0,-7924744700.0,-0.7137746495835053,0.02888187834261439,2.068181255071998,34.33854869786933,9.108880230216323,1.26805489174304,8.196858113868407,6.41772420881158,13.19101273168103,16.5986998970833,50684431646.0,35814744751.0,14869686895.0,17317024155.0,87274088.0,33280133403.0,35290767390.0,13039821956.0,9777395430.0,11102586376.0,7668909328.0,-4236730281.0,2756906505.0,-6993636786.0,844128375.0,2023stocks.xlsx
BIMAS,2023,"BIST KATILIM TUM (XKTUM), BIST KATILIM TEMETTU (XKTMT), BIST TEMETTÜ (XTMTU), BIST KATILIM 100 (XK100), BIST SÜRDÜRÜLEBİLİRLİK (XUSRD), BIST 100 (XU100), BIST 30 (XU030), BIST 50 (XU050), BIST TÜM (XUTUM)",120.7131901840491,741.5,1.99,4001778844.0,-2.817824377457399,8.565153733528547,11.67168674698796,38.7952979934112,38.21062441752096,68.49209234684602,407.1125700998495,1234.833483348335,444900000000.0,483474474000.0,23.87813552819681,2.686844407171516,0.6705028620639443,11.11828725274763,-1.019785316652027,19.3390599066872,6.0306308590673,2.583979591916266,11.66086578672868,1.897022136353347,5.761307364417715,3130249000.0,38574474000.0,0.8870831980172851,-0.1857024936955868,1.028888300504499,50.57739225089362,15.59520845282202,6.027242848535775,17.30763630076695,47.27296403964636,129.7852469748412,-23.41486500961707,338093384000.0,111487229000.0,226606155000.0,108356980000.0,62641837000.0,165584579000.0,721062506000.0,139446710000.0,15946069000.0,43484618000.0,18632108000.0,19794423000.0,40903032000.0,-21108609000.0,-19125094000.0,2023stocks.xlsx
BRSAN,2023,"BIST 50 (XU050), BIST 100 (XU100), BIST TÜM (XUTUM), BIST SINAİ (XUSIN)",602.3172905525846,547.0,-1.62,884830849.5,-1.530153015301522,5.90513068731849,-15.06211180124224,13.54436948624806,-1.441441441441441,50.68870523415978,358.8926174496644,2109.208400646203,77549055354.0,85342126354.0,60.98249089497908,2.055102959765921,1.194371662434362,17.87131182588993,0.04550748976781796,8.412569862143778,6.683178459815643,1.779702390262455,3.749371492218223,4.4117294317175,1.932233400896467,5709944000.0,7793071000.0,1.631930300688742,-0.234598575607754,1.179794213271216,50.47069532323828,17.39562312814938,29.76068677868155,66.65115047609014,102.5209895151026,79.38765433254392,36.37131488871179,76186969000.0,37468163000.0,38718806000.0,31758219000.0,6693874000.0,37734876000.0,71453576000.0,6011082000.0,3066266000.0,4775370000.0,1271661000.0,6181200000.0,9448192000.0,-3266992000.0,-3064157000.0,2023stocks.xlsx
BTCIM,2023,"BIST SINAİ (XUSIN), BIST SÜRDÜRÜLEBİLİRLİK (XUSRD), BIST 100 (XU100), BIST 50 (XU050), BIST KURUMSAL YÖNETİM (XKURY), BIST TÜM (XUTUM)",189.2307692307692,6.22,0.48,249027789.95,-4.160246533127903,4.537815126050404,28.77846790890268,41.68564920273349,63.25459317585299,17.58034026465027,486.7924528301886,1380.952380952381,34707600000.0,40065748000.0,46.89673957668054,1.587555194914349,2.803862672988239,29.50134563091498,0.04550748976781796,10.07374444547784,9.50418570077028,-1.600876672724969,-1.040132352621223,0.8448169022028215,-0.6355502453426706,110529000.0,5358148000.0,3.945329464199591,-1.494748910057367,1.021778632668599,30.35762841529901,15.65830993956671,-18.77374383654299,-31.03825916740164,-35.11179976139319,-1.794588086708604,36.37131488871179,35573935000.0,5185641000.0,30388294000.0,5075112000.0,5724291000.0,21862295000.0,14289483000.0,1439486000.0,-88634000.0,1358099000.0,-228757000.0,1084101000.0,1988994000.0,-904893000.0,-1205011000.0,2023stocks.xlsx
CANTE,2023,"BIST KATILIM TUM (XKTUM), BIST KATILIM 100 (XK100), BIST 100 (XU100), BIST 50 (XU050), BIST KURUMSAL YÖNETİM (XKURY), BIST TÜM (XUTUM)",-70.28795811518324,1.79,-0.56,725949700.95,4.67836257309942,9.146341463414643,1.371938164957442,-12.03261564197908,6.440535073205325,32.22426717168361,-18.43637159141355,1636.49624188283,17900000000.0,18067895716.0,46.89673957668054,0.640791407258151,2.933056200887289,8.338082944243663,0.04550748976781796,6.2713439652927,35.17662537660619,-27.73583629123429,-5.958179929072846,0.6512183916421744,-5.278277952663968,2546603519.0,167895716.0,0.07748154118199128,0.4104309711411243,2.221696571253344,6.990125871218335,2.189742354816806,-22.89678476982552,-70.73381430272273,-26.67562234081124,-1.794588086708604,36.37131488871179,30928456652.0,4631084706.0,26297371946.0,2084481187.0,77456863.0,27934207290.0,6160091890.0,386320551.0,-852791069.0,2166912447.0,-1708553002.0,763676808.0,-1738166101.0,2501842909.0,612134777.0,2023stocks.xlsx
CCOLA,2023,"BIST TEMETTÜ (XTMTU), BIST SINAİ (XUSIN), BIST SÜRDÜRÜLEBİLİRLİK (XUSRD), BIST 100 (XU100), BIST 50 (XU050), BIST KURUMSAL YÖNETİM (XKURY), BIST TÜM (XUTUM)",153.1147540983607,75.0,0.47,305270829.05,-4.33673469387756,6.458481192334986,4.311543810848391,45.91439688715954,27.55102040816327,47.00117600940808,265.4970760233918,1041.552511415525,209855895150.0,235449078150.0,14.91263934150022,2.767095689823313,1.257844856492776,7.15440714877117,-0.5438020146190479,35.56278859692421,17.58139885439455,7.517903430836165,19.25950290152667,13.86282686191656,7.311765140987912,9780354000.0,25593183000.0,0.7776800523226375,-0.3203068424659316,1.153209402274213,54.59206357752095,27.31983046048931,3.866631491881777,4.666509549579987,4.141241429103645,1.764301224034896,-27.42292036550663,190775353000.0,73616867000.0,117158486000.0,63836513000.0,40311689000.0,75839768000.0,187184514000.0,66568033000.0,25155601000.0,32909656000.0,14072351000.0,13743335000.0,27374133000.0,-13630798000.0,-19600533000.0,2023stocks.xlsx
CIMSA,2023,"BIST KATILIM TUM (XKTUM), BIST KATILIM TEMETTU (XKTMT), BIST TEMETTÜ (XTMTU), BIST SINAİ (XUSIN), BIST KATILIM 100 (XK100), BIST SÜRDÜRÜLEBİLİRLİK (XUSRD), BIST 100 (XU100), BIST 50 (XU050), BIST TÜM (XUTUM)",103.584229390681,57.6,0.7,768003369.35,2.309058614564833,20.1007785649735,13.68139778647637,23.08307904280744,25.78296593793998,25.03009653942303,399.0535764602568,1966.751913821276,54466047014.4,77842149014.4,14.7236235523491,1.566882818819355,1.541565679131548,8.550575670354151,4.108479036310211,14.35566735557795,12.63652135338397,5.507862873413412,10.97291727194727,5.030651499998334,4.011230183763919,-819393000.0,23376102000.0,2.567749369200244,-0.03074431466147427,0.9648189381351155,51.39651087197351,30.66873480197315,-0.1833223592780139,-7.160370550343541,2.671449127561783,-56.33857262022366,80.40531978700578,92966838000.0,22471348000.0,70495490000.0,23290741000.0,24490970000.0,34760766000.0,11631880000.0,1669834000.0,386284000.0,1469865000.0,640668000.0,-3926887000.0,-3241204000.0,-685683000.0,-693575000.0,2023stocks.xlsx
DOAS,2023,"BIST TEMETTÜ (XTMTU), BIST SÜRDÜRÜLEBİLİRLİK (XUSRD), BIST 100 (XU100), BIST 50 (XU050), BIST KURUMSAL YÖNETİM (XKURY), BIST TÜM (XUTUM)",51.6756503398172,180.5,0.11,199382535.3,-1.634877384196187,0.9942049033661675,-15.03801951217039,8.052036194449968,3.571409494201674,13.08865226597395,123.0057477776938,1197.920194927337,39710000000.0,64894576000.0,12.64214856036777,0.5913761306177866,0.2537116364641571,4.409443057781035,-0.1848476544066048,12.48121428891066,5.753824987408557,1.228035679075605,4.516868896495486,8.559795991757769,2.502214275776582,19981197000.0,25184576000.0,1.711236295100516,-0.5030363149684498,1.433344438113349,47.75630373688362,23.57945157557572,3.736515503942652,-19.32542887566231,-32.83493887197043,-45.88322780871864,-68.39225848416312,130369139000.0,66090470000.0,64278669000.0,46109273000.0,16150209000.0,67148466000.0,255780842000.0,31924555000.0,11506149000.0,14717182000.0,3141080000.0,-14188175000.0,-12805473000.0,-1382702000.0,6697491000.0,2023stocks.xlsx
DSTKF,2023,"BIST MALİ (XUMAL), BIST HALKA ARZ (XHARZ), BIST 100 (XU100), BIST 30 (XU030), BIST 50 (XU050), BIST TÜM (XUTUM)",69.73758042123221,2730.0,6.12,1196169855.0,8.118811881188122,45.05844845908609,241.25,324.5723172628304,391.8918918918919,1215.66265060241,296.8381634529827,1636.49624188283,909999999090.0,902512983090.0,241.6498040485637,74.5516841913645,128.6585155729449,284.7285725791873,3.081958156697462,45.18637325629234,45.18637325629234,53.68340110914163,44.82459892971745,16.96659003426437,10.43508231345989,21491341511.31579,-7487016000.0,-2.362035137997514,-1.21305656536785,1.605486929375312,74.83010164939655,0.0,42.99557933970183,5.603630940958229,5.603630940958229,-1.794588086708604,78.40787958896517,48495615000.0,98596299419.1579,175400085449.7105,77104957907.8421,66344431217.42105,12206297000.0,7014794000.0,3169731000.0,10267860592.31579,3169731000.0,3765780000.0,-4672835000.0,-4528328000.0,-144507000.0,9196904000.0,2023stocks.xlsx
ENKAI,2023,"BIST TEMETTÜ (XTMTU), BIST SÜRDÜRÜLEBİLİRLİK (XUSRD), BIST 100 (XU100), BIST 30 (XU030), BIST 50 (XU050), BIST KURUMSAL YÖNETİM (XKURY), BIST TÜM (XUTUM)",1.625207296849098,104.6,-0.29,630590845.4,-2.05992509363297,14.51171373716049,9.362490022868172,39.15630232428674,37.1235218956644,71.850323570542,334.298687042924,1612.179143798024,627600000000.0,414329489000.0,17.34501732318405,1.68159565550706,2.647352568131955,12.2063978537595,0.3726482899917433,23.68601908721001,21.68823759350582,23.11927101891463,11.08837513836718,5.1178156062825,8.448411262472474,202611578000.0,-213270511000.0,-6.283078508420121,0.0512340267171755,3.788457272327595,23.02375482189342,1.400828177627218,55.66433152590219,46.56788617505266,47.64039657864126,49.57237112784911,46.54527550245396,493059685000.0,275272393000.0,217787292000.0,72660815000.0,40860038000.0,373216949000.0,156507106000.0,37070303000.0,28883252000.0,33943633000.0,36183302000.0,20599398000.0,26597340000.0,-5997942000.0,-17849105000.0,2023stocks.xlsx
EREGL,2023,"BIST KATILIM TUM (XKTUM), BIST KATILIM 100 (XK100), BIST SINAİ (XUSIN), BIST SÜRDÜRÜLEBİLİRLİK (XUSRD), BIST 100 (XU100), BIST 30 (XU030), BIST 50 (XU050), BIST KURUMSAL YÖNETİM (XKURY), BIST TÜM (XUTUM)",-4.156712852365033,35.12,4.15,7788213099.24,7.73006134969323,24.45074415308292,24.62739531582683,27.80203784570597,47.43912678421495,57.559443696725,116.5228113440197,329.8653610771113,245840000000.0,277311275000.0,523.8797446235413,0.8319561279455527,1.289519251800106,12.52316782168962,-5.552467056595595,8.051656729554823,9.751198658513777,0.6431381151065027,0.1712703905523716,1.451706607627281,0.09097983293618113,130452731000.0,31471275000.0,1.421219019628917,-0.1051872166821864,2.030442529268359,47.1433832273448,26.98363686716349,11.46748113494189,26.42180562329629,41.00850850002011,27.92386642366773,-9.975163524387355,576746036000.0,257051476000.0,319694560000.0,126598745000.0,145298849000.0,295496351000.0,59684847000.0,4805619000.0,2427230000.0,5819988000.0,383856000.0,14793422000.0,18061920000.0,-3268498000.0,-10426830000.0,2023stocks.xlsx
FROTO,2023,"BIST TEMETTÜ (XTMTU), BIST SINAİ (XUSIN), BIST SÜRDÜRÜLEBİLİRLİK (XUSRD), BIST 100 (XU100), BIST 30 (XU030), BIST 50 (XU050), BIST KURUMSAL YÖNETİM (XKURY), BIST TÜM (XUTUM)",45.44028680259913,98.0,-0.05,1568062451.95,-4.203323558162268,-3.066271018793259,-10.85015020289373,8.82905220024675,9.404618693264794,21.99227249886849,122.7277064805753,649.1750127073898,343891800000.0,443085316000.0,10.1185910077742,2.204142298076892,0.5333057524920747,8.503688777169332,-0.3048751000897564,8.351153740036807,6.271463672611017,4.090634612786905,22.15242087125068,9.30990498714738,7.737341445446545,42833128000.0,99193516000.0,1.903720927590312,-0.5938945636616719,1.237140354858528,65.38876319946884,36.19666292094078,6.680383640373072,-2.92294296792062,-0.1511537551296903,12.29578595606876,-33.1892995026332,450780450000.0,223456658000.0,227323792000.0,180623530000.0,114136231000.0,156020689000.0,830827933000.0,69383718000.0,42603202000.0,52105072000.0,33986135000.0,81370352000.0,105099896000.0,-23729544000.0,-34769707000.0,2023stocks.xlsx
GUBRF,2023,"BIST KATILIM TUM (XKTUM), BIST KATILIM 100 (XK100), BIST SINAİ (XUSIN), BIST 100 (XU100), BIST 30 (XU030), BIST 50 (XU050), BIST TÜM (XUTUM)",-44.1944847605225,530.5,0.47,764877602.5,2.710551790900297,12.09720021130481,10.40582726326743,67.61453396524487,52.44252873563218,93.26047358834245,162.4938149430975,776.1354252683733,177187000000.0,176781223247.0,33.58663678740731,5.946484872587396,3.367507755826497,15.98703894079233,0.04550748976781796,24.79583218107864,21.06398669758667,10.04934618398041,20.44192952631365,19.30527732581072,8.968972743435701,12788049708.0,-405776753.0,-0.0366960281885557,0.1136124022802511,1.475274602025875,44.202511570063,14.98325300864524,31.15151354937974,77.1064392126098,89.41980288970892,133.6691821284864,36.37131488871179,64461257675.0,39694704626.0,24766553049.0,26906654918.0,1586839964.0,29796931094.0,52496159197.0,13016859536.0,9569918057.0,11057783990.0,5275520771.0,7360972485.0,8374965936.0,-1013993451.0,-2248796558.0,2023stocks.xlsx
HEKTS,2023,"BIST SINAİ (XUSIN), BIST SÜRDÜRÜLEBİLİRLİK (XUSRD), BIST 100 (XU100), BIST 50 (XU050), BIST TÜM (XUTUM)",-46.64206642066421,3.43,3.94,1008097900.96,5.864197530864203,19.93006993006993,2.083333333333343,-3.921568627450966,12.09150326797386,11.0032362459547,-64.60268317853456,236.2745098039215,28914900000.0,37045776052.0,46.89673957668054,2.071866810351821,6.045413479005643,57.2530112963621,0.04550748976781796,-9.681230683687899,-26.98343337829387,-66.02741649576222,-25.30185036242192,-10.46639773193465,-13.65881106274164,-5503229867.0,8130876052.0,2.791092340904628,1.783534754580129,0.529056677213061,49.96620939080297,35.77778203643693,-3.810143133367588,7.193859483812521,10.33073241836171,-1.794588086708604,36.37131488871179,27729906985.0,6182316144.0,21547590841.0,11685546011.0,2170037377.0,13955964667.0,6127914357.0,-593257525.0,-3153565149.0,-1653521688.0,-4046103535.0,540885615.0,1932502053.0,-1391616438.0,-1392524967.0,2023stocks.xlsx
KONTR,2023,"BIST KATILIM TUM (XKTUM), BIST KATILIM 100 (XK100), BIST SÜRDÜRÜLEBİLİRLİK (XUSRD), BIST 100 (XU100), BIST 50 (XU050), BIST KURUMSAL YÖNETİM (XKURY), BIST TÜM (XUTUM)",31.79741051028179,10.41,-0.19,6038532485.97,-11.02564102564102,20.76566125290024,6.441717791411051,-36.01720958819914,-9.635416666666657,-25.85470085470085,-50.61669829222011,402.8985507246377,13533000000.0,27764101204.0,46.89673957668054,2.31672242181384,1.643514728789167,79.22012257737045,0.04550748976781796,7.396516373902166,2.074617755336122,-4.322447900153376,-12.52912652878136,-2.871774596493348,-2.066635726658783,-650066318.0,14231101204.0,40.60601758753926,-11.38523830217104,0.9648147645345295,80.42298659547971,39.41788384120797,30.26187109031774,-32.02076101617211,-76.52379336892136,-19.74615179899992,36.37131488871179,37325594543.0,17825476318.0,19500118225.0,18475542636.0,11542815260.0,5841442148.0,16893125883.0,1249502822.0,714905461.0,350467789.0,-730196565.0,-2959485863.0,1498268158.0,-4457754021.0,958036115.0,2023stocks.xlsx
KRDMD,2023,"BIST KATILIM TUM (XKTUM), BIST KATILIM 100 (XK100), BIST SINAİ (XUSIN), BIST 100 (XU100), BIST 30 (XU030), BIST 50 (XU050), BIST TÜM (XUTUM)",29.55288985823339,38.52,2.18,2867810401.46,6.526548672566392,24.66019417475729,32.55333792154164,40.48140043763678,52.49406175771972,65.89147286821708,159.7437626432907,480.1204819277109,49474671331.0,55243124258.0,46.89673957668054,0.584443490857288,0.8279972072548416,8.083809810034516,0.04550748976781796,7.772462788765722,10.24266066016348,-2.517296943896286,-2.210207121736284,2.385554429766044,-1.433425974012343,10839563116.0,5768452927.0,0.8441064292856693,-0.3087609400914352,1.421263182175259,33.36784730935516,6.858882213245589,-9.783235373406711,29.77258990220634,24.68840194551919,-1.794588086708604,36.37131488871179,127044704940.0,36570658485.0,90474046455.0,25731095369.0,16660987790.0,84652617584.0,66718974139.0,5185707438.0,1223249120.0,6833798117.0,-1679514697.0,-2575724328.0,2475719363.0,-5051443691.0,2703695113.0,2023stocks.xlsx
KUYAS,2023,"BIST KATILIM TUM (XKTUM), BIST GERİ ALIM (XUGRA), BIST KATILIM 100 (XK100), BIST 100 (XU100), BIST 50 (XU050), BIST TÜM (XUTUM)",102.571860816944,83.1,-1.77,1137335203.3,-11.78343949044587,8.41487279843443,54.03151065801666,63.26129666011786,55.32710280373831,110.9137055837564,936.1596009975062,15009.09090909091,33240000000.0,33903098337.0,46.89673957668054,23.18363539992147,28.49185188974414,318.5790404635365,0.04550748976781796,22.19864082839775,8.943416945536697,-110.2501412707438,-65.42250612152354,1.193315793597249,-28.22774158159138,80717986.0,663098337.0,6.230971276860584,-6.786929086529708,1.024097507273771,71.5307211596518,52.02470310122926,-18.9303538799043,-66.80823364251552,-84.57395728320287,-1.794588086708604,36.37131488871179,5038522040.0,3430358473.0,1608163567.0,3349640487.0,254450664.0,1433769960.0,1189922595.0,264146643.0,-113579798.0,106419739.0,-1311891342.0,-715290576.0,-1089792319.0,374501743.0,707434141.0,2023stocks.xlsx
MAVI,2023,"BIST KATILIM TUM (XKTUM), BIST KATILIM TEMETTU (XKTMT), BIST GERİ ALIM (XUGRA), BIST TEMETTÜ (XTMTU), BIST KATILIM 100 (XK100), BIST SÜRDÜRÜLEBİLİRLİK (XUSRD), BIST 100 (XU100), BIST 50 (XU050), BIST TÜM (XUTUM)",78.44155844155844,43.32,0.74,210698273.34,-0.8695652173913118,2.897862232779104,-10.38477451386017,7.493796526054595,-0.4595588235294201,39.11368015414257,264.6464646464646,1720.168067226891,34418259840.0,30361014840.0,15.00669485905333,2.478425364228854,0.6361097157042885,3.434131003872883,-0.4220622626377232,50.9920748532801,18.52316393832699,4.805289993165821,16.84454707815546,23.08127801869115,8.725915652986043,6970098000.0,-4057245000.0,-0.4589145296438396,-0.1882576100332995,1.634224377240455,48.36575576533898,16.53607965288347,-5.160630603014495,-3.834810812143546,-3.504101612681764,-10.7415742987154,-35.55564234828147,26981371000.0,17960054000.0,9021317000.0,10989956000.0,2059788000.0,13887148000.0,47729211000.0,24338115000.0,5644768000.0,8840960000.0,2293527000.0,7778346000.0,8870679000.0,-1092333000.0,-5682577000.0,2023stocks.xlsx
MGROS,2023,"BIST TEMETTÜ (XTMTU), BIST SÜRDÜRÜLEBİLİRLİK (XUSRD), BIST 100 (XU100), BIST 30 (XU030), BIST 50 (XU050), BIST KURUMSAL YÖNETİM (XKURY), BIST TÜM (XUTUM)",128.2454144746197,641.5,2.48,1287866174.0,-2.43346007604562,6.473029045643159,0.7064364207221416,42.48906066058063,22.89272030651341,36.93512925053898,289.6379980563654,1771.899620659469,116146290469.5,120037557469.5,17.95947977997968,1.469573268848448,0.2908193526150988,4.393760450245159,-0.8138975583992443,24.31140376010957,6.618916891540411,1.566815086482881,8.396291868531357,8.182353198393232,3.185791233070391,-19998945000.0,3891267000.0,0.142432880228243,-0.1328081748154878,0.7922389875504489,61.870667172833,15.17379160767878,7.339362780741634,13.02017943116364,32.13690929020486,-1.794588086708604,-22.06601997344972,209583279000.0,76260429000.0,133322850000.0,96259374000.0,33411199000.0,79034025000.0,412756429000.0,100346882000.0,-8252604000.0,27320005000.0,6467130000.0,14691814000.0,28655001000.0,-13963187000.0,-9289049000.0,2023stocks.xlsx
MIATK,2023,"BIST 50 (XU050), BIST 100 (XU100), BIST TÜM (XUTUM), BIST GERİ ALIM (XUGRA)",291.115926327194,39.96,1.52,498248073.54,-2.821011673151745,-3.896103896103881,7.941653160453811,7.073954983922832,1.369863013698634,15.02590673575128,376.2812872467222,1636.49624188283,19740240000.0,20134856647.0,46.89673957668054,3.614059170651116,7.303077978827358,16.99359783608103,0.04550748976781796,33.89222851654659,42.97546669794295,-26.47352555845821,-12.51327753441295,10.98337194139916,-9.503758464989735,1286468273.0,394616647.0,0.3330521153494236,-0.1537633068456496,1.847614586640199,23.79852632834255,15.20021039427611,-18.4632630319098,-53.81436821230893,-46.32359136365828,-66.18290504276872,36.37131488871179,7172560147.0,2804219729.0,4368340418.0,1517751456.0,189212159.0,5462068845.0,2757037061.0,934421301.0,691765143.0,1184849544.0,-729884911.0,-513403503.0,866043077.0,-1379446580.0,175093684.0,2023stocks.xlsx
OYAKC,2023,"BIST SINAİ (XUSIN), BIST SÜRDÜRÜLEBİLİRLİK (XUSRD), BIST 100 (XU100), BIST 50 (XU050), BIST KURUMSAL YÖNETİM (XKURY), BIST TÜM (XUTUM)",152.7001862197393,23.7,-0.42,274518855.28,-2.388797364085676,1.979345955249585,-14.1304347826087,11.47695202257759,2.864583333333329,5.992844364937383,221.1382113821138,1310.714285714286,115221242057.1,104626991057.1,13.1489760019624,1.830297102325578,1.851719906789778,7.142621497150992,-1.993594068042489,26.69626129246687,25.92493396896896,15.50858517114991,14.28705636246257,12.88909113108498,11.36779242365375,18088898000.0,-10594251000.0,-0.7232428666281365,0.0758524117059075,2.245142546875693,21.60107654947487,5.204040211322213,-2.843358548763253,-8.771722919867184,-12.17881435726,-20.4234249453016,-6.595613526716291,80297285000.0,32616470000.0,47680815000.0,14527572000.0,2817506000.0,62952207000.0,56502601000.0,15084082000.0,11347996000.0,14648262000.0,8762754000.0,6192711000.0,10211019000.0,-4018308000.0,1064333000.0,2023stocks.xlsx
PASEU,2023,"BIST KATILIM TUM (XKTUM), BIST KATILIM 100 (XK100), BIST 100 (XU100), BIST 50 (XU050), BIST TÜM (XUTUM)",69.73758042123221,132.0,8.82,15019378464.4,5.684547638110487,6.451612903225794,-11.11111111111111,-0.7518796992481214,-2.583025830258308,112.0481927710844,296.8381634529827,1636.49624188283,88704000000.0,89391961900.0,80.67545326798654,25.27732755308544,36.44915432099253,992.9356153089961,0.2626009934808168,12.39932151276219,3.67084771248232,44.83227500955415,37.42388743971068,0.7270634300673954,23.5173588407094,1056063691.0,687961900.0,7.64164761536178,-1.175590839263103,1.762515713844014,35.89757875605284,13.60982571684231,25.73359184553655,-26.96451676198998,-69.3315128585281,-57.38126719034544,307.216862353112,5464466691.0,2441036711.0,3023429980.0,1384973020.0,576638214.0,3509231734.0,2452511274.0,304094758.0,139948218.0,90027954.0,1099516599.0,-624597042.0,-615153490.0,-9443552.0,488136651.0,2023stocks.xlsx
PETKM,2023,"BIST KATILIM TUM (XKTUM), BIST KATILIM 100 (XK100), BIST SINAİ (XUSIN), BIST SÜRDÜRÜLEBİLİRLİK (XUSRD), BIST 100 (XU100), BIST 30 (XU030), BIST 50 (XU050), BIST TÜM (XUTUM)",-10.90998043052838,23.9,-3.71,2326219853.64,3.913043478260875,12.62959472196042,29.60954446854663,39.1962725684333,47.2581638940234,47.9876160990712,83.84615384615384,256.1847988077496,60572160000.0,107099939000.0,46.89673957668054,0.9469932956297419,1.202349374052742,57.2530112963621,0.04550748976781796,-3.45339747303963,-3.900978176324827,-11.48900827517709,-14.58209031731502,-9.322689023136556,-6.538488900798079,-24171507000.0,46527779000.0,2.791092340904628,3.190776610458447,0.5605728391280381,57.73354863939424,33.97639466005374,-12.05477756044882,7.193859483812521,10.33073241836171,-1.794588086708604,36.37131488871179,151331860000.0,30835350000.0,120496510000.0,55006857000.0,32362396000.0,63962607000.0,89075556000.0,-3076133000.0,-13090044000.0,-3474818000.0,-10233898000.0,-3902948000.0,-6551904000.0,2648956000.0,-555059000.0,2023stocks.xlsx
PGSUS,2023,"BIST SÜRDÜRÜLEBİLİRLİK (XUSRD), BIST 100 (XU100), BIST 30 (XU030), BIST 50 (XU050), BIST KURUMSAL YÖNETİM (XKURY), BIST TÜM (XUTUM)",28.89427740058196,180.6,0.84,2055668612.5,-5.047318611987379,2.905982905982896,-11.25307125307125,-14.0,-5.79029733959311,-18.97711978465681,98.94249834765364,1100.0,90300000000.0,251658090812.0,6.567168200880356,0.7727600219364121,1.632791045831044,6.783966117217225,1.877178090252304,16.99614920673892,24.06838444677865,8.921324224991801,14.34010151603534,5.748573437955374,3.964049302414276,2215036296.0,161358090812.0,4.349742212839163,0.003783935580619664,1.025165209759327,71.51074411297557,56.85101508601036,37.83230006279612,5.054118977448702,16.78114508964414,-43.73327841778256,3.498425767369621,410168210677.0,90234819051.0,319933391626.0,88019782755.0,205294556815.0,116853871107.0,154127554444.0,26195749122.0,11707541095.0,37096012342.0,13750218852.0,18920204657.0,34541652028.0,-15621447371.0,-17521323399.0,2023stocks.xlsx
SASA,2023,"BIST GERİ ALIM (XUGRA), BIST SINAİ (XUSIN), BIST SÜRDÜRÜLEBİLİRLİK (XUSRD), BIST 100 (XU100), BIST 30 (XU030), BIST 50 (XU050), BIST TÜM (XUTUM)",-22.18430034129693,3.14,-1.88,12956317961.39,5.72390572390573,34.18803418803421,23.13725490196079,2.280130293159615,12.9496402877698,-25.76832151300236,-41.95933456561922,223.7113402061856,137581032230.4,259244206230.4,46.89673957668054,0.8916344951161116,4.880407506104599,39.66785765682504,0.04550748976781796,6.709464984877364,12.30317893223785,-41.38895680195948,-14.06973223884016,-1.398432666035651,-7.039300736462891,-37731437000.0,121663174000.0,18.61610540302832,-7.536529213639255,0.440977983105229,51.86680882749239,38.28726296937282,-16.46670886468292,-68.43844594308584,-36.1765306482191,-86.00212771280404,36.37131488871179,320573077000.0,29764003000.0,290809074000.0,67495440000.0,98775585000.0,154302052000.0,53119377000.0,3564026000.0,1057482000.0,6535372000.0,-21985556000.0,-2974218000.0,10823862000.0,-13798080000.0,1852882000.0,2023stocks.xlsx
SISE,2023,"BIST MALİ (XUMAL), BIST TEMETTÜ (XTMTU), BIST SÜRDÜRÜLEBİLİRLİK (XUSRD), BIST 100 (XU100), BIST 30 (XU030), BIST 50 (XU050), BIST KURUMSAL YÖNETİM (XKURY), BIST TÜM (XUTUM)",4.304869442484133,47.86,4.32,3311830668.66,0.9704641350211034,8.822191905411557,5.186813186813183,30.12506797172375,24.70036477331942,42.65275707898658,36.39213451125676,596.6521106259098,146605424720.16,267378650720.16,14.84230580155356,0.6043805651848245,1.190852789539348,14.19864980557395,0.2953557168255,27.60643852787815,8.387084728801861,4.399263912263146,4.063845010275606,-0.2702609470269181,1.9194076947098,29187817000.0,120773226000.0,6.413439282623113,-0.9509494658167825,1.259895435151324,46.88462560953898,31.94177622544928,-7.572163029310458,12.68328123076104,32.94615882172624,-1.794588086708604,50.25230579952713,506932507000.0,141493818000.0,365438689000.0,112306001000.0,125367407000.0,242571375000.0,224527039000.0,61983919000.0,4741396000.0,18831273000.0,9877537000.0,8175164000.0,39733712000.0,-31558548000.0,-22541246000.0,2023stocks.xlsx
TAVHL,2023,"BIST MALİ (XUMAL), BIST SÜRDÜRÜLEBİLİRLİK (XUSRD), BIST 100 (XU100), BIST 30 (XU030), BIST 50 (XU050), BIST KURUMSAL YÖNETİM (XKURY), BIST TÜM (XUTUM)",12.03751954142783,278.5,-0.09,887494864.5,-9.651257096512566,-9.504467912266449,-19.9137311286844,5.094339622641513,-6.621961441743508,21.88183807439825,295.3158268275373,1194.144981412639,101173828125.0,189054596125.0,64.68464034475858,1.311858890829683,2.195055215529908,7.323304960493657,-0.9889625201183948,32.43387728997119,21.37348665993845,-16.25474751367955,2.233768537710422,8.617968331080194,0.7098587650598988,-10581149000.0,87880768000.0,3.404189463877771,-0.1067166108700305,0.7831278730643036,68.3978096745024,41.69603208434764,27.5773157445726,18.10960866378882,15.45370882081574,-13.74530205691223,36.37131488871179,246228974000.0,38208657000.0,208020317000.0,48789806000.0,119625419000.0,77122493000.0,18395155000.0,5966262000.0,1863550000.0,3931686000.0,-2990086000.0,-6144708000.0,-5069324000.0,-1075384000.0,-7410126000.0,2023stocks.xlsx
TCELL,2023,"BIST GERİ ALIM (XUGRA), BIST TEMETTÜ (XTMTU), BIST SÜRDÜRÜLEBİLİRLİK (XUSRD), BIST 100 (XU100), BIST 30 (XU030), BIST 50 (XU050), BIST TÜM (XUTUM)",42.58451472191928,112.1,0.0,2303771682.8,-1.752848378615241,5.854579792256828,-4.106073567151427,14.55139995912526,20.40816326530613,29.68533086534012,270.2113606340819,797.5180144115292,246620000000.0,261508303000.0,14.00931049391198,0.9509778330660946,1.082980966052209,2.493719511730537,-0.3271198125531741,28.30419953721862,43.42833911182999,7.290324738656519,6.984914421986608,7.035954524476813,3.701418776970394,64638243000.0,14888303000.0,0.1419735100634885,-0.4689980001004513,1.702662888620426,48.19273991282052,31.69351508073854,10.68517959041351,26.95675700175241,13.34124300256748,58.38199528363608,-42.82623661516906,500572832000.0,156628647000.0,343944185000.0,91990404000.0,149249359000.0,259333069000.0,241470821000.0,68346383000.0,73436427000.0,104866767000.0,17604007000.0,21680970000.0,112145841000.0,-90464871000.0,-1530980000.0,2023stocks.xlsx
THYAO,2023,"BIST GERİ ALIM (XUGRA), BIST SÜRDÜRÜLEBİLİRLİK (XUSRD), BIST 100 (XU100), BIST 30 (XU030), BIST 50 (XU050), BIST TÜM (XUTUM)",55.72913034381759,308.25,-1.99,17258388447.75,-4.714064914992278,4.757858963466433,1.398026315789465,5.746140651801028,14.80446927374301,11.01707123820499,146.9358327325162,2479.497907949791,425385000000.0,955779000000.0,3.273678053885994,0.4401803416433151,0.9219249923557061,5.645108705281996,0.1353198724320629,8.360953787588047,8.241943549606336,3.843604265761103,15.43486085094201,3.465553827405589,7.037191383974835,-12723000000.0,530394000000.0,3.132661197441395,-0.05032159753353296,0.9744707235000571,55.22019357442635,37.71744917709785,45.97820181991036,83.85474384110476,109.117733844792,-1.794588086708604,36.37131488871179,2158033000000.0,485646000000.0,1672387000000.0,498369000000.0,693301000000.0,966388000000.0,257961000000.0,21568000000.0,-2451000000.0,21261000000.0,9915000000.0,-2921000000.0,43336000000.0,-46257000000.0,-8798000000.0,2023stocks.xlsx
TOASO,2023,"BIST TEMETTÜ (XTMTU), BIST SINAİ (XUSIN), BIST SÜRDÜRÜLEBİLİRLİK (XUSRD), BIST 100 (XU100), BIST 30 (XU030), BIST 50 (XU050), BIST KURUMSAL YÖNETİM (XKURY), BIST TÜM (XUTUM)",26.15972222222223,294.5,-0.76,973257916.75,0.5119453924914694,7.579908675799089,-3.437775769777488,19.12690671353847,27.44649837673094,57.39642549526269,89.53148954815185,1269.259899915291,147250000000.0,180780388000.0,17.62642817460949,2.452889242830488,0.5441177181438587,18.08236771883189,0.7928236239052178,6.208464046865368,3.009106587171032,2.514389426737307,13.73057641616031,1.918507156043926,5.69262721520801,49602391000.0,33530388000.0,3.353841709705303,0.4248732146475867,1.700691465795806,65.404684231778,30.92882730147747,96.28477451330848,17.85178859832132,-17.69419066688774,-33.18688181887259,22.23247093443918,173524206000.0,120393022000.0,53131184000.0,70790631000.0,42702328000.0,60031247000.0,332244994000.0,20627311000.0,3605149000.0,9997606000.0,8353933000.0,-17035213000.0,2655374000.0,-19690587000.0,16194477000.0,2023stocks.xlsx
TRALT,2023,"BIST SINAİ (XUSIN), BIST 100 (XU100), BIST 30 (XU030), BIST 50 (XU050), BIST TÜM (XUTUM)",-33.02469135802468,41.38,-0.05,5802604073.6,-11.88245315161839,-1.241050119331732,-24.21245421245422,53.94345238095241,0.9760858955588247,66.18473895582332,122.4731182795699,762.0833333333334,132519450000.0,113931321000.0,32.28776529338327,3.09840374262165,6.727499114712008,22.76665755451405,0.07703051748472974,43.78628211933192,29.54978831918221,24.23550945792268,10.07475150417127,5.542418128889739,9.092590454967034,17632522000.0,-18588129000.0,-3.714426935523127,-3.616885138518708e-05,5.467990401402794,10.62407149166024,0.0388784215858179,48.10395141993427,89.7170827705784,103.6006302933842,-1.794588086708604,419.1555028795424,47854309000.0,21578932000.0,26275377000.0,3946410000.0,1137666000.0,42770233000.0,16935167000.0,7415280000.0,3865184000.0,5004306000.0,4104324000.0,5728178000.0,7944354000.0,-2216176000.0,-40692000.0,2023stocks.xlsx
TRMET,2023,"BIST 50 (XU050), BIST 100 (XU100), BIST TÜM (XUTUM), BIST SINAİ (XUSIN)",-24.25,118.8,-1.98,612971073.5,-11.54132539091587,-0.1680672268907557,-17.21254355400697,31.2707182320442,13.79310344827584,37.34104046242774,235.593220338983,762.7450980392157,46103904000.0,27589288000.0,23.62329315663991,1.879400482064129,1.558236247927828,5.585555651608627,0.04550748976781796,41.20480016925853,27.89760491382912,11.02275292608907,8.290058886323854,7.353972507963942,3.978949679114281,17693598000.0,-18514616000.0,-3.74835400015265,0.0106579768105391,5.063981952147558,10.66541608963868,0.2262563069562943,46.43750886521524,91.33461650327187,95.41235441195089,-1.794588086708604,36.37131488871179,51629500000.0,22047357000.0,29582143000.0,4353759000.0,1152742000.0,24531176000.0,17705459000.0,7295499000.0,3632144000.0,4939399000.0,1951629000.0,6312791000.0,8461751000.0,-2148960000.0,37518000.0,2023stocks.xlsx
TSKB,2023,"BIST MALİ (XUMAL), BIST SÜRDÜRÜLEBİLİRLİK (XUSRD), BIST 100 (XU100), BIST 50 (XU050), BIST KURUMSAL YÖNETİM (XKURY), BIST TÜM (XUTUM)",43.32603938730853,11.6,-1.28,316200281.88,-5.537459283387619,4.410441044104417,-13.5226905529039,-5.673314908753198,-1.548909244844438,16.2400545722917,209.3819264188731,864.9769609731518,32480000000.0,9216303000.0,2.925777141537352,0.6880125818182634,7.197742444903611,57.2530112963621,-1.298543251227169,21.48247707392389,15.98183165495174,-0.2990060422181947,26.736070365376,-8.921998111430284,3.584559479409417,21491341511.31579,-23263697000.0,2.791092340904628,-0.7887426679987118,1.605486929375312,48.47849622928319,0.0,10.87136317449177,7.193859483812521,10.33073241836171,2.251842936663156,-7.192336040138637,353765203000.0,98596299419.1579,175400085449.7105,77104957907.8421,66344431217.42105,47208439000.0,158447060900.7895,29236805594.78947,3568257000.0,18955421095.0,2869690000.0,5534030925.051282,17676436782.4359,-12142405857.38461,-3523624994.923077,2023stocks.xlsx
TTKOM,2023,"BIST SÜRDÜRÜLEBİLİRLİK (XUSRD), BIST 100 (XU100), BIST 30 (XU030), BIST 50 (XU050), BIST KURUMSAL YÖNETİM (XKURY), BIST TÜM (XUTUM)",-7.797123391370192,62.15,-0.96,573713721.8,-2.356637863315001,7.0628768303187,-6.541353383458642,21.8627450980392,8.086956521739125,18.38095238095238,281.9913952059004,1059.514925373134,217525000000.0,275552889000.0,9.465620726273874,1.023950152887373,1.137573609539943,2.780496104525941,0.0879524321805427,41.78019787529404,40.91261295738779,9.487124896878928,11.38609016358772,9.974975218396336,5.889392574205804,39209513000.0,58027889000.0,0.5855366637740594,-0.2374683658187162,1.516295602958193,50.20911402972668,29.29029130747355,14.48090871712209,30.06242003116246,28.24838947763368,47.22144526187354,107.6220462765998,426658604000.0,115153435000.0,311505169000.0,75943922000.0,138277583000.0,212437099000.0,242228623000.0,101203598000.0,48723669000.0,99102059000.0,22980532000.0,36114723000.0,96974044000.0,-60859321000.0,23164669000.0,2023stocks.xlsx
TUPRS,2023,"BIST KATILIM TUM (XKTUM), BIST KATILIM TEMETTU (XKTMT), BIST TEMETTÜ (XTMTU), BIST SINAİ (XUSIN), BIST KATILIM 100 (XK100), BIST SÜRDÜRÜLEBİLİRLİK (XUSRD), BIST 100 (XU100), BIST 30 (XU030), BIST 50 (XU050), BIST KURUMSAL YÖNETİM (XKURY), BIST TÜM (XUTUM)",111.1792014856082,271.0,-1.63,6488247174.25,3.041825095057035,4.93707647628267,15.24229857179145,42.76981118610601,52.98977597816997,135.2707421430619,460.8611270452196,3091.32519121884,522161607058.0,465173846058.0,17.68649427326315,1.434118844202643,0.5602100456556995,7.49401844076827,0.763948473975656,9.782823895353403,7.475429238445643,3.555484435870324,8.049986147718345,8.29847857851094,4.976975859728014,67182935000.0,-56987761000.0,-0.9180811334325235,0.0694246752818893,1.395779952919796,37.5262947217754,8.488463737746601,-21.7184197533475,-8.77515909545678,-6.471318659694182,-10.89950728784015,23.15142300268113,591973843000.0,236931136000.0,355042707000.0,169748201000.0,52397648000.0,364099258000.0,830356131000.0,81232278000.0,41646897000.0,62072685000.0,29523183000.0,30048355000.0,49464734000.0,-19416379000.0,144024000.0,2023stocks.xlsx
TURSG,2023,"BIST MALİ (XUMAL), BIST TEMETTÜ (XTMTU), BIST SÜRDÜRÜLEBİLİRLİK (XUSRD), BIST 100 (XU100), BIST 50 (XU050), BIST KURUMSAL YÖNETİM (XKURY), BIST TÜM (XUTUM)",202.6666666666667,14.06,2.78,256451290.58,0.0,10.70866141732284,15.24590163934427,13.84615384615387,19.05165114309906,63.67869615832365,1239.047619047619,2324.137931034483,140600000000.0,146525580834.0,6.556694724510757,2.567941998974724,7.197742444903611,57.2530112963621,0.1183892505788096,21.48247707392389,15.98183165495174,-0.2990060422181947,49.3881403713351,6.185865396246006,14.07327464035062,44715366430.0,5925580834.0,2.791092340904628,-0.7887426679987118,1.359749945373696,69.89179407783587,10.7319460626569,10.87136317449177,7.193859483812521,10.33073241836171,-1.794588086708604,42.26301938949943,181850807021.0,169011052934.0,12839754087.0,124295686504.0,2803105068.0,54752015449.0,158447060900.7895,29236805594.78947,10267860592.31579,18955421095.0,6451802119.0,-7365955895.0,-5667247695.0,-1698708200.0,8968496266.0,2023stocks.xlsx
ULKER,2023,"BIST SINAİ (XUSIN), BIST SÜRDÜRÜLEBİLİRLİK (XUSRD), BIST 100 (XU100), BIST 50 (XU050), BIST TÜM (XUTUM)",77.40046838407494,123.9,0.9,714312666.9,1.557377049180332,5.178268251273337,-8.493353028064988,14.61609620721556,14.72222222222224,25.71022727272727,346.3256484149856,530.8553971486762,45753278434.5,79773555434.5,9.386206288184507,1.056612751820119,0.7128710948578424,4.33174387271811,-0.1889399940480695,28.90454611423886,16.45690779059209,4.35596298672295,11.57176271524665,14.17649392405263,3.832098465181642,49616317000.0,34020277000.0,1.847318019615186,-1.26826357918373,2.405968919943027,63.83947937569749,45.20126362804732,1.65963754151499,-1.415500825938674,-9.786817409639673,-10.45248460089899,-49.6782395674073,126866763000.0,84906085000.0,41960678000.0,35289768000.0,45701313000.0,43301842000.0,111904601000.0,32345517000.0,16735605000.0,18416037000.0,4874523000.0,8864249000.0,5903389000.0,2960860000.0,-17839148000.0,2023stocks.xlsx
