ticker,indices,company_name,sector,is_bist100
AEFES,"BIST TEMETTÜ (XTMTU), BIST SINAİ (XUSIN), BIST SÜRDÜRÜLEBİLİRLİK (XUSRD), BIST 100 (XU100), BIST 30 (XU030), BIST 50 (XU050), BIST KURUMSAL YÖNETİM (XKURY), BIST TÜM (XUTUM)",AEFES,,True
ARCLK,"BIST SINAİ (XUSIN), BIST SÜRDÜRÜLEBİLİRLİK (XUSRD), BIST 100 (XU100), BIST 50 (XU050), BIST KURUMSAL YÖNETİM (XKURY), BIST TÜM (XUTUM)",ARCLK,,True
ASELS,"BIST KATILIM TUM (XKTUM), BIST KATILIM TEMETTU (XKTMT), BIST TEMETTÜ (XTMTU), BIST KATILIM 100 (XK100), BIST SÜRDÜRÜLEBİLİRLİK (XUSRD), BIST 100 (XU100), BIST 30 (XU030), BIST 50 (XU050), BIST KURUMSAL YÖNETİM (XKURY), BIST TÜM (XUTUM)",ASELS,,True
ASTOR,"BIST TEMETTÜ (XTMTU), BIST SINAİ (XUSIN), BIST 100 (XU100), BIST 30 (XU030), BIST 50 (XU050), BIST KURUMSAL YÖNETİM (XKURY), BIST TÜM (XUTUM)",ASTOR,,True
BIMAS,"BIST KATILIM TUM (XKTUM), BIST KATILIM TEMETTU (XKTMT), BIST TEMETTÜ (XTMTU), BIST KATILIM 100 (XK100), BIST SÜRDÜRÜLEBİLİRLİK (XUSRD), BIST 100 (XU100), BIST 30 (XU030), BIST 50 (XU050), BIST TÜM (XUTUM)",BIMAS,,True
BRSAN,"BIST 50 (XU050), BIST 100 (XU100), BIST TÜM (XUTUM), BIST SINAİ (XUSIN)",BRSAN,,True
BTCIM,"BIST SINAİ (XUSIN), BIST SÜRDÜRÜLEBİLİRLİK (XUSRD), BIST 100 (XU100), BIST 50 (XU050), BIST KURUMSAL YÖNETİM (XKURY), BIST TÜM (XUTUM)",BTCIM,,True
CANTE,"BIST KATILIM TUM (XKTUM), BIST KATILIM 100 (XK100), BIST 100 (XU100), BIST 50 (XU050), BIST KURUMSAL YÖNETİM (XKURY), BIST TÜM (XUTUM)",CANTE,,True
CCOLA,"BIST TEMETTÜ (XTMTU), BIST SINAİ (XUSIN), BIST SÜRDÜRÜLEBİLİRLİK (XUSRD), BIST 100 (XU100), BIST 50 (XU050), BIST KURUMSAL YÖNETİM (XKURY), BIST TÜM (XUTUM)",CCOLA,,True
CIMSA,"BIST KATILIM TUM (XKTUM), BIST KATILIM TEMETTU (XKTMT), BIST TEMETTÜ (XTMTU), BIST SINAİ (XUSIN), BIST KATILIM 100 (XK100), BIST SÜRDÜRÜLEBİLİRLİK (XUSRD), BIST 100 (XU100), BIST 50 (XU050), BIST TÜM (XUTUM)",CIMSA,,True
DOAS,"BIST TEMETTÜ (XTMTU), BIST SÜRDÜRÜLEBİLİRLİK (XUSRD), BIST 100 (XU100), BIST 50 (XU050), BIST KURUMSAL YÖNETİM (XKURY), BIST TÜM (XUTUM)",DOAS,,True
DSTKF,"BIST MALİ (XUMAL), BIST HALKA ARZ (XHARZ), BIST 100 (XU100), BIST 30 (XU030), BIST 50 (XU050), BIST TÜM (XUTUM)",DSTKF,,True
ENKAI,"BIST TEMETTÜ (XTMTU), BIST SÜRDÜRÜLEBİLİRLİK (XUSRD), BIST 100 (XU100), BIST 30 (XU030), BIST 50 (XU050), BIST KURUMSAL YÖNETİM (XKURY), BIST TÜM (XUTUM)",ENKAI,,True
EREGL,"BIST KATILIM TUM (XKTUM), BIST KATILIM 100 (XK100), BIST SINAİ (XUSIN), BIST SÜRDÜRÜLEBİLİRLİK (XUSRD), BIST 100 (XU100), BIST 30 (XU030), BIST 50 (XU050), BIST KURUMSAL YÖNETİM (XKURY), BIST TÜM (XUTUM)",EREGL,,True
FROTO,"BIST TEMETTÜ (XTMTU), BIST SINAİ (XUSIN), BIST SÜRDÜRÜLEBİLİRLİK (XUSRD), BIST 100 (XU100), BIST 30 (XU030), BIST 50 (XU050), BIST KURUMSAL YÖNETİM (XKURY), BIST TÜM (XUTUM)",FROTO,,True
GUBRF,"BIST KATILIM TUM (XKTUM), BIST KATILIM 100 (XK100), BIST SINAİ (XUSIN), BIST 100 (XU100), BIST 30 (XU030), BIST 50 (XU050), BIST TÜM (XUTUM)",GUBRF,,True
HEKTS,"BIST SINAİ (XUSIN), BIST SÜRDÜRÜLEBİLİRLİK (XUSRD), BIST 100 (XU100), BIST 50 (XU050), BIST TÜM (XUTUM)",HEKTS,,True
KONTR,"BIST KATILIM TUM (XKTUM), BIST KATILIM 100 (XK100), BIST SÜRDÜRÜLEBİLİRLİK (XUSRD), BIST 100 (XU100), BIST 50 (XU050), BIST KURUMSAL YÖNETİM (XKURY), BIST TÜM (XUTUM)",KONTR,,True
KRDMD,"BIST KATILIM TUM (XKTUM), BIST KATILIM 100 (XK100), BIST SINAİ (XUSIN), BIST 100 (XU100), BIST 30 (XU030), BIST 50 (XU050), BIST TÜM (XUTUM)",KRDMD,,True
KUYAS,"BIST KATILIM TUM (XKTUM), BIST GERİ ALIM (XUGRA), BIST KATILIM 100 (XK100), BIST 100 (XU100), BIST 50 (XU050), BIST TÜM (XUTUM)",KUYAS,,True
MAVI,"BIST KATILIM TUM (XKTUM), BIST KATILIM TEMETTU (XKTMT), BIST GERİ ALIM (XUGRA), BIST TEMETTÜ (XTMTU), BIST KATILIM 100 (XK100), BIST SÜRDÜRÜLEBİLİRLİK (XUSRD), BIST 100 (XU100), BIST 50 (XU050), BIST TÜM (XUTUM)",MAVI,,True
MGROS,"BIST TEMETTÜ (XTMTU), BIST SÜRDÜRÜLEBİLİRLİK (XUSRD), BIST 100 (XU100), BIST 30 (XU030), BIST 50 (XU050), BIST KURUMSAL YÖNETİM (XKURY), BIST TÜM (XUTUM)",MGROS,,True
MIATK,"BIST 50 (XU050), BIST 100 (XU100), BIST TÜM (XUTUM), BIST GERİ ALIM (XUGRA)",MIATK,,True
OYAKC,"BIST SINAİ (XUSIN), BIST SÜRDÜRÜLEBİLİRLİK (XUSRD), BIST 100 (XU100), BIST 50 (XU050), BIST KURUMSAL YÖNETİM (XKURY), BIST TÜM (XUTUM)",OYAKC,,True
PASEU,"BIST KATILIM TUM (XKTUM), BIST KATILIM 100 (XK100), BIST 100 (XU100), BIST 50 (XU050), BIST TÜM (XUTUM)",PASEU,,True
PETKM,"BIST KATILIM TUM (XKTUM), BIST KATILIM 100 (XK100), BIST SINAİ (XUSIN), BIST SÜRDÜRÜLEBİLİRLİK (XUSRD), BIST 100 (XU100), BIST 30 (XU030), BIST 50 (XU050), BIST TÜM (XUTUM)",PETKM,,True
PGSUS,"BIST SÜRDÜRÜLEBİLİRLİK (XUSRD), BIST 100 (XU100), BIST 30 (XU030), BIST 50 (XU050), BIST KURUMSAL YÖNETİM (XKURY), BIST TÜM (XUTUM)",PGSUS,,True
SASA,"BIST GERİ ALIM (XUGRA), BIST SINAİ (XUSIN), BIST SÜRDÜRÜLEBİLİRLİK (XUSRD), BIST 100 (XU100), BIST 30 (XU030), BIST 50 (XU050), BIST TÜM (XUTUM)",SASA,,True
SISE,"BIST MALİ (XUMAL), BIST TEMETTÜ (XTMTU), BIST SÜRDÜRÜLEBİLİRLİK (XUSRD), BIST 100 (XU100), BIST 30 (XU030), BIST 50 (XU050), BIST KURUMSAL YÖNETİM (XKURY), BIST TÜM (XUTUM)",SISE,,True
TAVHL,"BIST MALİ (XUMAL), BIST SÜRDÜRÜLEBİLİRLİK (XUSRD), BIST 100 (XU100), BIST 30 (XU030), BIST 50 (XU050), BIST KURUMSAL YÖNETİM (XKURY), BIST TÜM (XUTUM)",TAVHL,,True
TCELL,"BIST GERİ ALIM (XUGRA), BIST TEMETTÜ (XTMTU), BIST SÜRDÜRÜLEBİLİRLİK (XUSRD), BIST 100 (XU100), BIST 30 (XU030), BIST 50 (XU050), BIST TÜM (XUTUM)",TCELL,,True
THYAO,"BIST GERİ ALIM (XUGRA), BIST SÜRDÜRÜLEBİLİRLİK (XUSRD), BIST 100 (XU100), BIST 30 (XU030), BIST 50 (XU050), BIST TÜM (XUTUM)",THYAO,,True
TOASO,"BIST TEMETTÜ (XTMTU), BIST SINAİ (XUSIN), BIST SÜRDÜRÜLEBİLİRLİK (XUSRD), BIST 100 (XU100), BIST 30 (XU030), BIST 50 (XU050), BIST KURUMSAL YÖNETİM (XKURY), BIST TÜM (XUTUM)",TOASO,,True
TRALT,"BIST SINAİ (XUSIN), BIST 100 (XU100), BIST 30 (XU030), BIST 50 (XU050), BIST TÜM (XUTUM)",TRALT,,True
TRMET,"BIST 50 (XU050), BIST 100 (XU100), BIST TÜM (XUTUM), BIST SINAİ (XUSIN)",TRMET,,True
TSKB,"BIST MALİ (XUMAL), BIST SÜRDÜRÜLEBİLİRLİK (XUSRD), BIST 100 (XU100), BIST 50 (XU050), BIST KURUMSAL YÖNETİM (XKURY), BIST TÜM (XUTUM)",TSKB,,True
TTKOM,"BIST SÜRDÜRÜLEBİLİRLİK (XUSRD), BIST 100 (XU100), BIST 30 (XU030), BIST 50 (XU050), BIST KURUMSAL YÖNETİM (XKURY), BIST TÜM (XUTUM)",TTKOM,,True
TUPRS,"BIST KATILIM TUM (XKTUM), BIST KATILIM TEMETTU (XKTMT), BIST TEMETTÜ (XTMTU), BIST SINAİ (XUSIN), BIST KATILIM 100 (XK100), BIST SÜRDÜRÜLEBİLİRLİK (XUSRD), BIST 100 (XU100), BIST 30 (XU030), BIST 50 (XU050), BIST KURUMSAL YÖNETİM (XKURY), BIST TÜM (XUTUM)",TUPRS,,True
TURSG,"BIST MALİ (XUMAL), BIST TEMETTÜ (XTMTU), BIST SÜRDÜRÜLEBİLİRLİK (XUSRD), BIST 100 (XU100), BIST 50 (XU050), BIST KURUMSAL YÖNETİM (XKURY), BIST TÜM (XUTUM)",TURSG,,True
ULKER,"BIST SINAİ (XUSIN), BIST SÜRDÜRÜLEBİLİRLİK (XUSRD), BIST 100 (XU100), BIST 50 (XU050), BIST TÜM (XUTUM)",ULKER,,True
