ticker,feature_year,target_year,frozen_rank,frozen_score,confidence,confidence_label,signal_label,eligibility_status,is_inference,realized_return_available,protocol_identifier,freeze_git_sha,freeze_identifier,service_source_sha256,public_dataset_sha256,training_dataset_sha256,base_dataset_sha256
ASELS,2025,2026,1,0.8305,1.0,high,HIGH,eligible_for_ranking,True,False,PREREG-2026-FORWARD-v1,bd9aa71a39e33e62d43197e034e8db86b82df0a5,PREREG-2026-FORWARD-v1:bd9aa71a39e3,7438ab40a47b5a1122ec8079d977bde7b7482a31f90dee0de79fd0f5f0212cb1,891d662f110518508b1474be032e5f4b2274d5c2328f16f56240b4a312914b44,3923888b548e6195b07e37b10efb38d0cd3e005a55070bc798139cda670eda78,97a7808d19fce8f8c09d56ebf4d4252fe51a2fdfff9a93b98c37fa92dc2eef2f
TTKOM,2025,2026,2,0.7772,1.0,high,HIGH,eligible_for_ranking,True,False,PREREG-2026-FORWARD-v1,bd9aa71a39e33e62d43197e034e8db86b82df0a5,PREREG-2026-FORWARD-v1:bd9aa71a39e3,7438ab40a47b5a1122ec8079d977bde7b7482a31f90dee0de79fd0f5f0212cb1,891d662f110518508b1474be032e5f4b2274d5c2328f16f56240b4a312914b44,3923888b548e6195b07e37b10efb38d0cd3e005a55070bc798139cda670eda78,97a7808d19fce8f8c09d56ebf4d4252fe51a2fdfff9a93b98c37fa92dc2eef2f
TAVHL,2025,2026,3,0.7021,1.0,high,HIGH,eligible_for_ranking,True,False,PREREG-2026-FORWARD-v1,bd9aa71a39e33e62d43197e034e8db86b82df0a5,PREREG-2026-FORWARD-v1:bd9aa71a39e3,7438ab40a47b5a1122ec8079d977bde7b7482a31f90dee0de79fd0f5f0212cb1,891d662f110518508b1474be032e5f4b2274d5c2328f16f56240b4a312914b44,3923888b548e6195b07e37b10efb38d0cd3e005a55070bc798139cda670eda78,97a7808d19fce8f8c09d56ebf4d4252fe51a2fdfff9a93b98c37fa92dc2eef2f
BIMAS,2025,2026,4,0.6832,1.0,high,HIGH,eligible_for_ranking,True,False,PREREG-2026-FORWARD-v1,bd9aa71a39e33e62d43197e034e8db86b82df0a5,PREREG-2026-FORWARD-v1:bd9aa71a39e3,7438ab40a47b5a1122ec8079d977bde7b7482a31f90dee0de79fd0f5f0212cb1,891d662f110518508b1474be032e5f4b2274d5c2328f16f56240b4a312914b44,3923888b548e6195b07e37b10efb38d0cd3e005a55070bc798139cda670eda78,97a7808d19fce8f8c09d56ebf4d4252fe51a2fdfff9a93b98c37fa92dc2eef2f
ENKAI,2025,2026,5,0.6757,1.0,high,HIGH,eligible_for_ranking,True,False,PREREG-2026-FORWARD-v1,bd9aa71a39e33e62d43197e034e8db86b82df0a5,PREREG-2026-FORWARD-v1:bd9aa71a39e3,7438ab40a47b5a1122ec8079d977bde7b7482a31f90dee0de79fd0f5f0212cb1,891d662f110518508b1474be032e5f4b2274d5c2328f16f56240b4a312914b44,3923888b548e6195b07e37b10efb38d0cd3e005a55070bc798139cda670eda78,97a7808d19fce8f8c09d56ebf4d4252fe51a2fdfff9a93b98c37fa92dc2eef2f
FROTO,2025,2026,6,0.6406,1.0,high,MEDIUM,eligible_for_ranking,True,False,PREREG-2026-FORWARD-v1,bd9aa71a39e33e62d43197e034e8db86b82df0a5,PREREG-2026-FORWARD-v1:bd9aa71a39e3,7438ab40a47b5a1122ec8079d977bde7b7482a31f90dee0de79fd0f5f0212cb1,891d662f110518508b1474be032e5f4b2274d5c2328f16f56240b4a312914b44,3923888b548e6195b07e37b10efb38d0cd3e005a55070bc798139cda670eda78,97a7808d19fce8f8c09d56ebf4d4252fe51a2fdfff9a93b98c37fa92dc2eef2f
TRALT,2025,2026,7,0.6398,1.0,high,MEDIUM,eligible_for_ranking,True,False,PREREG-2026-FORWARD-v1,bd9aa71a39e33e62d43197e034e8db86b82df0a5,PREREG-2026-FORWARD-v1:bd9aa71a39e3,7438ab40a47b5a1122ec8079d977bde7b7482a31f90dee0de79fd0f5f0212cb1,891d662f110518508b1474be032e5f4b2274d5c2328f16f56240b4a312914b44,3923888b548e6195b07e37b10efb38d0cd3e005a55070bc798139cda670eda78,97a7808d19fce8f8c09d56ebf4d4252fe51a2fdfff9a93b98c37fa92dc2eef2f
SISE,2025,2026,8,0.6304,1.0,high,MEDIUM,eligible_for_ranking,True,False,PREREG-2026-FORWARD-v1,bd9aa71a39e33e62d43197e034e8db86b82df0a5,PREREG-2026-FORWARD-v1:bd9aa71a39e3,7438ab40a47b5a1122ec8079d977bde7b7482a31f90dee0de79fd0f5f0212cb1,891d662f110518508b1474be032e5f4b2274d5c2328f16f56240b4a312914b44,3923888b548e6195b07e37b10efb38d0cd3e005a55070bc798139cda670eda78,97a7808d19fce8f8c09d56ebf4d4252fe51a2fdfff9a93b98c37fa92dc2eef2f
TURSG,2025,2026,9,0.6237,1.0,high,MEDIUM,eligible_for_ranking,True,False,PREREG-2026-FORWARD-v1,bd9aa71a39e33e62d43197e034e8db86b82df0a5,PREREG-2026-FORWARD-v1:bd9aa71a39e3,7438ab40a47b5a1122ec8079d977bde7b7482a31f90dee0de79fd0f5f0212cb1,891d662f110518508b1474be032e5f4b2274d5c2328f16f56240b4a312914b44,3923888b548e6195b07e37b10efb38d0cd3e005a55070bc798139cda670eda78,97a7808d19fce8f8c09d56ebf4d4252fe51a2fdfff9a93b98c37fa92dc2eef2f
GUBRF,2025,2026,10,0.6207,1.0,high,MEDIUM,eligible_for_ranking,True,False,PREREG-2026-FORWARD-v1,bd9aa71a39e33e62d43197e034e8db86b82df0a5,PREREG-2026-FORWARD-v1:bd9aa71a39e3,7438ab40a47b5a1122ec8079d977bde7b7482a31f90dee0de79fd0f5f0212cb1,891d662f110518508b1474be032e5f4b2274d5c2328f16f56240b4a312914b44,3923888b548e6195b07e37b10efb38d0cd3e005a55070bc798139cda670eda78,97a7808d19fce8f8c09d56ebf4d4252fe51a2fdfff9a93b98c37fa92dc2eef2f
TCELL,2025,2026,11,0.6068,1.0,high,MEDIUM,eligible_for_ranking,True,False,PREREG-2026-FORWARD-v1,bd9aa71a39e33e62d43197e034e8db86b82df0a5,PREREG-2026-FORWARD-v1:bd9aa71a39e3,7438ab40a47b5a1122ec8079d977bde7b7482a31f90dee0de79fd0f5f0212cb1,891d662f110518508b1474be032e5f4b2274d5c2328f16f56240b4a312914b44,3923888b548e6195b07e37b10efb38d0cd3e005a55070bc798139cda670eda78,97a7808d19fce8f8c09d56ebf4d4252fe51a2fdfff9a93b98c37fa92dc2eef2f
PGSUS,2025,2026,12,0.6018,1.0,high,MEDIUM,eligible_for_ranking,True,False,PREREG-2026-FORWARD-v1,bd9aa71a39e33e62d43197e034e8db86b82df0a5,PREREG-2026-FORWARD-v1:bd9aa71a39e3,7438ab40a47b5a1122ec8079d977bde7b7482a31f90dee0de79fd0f5f0212cb1,891d662f110518508b1474be032e5f4b2274d5c2328f16f56240b4a312914b44,3923888b548e6195b07e37b10efb38d0cd3e005a55070bc798139cda670eda78,97a7808d19fce8f8c09d56ebf4d4252fe51a2fdfff9a93b98c37fa92dc2eef2f
TUPRS,2025,2026,13,0.6008,1.0,high,MEDIUM,eligible_for_ranking,True,False,PREREG-2026-FORWARD-v1,bd9aa71a39e33e62d43197e034e8db86b82df0a5,PREREG-2026-FORWARD-v1:bd9aa71a39e3,7438ab40a47b5a1122ec8079d977bde7b7482a31f90dee0de79fd0f5f0212cb1,891d662f110518508b1474be032e5f4b2274d5c2328f16f56240b4a312914b44,3923888b548e6195b07e37b10efb38d0cd3e005a55070bc798139cda670eda78,97a7808d19fce8f8c09d56ebf4d4252fe51a2fdfff9a93b98c37fa92dc2eef2f
MGROS,2025,2026,14,0.5952,1.0,high,MEDIUM,eligible_for_ranking,True,False,PREREG-2026-FORWARD-v1,bd9aa71a39e33e62d43197e034e8db86b82df0a5,PREREG-2026-FORWARD-v1:bd9aa71a39e3,7438ab40a47b5a1122ec8079d977bde7b7482a31f90dee0de79fd0f5f0212cb1,891d662f110518508b1474be032e5f4b2274d5c2328f16f56240b4a312914b44,3923888b548e6195b07e37b10efb38d0cd3e005a55070bc798139cda670eda78,97a7808d19fce8f8c09d56ebf4d4252fe51a2fdfff9a93b98c37fa92dc2eef2f
DSTKF,2025,2026,15,0.5853,0.9167,high,MEDIUM,eligible_for_ranking,True,False,PREREG-2026-FORWARD-v1,bd9aa71a39e33e62d43197e034e8db86b82df0a5,PREREG-2026-FORWARD-v1:bd9aa71a39e3,7438ab40a47b5a1122ec8079d977bde7b7482a31f90dee0de79fd0f5f0212cb1,891d662f110518508b1474be032e5f4b2274d5c2328f16f56240b4a312914b44,3923888b548e6195b07e37b10efb38d0cd3e005a55070bc798139cda670eda78,97a7808d19fce8f8c09d56ebf4d4252fe51a2fdfff9a93b98c37fa92dc2eef2f
TOASO,2025,2026,16,0.5776,1.0,high,MEDIUM,eligible_for_ranking,True,False,PREREG-2026-FORWARD-v1,bd9aa71a39e33e62d43197e034e8db86b82df0a5,PREREG-2026-FORWARD-v1:bd9aa71a39e3,7438ab40a47b5a1122ec8079d977bde7b7482a31f90dee0de79fd0f5f0212cb1,891d662f110518508b1474be032e5f4b2274d5c2328f16f56240b4a312914b44,3923888b548e6195b07e37b10efb38d0cd3e005a55070bc798139cda670eda78,97a7808d19fce8f8c09d56ebf4d4252fe51a2fdfff9a93b98c37fa92dc2eef2f
CIMSA,2025,2026,17,0.5399,1.0,high,MEDIUM,eligible_for_ranking,True,False,PREREG-2026-FORWARD-v1,bd9aa71a39e33e62d43197e034e8db86b82df0a5,PREREG-2026-FORWARD-v1:bd9aa71a39e3,7438ab40a47b5a1122ec8079d977bde7b7482a31f90dee0de79fd0f5f0212cb1,891d662f110518508b1474be032e5f4b2274d5c2328f16f56240b4a312914b44,3923888b548e6195b07e37b10efb38d0cd3e005a55070bc798139cda670eda78,97a7808d19fce8f8c09d56ebf4d4252fe51a2fdfff9a93b98c37fa92dc2eef2f
ARCLK,2025,2026,18,0.5382,1.0,high,MEDIUM,eligible_for_ranking,True,False,PREREG-2026-FORWARD-v1,bd9aa71a39e33e62d43197e034e8db86b82df0a5,PREREG-2026-FORWARD-v1:bd9aa71a39e3,7438ab40a47b5a1122ec8079d977bde7b7482a31f90dee0de79fd0f5f0212cb1,891d662f110518508b1474be032e5f4b2274d5c2328f16f56240b4a312914b44,3923888b548e6195b07e37b10efb38d0cd3e005a55070bc798139cda670eda78,97a7808d19fce8f8c09d56ebf4d4252fe51a2fdfff9a93b98c37fa92dc2eef2f
ASTOR,2025,2026,19,0.5235,1.0,high,MEDIUM,eligible_for_ranking,True,False,PREREG-2026-FORWARD-v1,bd9aa71a39e33e62d43197e034e8db86b82df0a5,PREREG-2026-FORWARD-v1:bd9aa71a39e3,7438ab40a47b5a1122ec8079d977bde7b7482a31f90dee0de79fd0f5f0212cb1,891d662f110518508b1474be032e5f4b2274d5c2328f16f56240b4a312914b44,3923888b548e6195b07e37b10efb38d0cd3e005a55070bc798139cda670eda78,97a7808d19fce8f8c09d56ebf4d4252fe51a2fdfff9a93b98c37fa92dc2eef2f
THYAO,2025,2026,20,0.5155,0.9167,high,MEDIUM,eligible_for_ranking,True,False,PREREG-2026-FORWARD-v1,bd9aa71a39e33e62d43197e034e8db86b82df0a5,PREREG-2026-FORWARD-v1:bd9aa71a39e3,7438ab40a47b5a1122ec8079d977bde7b7482a31f90dee0de79fd0f5f0212cb1,891d662f110518508b1474be032e5f4b2274d5c2328f16f56240b4a312914b44,3923888b548e6195b07e37b10efb38d0cd3e005a55070bc798139cda670eda78,97a7808d19fce8f8c09d56ebf4d4252fe51a2fdfff9a93b98c37fa92dc2eef2f
TRMET,2025,2026,21,0.5146,1.0,high,MEDIUM,eligible_for_ranking,True,False,PREREG-2026-FORWARD-v1,bd9aa71a39e33e62d43197e034e8db86b82df0a5,PREREG-2026-FORWARD-v1:bd9aa71a39e3,7438ab40a47b5a1122ec8079d977bde7b7482a31f90dee0de79fd0f5f0212cb1,891d662f110518508b1474be032e5f4b2274d5c2328f16f56240b4a312914b44,3923888b548e6195b07e37b10efb38d0cd3e005a55070bc798139cda670eda78,97a7808d19fce8f8c09d56ebf4d4252fe51a2fdfff9a93b98c37fa92dc2eef2f
BRSAN,2025,2026,22,0.4969,1.0,high,MEDIUM,eligible_for_ranking,True,False,PREREG-2026-FORWARD-v1,bd9aa71a39e33e62d43197e034e8db86b82df0a5,PREREG-2026-FORWARD-v1:bd9aa71a39e3,7438ab40a47b5a1122ec8079d977bde7b7482a31f90dee0de79fd0f5f0212cb1,891d662f110518508b1474be032e5f4b2274d5c2328f16f56240b4a312914b44,3923888b548e6195b07e37b10efb38d0cd3e005a55070bc798139cda670eda78,97a7808d19fce8f8c09d56ebf4d4252fe51a2fdfff9a93b98c37fa92dc2eef2f
CCOLA,2025,2026,23,0.4758,1.0,high,MEDIUM,eligible_for_ranking,True,False,PREREG-2026-FORWARD-v1,bd9aa71a39e33e62d43197e034e8db86b82df0a5,PREREG-2026-FORWARD-v1:bd9aa71a39e3,7438ab40a47b5a1122ec8079d977bde7b7482a31f90dee0de79fd0f5f0212cb1,891d662f110518508b1474be032e5f4b2274d5c2328f16f56240b4a312914b44,3923888b548e6195b07e37b10efb38d0cd3e005a55070bc798139cda670eda78,97a7808d19fce8f8c09d56ebf4d4252fe51a2fdfff9a93b98c37fa92dc2eef2f
AEFES,2025,2026,24,0.4741,1.0,high,MEDIUM,eligible_for_ranking,True,False,PREREG-2026-FORWARD-v1,bd9aa71a39e33e62d43197e034e8db86b82df0a5,PREREG-2026-FORWARD-v1:bd9aa71a39e3,7438ab40a47b5a1122ec8079d977bde7b7482a31f90dee0de79fd0f5f0212cb1,891d662f110518508b1474be032e5f4b2274d5c2328f16f56240b4a312914b44,3923888b548e6195b07e37b10efb38d0cd3e005a55070bc798139cda670eda78,97a7808d19fce8f8c09d56ebf4d4252fe51a2fdfff9a93b98c37fa92dc2eef2f
OYAKC,2025,2026,25,0.4722,1.0,high,MEDIUM,eligible_for_ranking,True,False,PREREG-2026-FORWARD-v1,bd9aa71a39e33e62d43197e034e8db86b82df0a5,PREREG-2026-FORWARD-v1:bd9aa71a39e3,7438ab40a47b5a1122ec8079d977bde7b7482a31f90dee0de79fd0f5f0212cb1,891d662f110518508b1474be032e5f4b2274d5c2328f16f56240b4a312914b44,3923888b548e6195b07e37b10efb38d0cd3e005a55070bc798139cda670eda78,97a7808d19fce8f8c09d56ebf4d4252fe51a2fdfff9a93b98c37fa92dc2eef2f
EREGL,2025,2026,26,0.4698,1.0,high,MEDIUM,eligible_for_ranking,True,False,PREREG-2026-FORWARD-v1,bd9aa71a39e33e62d43197e034e8db86b82df0a5,PREREG-2026-FORWARD-v1:bd9aa71a39e3,7438ab40a47b5a1122ec8079d977bde7b7482a31f90dee0de79fd0f5f0212cb1,891d662f110518508b1474be032e5f4b2274d5c2328f16f56240b4a312914b44,3923888b548e6195b07e37b10efb38d0cd3e005a55070bc798139cda670eda78,97a7808d19fce8f8c09d56ebf4d4252fe51a2fdfff9a93b98c37fa92dc2eef2f
ULKER,2025,2026,27,0.4655,1.0,high,MEDIUM,eligible_for_ranking,True,False,PREREG-2026-FORWARD-v1,bd9aa71a39e33e62d43197e034e8db86b82df0a5,PREREG-2026-FORWARD-v1:bd9aa71a39e3,7438ab40a47b5a1122ec8079d977bde7b7482a31f90dee0de79fd0f5f0212cb1,891d662f110518508b1474be032e5f4b2274d5c2328f16f56240b4a312914b44,3923888b548e6195b07e37b10efb38d0cd3e005a55070bc798139cda670eda78,97a7808d19fce8f8c09d56ebf4d4252fe51a2fdfff9a93b98c37fa92dc2eef2f
MAVI,2025,2026,28,0.4205,1.0,high,MEDIUM,eligible_for_ranking,True,False,PREREG-2026-FORWARD-v1,bd9aa71a39e33e62d43197e034e8db86b82df0a5,PREREG-2026-FORWARD-v1:bd9aa71a39e3,7438ab40a47b5a1122ec8079d977bde7b7482a31f90dee0de79fd0f5f0212cb1,891d662f110518508b1474be032e5f4b2274d5c2328f16f56240b4a312914b44,3923888b548e6195b07e37b10efb38d0cd3e005a55070bc798139cda670eda78,97a7808d19fce8f8c09d56ebf4d4252fe51a2fdfff9a93b98c37fa92dc2eef2f
DOAS,2025,2026,29,0.404,1.0,high,MEDIUM,eligible_for_ranking,True,False,PREREG-2026-FORWARD-v1,bd9aa71a39e33e62d43197e034e8db86b82df0a5,PREREG-2026-FORWARD-v1:bd9aa71a39e3,7438ab40a47b5a1122ec8079d977bde7b7482a31f90dee0de79fd0f5f0212cb1,891d662f110518508b1474be032e5f4b2274d5c2328f16f56240b4a312914b44,3923888b548e6195b07e37b10efb38d0cd3e005a55070bc798139cda670eda78,97a7808d19fce8f8c09d56ebf4d4252fe51a2fdfff9a93b98c37fa92dc2eef2f
TSKB,2025,2026,30,0.4019,1.0,high,MEDIUM,eligible_for_ranking,True,False,PREREG-2026-FORWARD-v1,bd9aa71a39e33e62d43197e034e8db86b82df0a5,PREREG-2026-FORWARD-v1:bd9aa71a39e3,7438ab40a47b5a1122ec8079d977bde7b7482a31f90dee0de79fd0f5f0212cb1,891d662f110518508b1474be032e5f4b2274d5c2328f16f56240b4a312914b44,3923888b548e6195b07e37b10efb38d0cd3e005a55070bc798139cda670eda78,97a7808d19fce8f8c09d56ebf4d4252fe51a2fdfff9a93b98c37fa92dc2eef2f
PASEU,2025,2026,31,0.386,0.8333,high,LOW,eligible_for_ranking,True,False,PREREG-2026-FORWARD-v1,bd9aa71a39e33e62d43197e034e8db86b82df0a5,PREREG-2026-FORWARD-v1:bd9aa71a39e3,7438ab40a47b5a1122ec8079d977bde7b7482a31f90dee0de79fd0f5f0212cb1,891d662f110518508b1474be032e5f4b2274d5c2328f16f56240b4a312914b44,3923888b548e6195b07e37b10efb38d0cd3e005a55070bc798139cda670eda78,97a7808d19fce8f8c09d56ebf4d4252fe51a2fdfff9a93b98c37fa92dc2eef2f
KUYAS,2025,2026,32,0.374,0.9167,high,LOW,eligible_for_ranking,True,False,PREREG-2026-FORWARD-v1,bd9aa71a39e33e62d43197e034e8db86b82df0a5,PREREG-2026-FORWARD-v1:bd9aa71a39e3,7438ab40a47b5a1122ec8079d977bde7b7482a31f90dee0de79fd0f5f0212cb1,891d662f110518508b1474be032e5f4b2274d5c2328f16f56240b4a312914b44,3923888b548e6195b07e37b10efb38d0cd3e005a55070bc798139cda670eda78,97a7808d19fce8f8c09d56ebf4d4252fe51a2fdfff9a93b98c37fa92dc2eef2f
MIATK,2025,2026,33,0.3557,1.0,high,LOW,eligible_for_ranking,True,False,PREREG-2026-FORWARD-v1,bd9aa71a39e33e62d43197e034e8db86b82df0a5,PREREG-2026-FORWARD-v1:bd9aa71a39e3,7438ab40a47b5a1122ec8079d977bde7b7482a31f90dee0de79fd0f5f0212cb1,891d662f110518508b1474be032e5f4b2274d5c2328f16f56240b4a312914b44,3923888b548e6195b07e37b10efb38d0cd3e005a55070bc798139cda670eda78,97a7808d19fce8f8c09d56ebf4d4252fe51a2fdfff9a93b98c37fa92dc2eef2f
KRDMD,2025,2026,34,0.3513,1.0,high,LOW,eligible_for_ranking,True,False,PREREG-2026-FORWARD-v1,bd9aa71a39e33e62d43197e034e8db86b82df0a5,PREREG-2026-FORWARD-v1:bd9aa71a39e3,7438ab40a47b5a1122ec8079d977bde7b7482a31f90dee0de79fd0f5f0212cb1,891d662f110518508b1474be032e5f4b2274d5c2328f16f56240b4a312914b44,3923888b548e6195b07e37b10efb38d0cd3e005a55070bc798139cda670eda78,97a7808d19fce8f8c09d56ebf4d4252fe51a2fdfff9a93b98c37fa92dc2eef2f
SASA,2025,2026,35,0.3377,1.0,high,LOW,eligible_for_ranking,True,False,PREREG-2026-FORWARD-v1,bd9aa71a39e33e62d43197e034e8db86b82df0a5,PREREG-2026-FORWARD-v1:bd9aa71a39e3,7438ab40a47b5a1122ec8079d977bde7b7482a31f90dee0de79fd0f5f0212cb1,891d662f110518508b1474be032e5f4b2274d5c2328f16f56240b4a312914b44,3923888b548e6195b07e37b10efb38d0cd3e005a55070bc798139cda670eda78,97a7808d19fce8f8c09d56ebf4d4252fe51a2fdfff9a93b98c37fa92dc2eef2f
BTCIM,2025,2026,36,0.3151,1.0,high,LOW,eligible_for_ranking,True,False,PREREG-2026-FORWARD-v1,bd9aa71a39e33e62d43197e034e8db86b82df0a5,PREREG-2026-FORWARD-v1:bd9aa71a39e3,7438ab40a47b5a1122ec8079d977bde7b7482a31f90dee0de79fd0f5f0212cb1,891d662f110518508b1474be032e5f4b2274d5c2328f16f56240b4a312914b44,3923888b548e6195b07e37b10efb38d0cd3e005a55070bc798139cda670eda78,97a7808d19fce8f8c09d56ebf4d4252fe51a2fdfff9a93b98c37fa92dc2eef2f
PETKM,2025,2026,37,0.3093,0.9167,high,LOW,eligible_for_ranking,True,False,PREREG-2026-FORWARD-v1,bd9aa71a39e33e62d43197e034e8db86b82df0a5,PREREG-2026-FORWARD-v1:bd9aa71a39e3,7438ab40a47b5a1122ec8079d977bde7b7482a31f90dee0de79fd0f5f0212cb1,891d662f110518508b1474be032e5f4b2274d5c2328f16f56240b4a312914b44,3923888b548e6195b07e37b10efb38d0cd3e005a55070bc798139cda670eda78,97a7808d19fce8f8c09d56ebf4d4252fe51a2fdfff9a93b98c37fa92dc2eef2f
KONTR,2025,2026,38,0.2742,1.0,high,LOW,eligible_for_ranking,True,False,PREREG-2026-FORWARD-v1,bd9aa71a39e33e62d43197e034e8db86b82df0a5,PREREG-2026-FORWARD-v1:bd9aa71a39e3,7438ab40a47b5a1122ec8079d977bde7b7482a31f90dee0de79fd0f5f0212cb1,891d662f110518508b1474be032e5f4b2274d5c2328f16f56240b4a312914b44,3923888b548e6195b07e37b10efb38d0cd3e005a55070bc798139cda670eda78,97a7808d19fce8f8c09d56ebf4d4252fe51a2fdfff9a93b98c37fa92dc2eef2f
CANTE,2025,2026,39,0.2371,1.0,high,LOW,eligible_for_ranking,True,False,PREREG-2026-FORWARD-v1,bd9aa71a39e33e62d43197e034e8db86b82df0a5,PREREG-2026-FORWARD-v1:bd9aa71a39e3,7438ab40a47b5a1122ec8079d977bde7b7482a31f90dee0de79fd0f5f0212cb1,891d662f110518508b1474be032e5f4b2274d5c2328f16f56240b4a312914b44,3923888b548e6195b07e37b10efb38d0cd3e005a55070bc798139cda670eda78,97a7808d19fce8f8c09d56ebf4d4252fe51a2fdfff9a93b98c37fa92dc2eef2f
HEKTS,2025,2026,40,0.2047,0.9167,high,LOW,eligible_for_ranking,True,False,PREREG-2026-FORWARD-v1,bd9aa71a39e33e62d43197e034e8db86b82df0a5,PREREG-2026-FORWARD-v1:bd9aa71a39e3,7438ab40a47b5a1122ec8079d977bde7b7482a31f90dee0de79fd0f5f0212cb1,891d662f110518508b1474be032e5f4b2274d5c2328f16f56240b4a312914b44,3923888b548e6195b07e37b10efb38d0cd3e005a55070bc798139cda670eda78,97a7808d19fce8f8c09d56ebf4d4252fe51a2fdfff9a93b98c37fa92dc2eef2f
