ticker,year,target_year,next_year_nominal_try_return_pct,cpi_december_yoy_pct,next_year_real_return_pct,usdtry_start_try_per_usd,usdtry_end_try_per_usd,next_year_usd_return_pct,real_target_status,usd_target_status
AEFES,2020,2021,33.8383838384,36.0800000000,-1.6472781905,7.3737301826,13.2904996872,-25.7448437812,derived,derived
ARCLK,2020,2021,69.9479940565,36.0800000000,24.8882966317,7.3737301826,13.2904996872,-5.7107947225,derived,derived
ASELS,2020,2021,14.7450110865,36.0800000000,-15.6782693368,7.3737301826,13.2904996872,-36.3380782164,derived,derived
ASTOR,2020,2021,56.9479912879,36.0800000000,15.3350905996,7.3737301826,13.2904996872,-12.9233536966,derived,derived
BIMAS,2020,2021,-13.7995049505,36.0800000000,-36.6545450841,7.3737301826,13.2904996872,-52.1749214054,derived,derived
BRSAN,2020,2021,-3.0172413793,36.0800000000,-28.7310709725,7.3737301826,13.2904996872,-46.1927909963,derived,derived
BTCIM,2020,2021,200.0000000000,36.0800000000,120.4585537919,7.3737301826,13.2904996872,66.4436331849,derived,derived
CANTE,2020,2021,56.9479912879,36.0800000000,15.3350905996,7.3737301826,13.2904996872,-12.9233536966,derived,derived
CCOLA,2020,2021,38.6446886447,36.0800000000,1.8846918318,7.3737301826,13.2904996872,-23.0782476673,derived,derived
CIMSA,2020,2021,67.0886075949,36.0800000000,22.7870426183,7.3737301826,13.2904996872,-7.2972169603,derived,derived
DOAS,2020,2021,72.5165562914,36.0800000000,26.7758350172,7.3737301826,13.2904996872,-4.2857252877,derived,derived
DSTKF,2020,2021,56.9479912879,36.0800000000,15.3350905996,7.3737301826,13.2904996872,-12.9233536966,derived,derived
ENKAI,2020,2021,111.6607773852,36.0800000000,55.5414295893,7.3737301826,13.2904996872,17.4319626357,derived,derived
EREGL,2020,2021,116.2790697674,36.0800000000,58.9352364546,7.3737301826,13.2904996872,19.9942471798,derived,derived
FROTO,2020,2021,99.0394877268,36.0800000000,46.2665253724,7.3737301826,13.2904996872,10.4295182817,derived,derived
GUBRF,2020,2021,-0.7746933505,36.0800000000,-27.0831079884,7.3737301826,13.2904996872,-44.9485981913,derived,derived
HEKTS,2020,2021,169.5652173913,36.0800000000,98.0931932623,7.3737301826,13.2904996872,49.5580472096,derived,derived
KONTR,2020,2021,155.8441558442,36.0800000000,88.0101086450,7.3737301826,13.2904996872,41.9454360927,derived,derived
KRDMD,2020,2021,56.8807339450,36.0800000000,15.2856657444,7.3737301826,13.2904996872,-12.9606688850,derived,derived
KUYAS,2020,2021,116.9491525424,36.0800000000,59.4276547196,7.3737301826,13.2904996872,20.3660172184,derived,derived
MAVI,2020,2021,32.5342465753,36.0800000000,-2.6056389070,7.3737301826,13.2904996872,-26.4683949286,derived,derived
MGROS,2020,2021,-15.2991250887,36.0800000000,-37.7565587071,7.3737301826,13.2904996872,-53.0069288194,derived,derived
MIATK,2020,2021,56.9479912879,36.0800000000,15.3350905996,7.3737301826,13.2904996872,-12.9233536966,derived,derived
OYAKC,2020,2021,-13.0044843049,36.0800000000,-36.0703147450,7.3737301826,13.2904996872,-51.7338343231,derived,derived
PASEU,2020,2021,56.9479912879,36.0800000000,15.3350905996,7.3737301826,13.2904996872,-12.9233536966,derived,derived
PETKM,2020,2021,56.6265060241,36.0800000000,15.0988433452,7.3737301826,13.2904996872,-13.1017176143,derived,derived
PGSUS,2020,2021,16.3319946452,36.0800000000,-14.5120556693,7.3737301826,13.2904996872,-35.4576005187,derived,derived
SASA,2020,2021,242.8571428571,36.0800000000,151.9526329050,7.3737301826,13.2904996872,90.2212950684,derived,derived
SISE,2020,2021,85.3115727003,36.0800000000,36.1784043947,7.3737301826,13.2904996872,2.8131047715,derived,derived
TAVHL,2020,2021,54.8295454545,36.0800000000,13.7783255839,7.3737301826,13.2904996872,-14.0986931006,derived,derived
TCELL,2020,2021,21.3967310550,36.0800000000,-10.7901741219,7.3737301826,13.2904996872,-32.6476234215,derived,derived
THYAO,2020,2021,57.9967689822,36.0800000000,16.1057973120,7.3737301826,13.2904996872,-12.3414791304,derived,derived
TOASO,2020,2021,139.9176954733,36.0800000000,76.3063605771,7.3737301826,13.2904996872,33.1092429997,derived,derived
TRALT,2020,2021,8.8495575221,36.0800000000,-20.0106132260,7.3737301826,13.2904996872,-39.6089472515,derived,derived
TRMET,2020,2021,8.9480048368,36.0800000000,-19.9382680506,7.3737301826,13.2904996872,-39.5543274891,derived,derived
TSKB,2020,2021,-18.6440677966,36.0800000000,-40.2146294802,7.3737301826,13.2904996872,-54.8627435431,derived,derived
TTKOM,2020,2021,16.9863013699,36.0800000000,-14.0312306218,7.3737301826,13.2904996872,-35.0945832238,derived,derived
TUPRS,2020,2021,40.4697380307,36.0800000000,3.2258509926,7.3737301826,13.2904996872,-22.0656881655,derived,derived
TURSG,2020,2021,-24.6376811594,36.0800000000,-44.6191072600,7.3737301826,13.2904996872,-58.1880728231,derived,derived
ULKER,2020,2021,-23.6991485336,36.0800000000,-43.9294154421,7.3737301826,13.2904996872,-57.6673635561,derived,derived
AEFES,2021,2022,137.5000000000,64.2700000000,44.5790466914,13.2904996872,18.7029895782,68.7694719880,derived,derived
ARCLK,2021,2022,134.1116535767,64.2700000000,42.5163776567,13.2904996872,18.7029895782,66.3616848858,derived,derived
ASELS,2021,2022,186.4939870490,64.2700000000,74.4043264437,13.2904996872,18.7029895782,103.5850059874,derived,derived
ASTOR,2021,2022,268.5459429240,64.2700000000,124.3537730103,13.2904996872,18.7029895782,161.8918071184,derived,derived
BIMAS,2021,2022,118.7777398429,64.2700000000,33.1817981634,13.2904996872,18.7029895782,55.4652784675,derived,derived
BRSAN,2021,2022,203.6488439306,64.2700000000,84.8474121450,13.2904996872,18.7029895782,115.7753897261,derived,derived
BTCIM,2021,2022,181.2500000000,64.2700000000,71.2120289767,13.2904996872,18.7029895782,99.8585852490,derived,derived
CANTE,2021,2022,922.0588235294,64.2700000000,522.1822752355,13.2904996872,18.7029895782,626.2834862642,derived,derived
CCOLA,2021,2022,131.5994798440,64.2700000000,40.9870821477,13.2904996872,18.7029895782,64.5765133725,derived,derived
CIMSA,2021,2022,235.1620947631,64.2700000000,104.0312258861,13.2904996872,18.7029895782,138.1689674255,derived,derived
DOAS,2021,2022,397.1014492754,64.2700000000,202.6124364007,13.2904996872,18.7029895782,253.2444173418,derived,derived
DSTKF,2021,2022,268.5459429240,64.2700000000,124.3537730103,13.2904996872,18.7029895782,161.8918071184,derived,derived
EGEEN,2021,2022,266.8743000000,64.2700000000,123.3361538930,13.2904996872,18.7029895782,160.7039237767,derived,derived
ENKAI,2021,2022,139.0283400810,64.2700000000,45.5094296469,13.2904996872,18.7029895782,69.8555231395,derived,derived
EREGL,2021,2022,60.8764940239,64.2700000000,-2.0658099325,13.2904996872,18.7029895782,14.3201724282,derived,derived
FROTO,2021,2022,120.0304259635,64.2700000000,33.9443757007,13.2904996872,18.7029895782,56.3554476259,derived,derived
GUBRF,2021,2022,239.7172236504,64.2700000000,106.8041782738,13.2904996872,18.7029895782,141.4058798346,derived,derived
HEKTS,2021,2022,619.6808510638,64.2700000000,338.1085110269,13.2904996872,18.7029895782,411.4111883534,derived,derived
KONTR,2021,2022,1124.2718446602,64.2700000000,645.2802365984,13.2904996872,18.7029895782,769.9777380761,derived,derived
KRDMD,2021,2022,102.8473804100,64.2700000000,23.4841300359,13.2904996872,18.7029895782,44.1450327829,derived,derived
KUYAS,2021,2022,372.1428571429,64.2700000000,187.4187965805,13.2904996872,18.7029895782,235.5086345386,derived,derived
MAVI,2021,2022,287.8238341969,64.2700000000,136.0892641364,13.2904996872,18.7029895782,175.5908367233,derived,derived
MGROS,2021,2022,274.6952045516,64.2700000000,128.0971598902,13.2904996872,18.7029895782,166.2615234889,derived,derived
MIATK,2021,2022,230.2816901408,64.2700000000,101.0602606324,13.2904996872,18.7029895782,134.7009113784,derived,derived
OYAKC,2021,2022,157.0000000000,64.2700000000,56.4497473671,13.2904996872,18.7029895782,82.6263338986,derived,derived
PASEU,2021,2022,268.5459429240,64.2700000000,124.3537730103,13.2904996872,18.7029895782,161.8918071184,derived,derived
PETKM,2021,2022,147.0297029703,64.2700000000,50.3802903575,13.2904996872,18.7029895782,75.5413580448,derived,derived
PGSUS,2021,2022,434.6216657594,64.2700000000,225.4530137940,13.2904996872,18.7029895782,279.9065947097,derived,derived
SASA,2021,2022,312.4137931034,64.2700000000,151.0584970496,13.2904996872,18.7029895782,193.0646656953,derived,derived
SISE,2021,2022,215.7650695518,64.2700000000,92.2232115126,13.2904996872,18.7029895782,124.3852802548,derived,derived
TAVHL,2021,2022,175.0000000000,64.2700000000,67.4073172216,13.2904996872,18.7029895782,95.4172833545,derived,derived
TCELL,2021,2022,105.0295857988,64.2700000000,24.8125560351,13.2904996872,18.7029895782,45.6957260513,derived,derived
THYAO,2021,2022,544.9390815370,64.2700000000,292.6091687691,13.2904996872,18.7029895782,358.2990663387,derived,derived
TOASO,2021,2022,117.0136171545,64.2700000000,32.1078816305,13.2904996872,18.7029895782,54.2116782373,derived,derived
TRALT,2021,2022,423.9130434783,64.2700000000,218.9340984223,13.2904996872,18.7029895782,272.2969588019,derived,derived
TRMET,2021,2022,184.3501326260,64.2700000000,73.0992467438,13.2904996872,18.7029895782,102.0615652337,derived,derived
TSKB,2021,2022,195.2702702703,64.2700000000,79.7469229137,13.2904996872,18.7029895782,109.8215057148,derived,derived
TTKOM,2021,2022,179.4084186576,64.2700000000,70.0909591877,13.2904996872,18.7029895782,98.5499422562,derived,derived
TUPRS,2021,2022,218.7574671446,64.2700000000,94.0448451601,13.2904996872,18.7029895782,126.5117028304,derived,derived
TURSG,2021,2022,162.2641509434,64.2700000000,59.6543196831,13.2904996872,18.7029895782,86.3670832678,derived,derived
ULKER,2021,2022,144.3236714976,64.2700000000,48.7329831969,13.2904996872,18.7029895782,73.6184296119,derived,derived
AEFES,2022,2023,105.8015267176,64.7700000000,24.9023042529,18.7029895782,29.5198001862,30.3905780221,derived,derived
AGESA,2022,2023,56.0609000000,64.7700000000,-5.2856102446,18.7029895782,29.5198001862,-1.1238095159,derived,derived
AGHOL,2022,2023,83.6047000000,64.7700000000,11.4309036839,18.7029895782,29.5198001862,16.3272369375,derived,derived
AKBNK,2022,2023,105.9029000000,64.7700000000,24.9638283668,18.7029895782,29.5198001862,30.4548055383,derived,derived
AKENR,2022,2023,-19.6998000000,64.7700000000,-51.2652788736,18.7029895782,29.5198001862,-49.1238492722,derived,derived
AKSA,2022,2023,15.7236000000,64.7700000000,-29.7665837228,18.7029895782,29.5198001862,-26.6804900067,derived,derived
AKSEN,2022,2023,-34.8610000000,64.7700000000,-60.4667111732,18.7029895782,29.5198001862,-58.7295974075,derived,derived
ALARK,2022,2023,12.7927000000,64.7700000000,-31.5453662681,18.7029895782,29.5198001862,-28.5374332045,derived,derived
ALBRK,2022,2023,14.0299000000,64.7700000000,-30.7945014262,18.7029895782,29.5198001862,-27.7535749615,derived,derived
ANHYT,2022,2023,76.0109000000,64.7700000000,6.8221763671,18.7029895782,29.5198001862,11.5159996878,derived,derived
ARCLK,2022,2023,12.0118549512,64.7700000000,-32.0192662795,18.7029895782,29.5198001862,-29.0321566348,derived,derived
ASELS,2022,2023,39.5153774464,64.7700000000,-15.3271970344,18.7029895782,29.5198001862,-11.6066289772,derived,derived
ASTOR,2022,2023,69.7375804212,64.7700000000,3.0148573291,18.7029895782,29.5198001862,7.5413850237,derived,derived
BERA,2022,2023,-23.4718000000,64.7700000000,-53.5545305577,18.7029895782,29.5198001862,-51.5136918946,derived,derived
BIMAS,2022,2023,120.7131901840,64.7700000000,33.9522911841,18.7029895782,29.5198001862,39.8382261989,derived,derived
BRSAN,2022,2023,602.3172905526,64.7700000000,326.2409968760,18.7029895782,29.5198001862,344.9702532856,derived,derived
BTCIM,2022,2023,189.2307692308,64.7700000000,75.5360619231,18.7029895782,29.5198001862,83.2492099708,derived,derived
CANTE,2022,2023,-70.2879581152,64.7700000000,-81.9675657675,18.7029895782,29.5198001862,-81.1752110037,derived,derived
CCOLA,2022,2023,153.1147540984,64.7700000000,53.6170140792,18.7029895782,29.5198001862,60.3670274910,derived,derived
CEMTS,2022,2023,-20.4267000000,64.7700000000,-51.7064392790,18.7029895782,29.5198001862,-49.5843945008,derived,derived
CIMSA,2022,2023,103.5842293907,64.7700000000,23.5566118776,18.7029895782,29.5198001862,28.9857552071,derived,derived
DEVA,2022,2023,9.5875000000,64.7700000000,-33.4906232931,18.7029895782,29.5198001862,-30.5681658591,derived,derived
DOAS,2022,2023,51.6756503398,64.7700000000,-7.9470471932,18.7029895782,29.5198001862,-3.9021914214,derived,derived
DOHOL,2022,2023,7.5082000000,64.7700000000,-34.7525641804,18.7029895782,29.5198001862,-31.8855571011,derived,derived
DSTKF,2022,2023,69.7375804212,64.7700000000,3.0148573291,18.7029895782,29.5198001862,7.5413850237,derived,derived
EGEEN,2022,2023,70.4855000000,64.7700000000,3.4687746556,18.7029895782,29.5198001862,8.0152477192,derived,derived
EKGYO,2022,2023,-18.5162000000,64.7700000000,-50.5469442253,18.7029895782,29.5198001862,-48.3739506169,derived,derived
ENJSA,2022,2023,35.8885000000,64.7700000000,-17.5283728834,18.7029895782,29.5198001862,-13.9045256653,derived,derived
ENKAI,2022,2023,1.6252072968,64.7700000000,-38.3229912625,18.7029895782,29.5198001862,-35.6128706507,derived,derived
EREGL,2022,2023,-4.1567128524,64.7700000000,-41.8320767448,18.7029895782,29.5198001862,-39.2761472179,derived,derived
FROTO,2022,2023,45.4402868026,64.7700000000,-11.7313304591,18.7029895782,29.5198001862,-7.8527581094,derived,derived
GARAN,2022,2023,109.0705000000,64.7700000000,26.8862657037,18.7029895782,29.5198001862,32.4617157957,derived,derived
GUBRF,2022,2023,-44.1944847605,64.7700000000,-66.1312646480,18.7029895782,29.5198001862,-64.6430543789,derived,derived
HALKB,2022,2023,-9.8570000000,64.7700000000,-45.2916186199,18.7029895782,29.5198001862,-42.8877032055,derived,derived
HEKTS,2022,2023,-46.6420664207,64.7700000000,-67.6167181044,18.7029895782,29.5198001862,-66.1937794513,derived,derived
ISCTR,2022,2023,96.9450000000,64.7700000000,19.5272197609,18.7029895782,29.5198001862,24.7793094548,derived,derived
ISGYO,2022,2023,45.7707000000,64.7700000000,-11.5308005098,18.7029895782,29.5198001862,-7.6434167674,derived,derived
KCHOL,2022,2023,73.2217000000,64.7700000000,5.1293924865,18.7029895782,29.5198001862,9.7488339820,derived,derived
KONTR,2022,2023,31.7974105103,64.7700000000,-20.0112820839,18.7029895782,29.5198001862,-16.4965352184,derived,derived
KRDMD,2022,2023,29.5528898582,64.7700000000,-21.3734964749,18.7029895782,29.5198001862,-17.9186060352,derived,derived
KRVGD,2022,2023,-29.3945000000,64.7700000000,-57.1490562602,18.7029895782,29.5198001862,-55.2661629708,derived,derived
KUYAS,2022,2023,102.5718608169,64.7700000000,22.9421987115,18.7029895782,29.5198001862,28.3443443993,derived,derived
LOGO,2022,2023,9.0392000000,64.7700000000,-33.8233901803,18.7029895782,29.5198001862,-30.9155547005,derived,derived
MAVI,2022,2023,78.4415584416,64.7700000000,8.2973590105,18.7029895782,29.5198001862,13.0560026423,derived,derived
MGROS,2022,2023,128.2454144746,64.7700000000,38.5236477967,18.7029895782,29.5198001862,44.6104506556,derived,derived
MIATK,2022,2023,291.1159263272,64.7700000000,137.3708359090,18.7029895782,29.5198001862,147.8010368575,derived,derived
MPARK,2022,2023,65.1885000000,64.7700000000,0.2539904109,18.7029895782,29.5198001862,4.6592041427,derived,derived
NETAS,2022,2023,-1.7619000000,64.7700000000,-40.3786490259,18.7029895782,29.5198001862,-37.7588551110,derived,derived
NTGAZ,2022,2023,15.2502000000,64.7700000000,-30.0538933058,18.7029895782,29.5198001862,-26.9804241259,derived,derived
ODAS,2022,2023,-26.6667000000,64.7700000000,-55.4935364447,18.7029895782,29.5198001862,-53.5378987329,derived,derived
OTKAR,2022,2023,104.9615000000,64.7700000000,24.3924864963,18.7029895782,29.5198001862,29.8583586018,derived,derived
OYAKC,2022,2023,152.7001862197,64.7700000000,53.3654100988,18.7029895782,29.5198001862,60.1043678977,derived,derived
PASEU,2022,2023,69.7375804212,64.7700000000,3.0148573291,18.7029895782,29.5198001862,7.5413850237,derived,derived
PETKM,2022,2023,-10.9099804305,64.7700000000,-45.9306793898,18.7029895782,29.5198001862,-43.5548446460,derived,derived
PGSUS,2022,2023,28.8942774006,64.7700000000,-21.7732127204,18.7029895782,29.5198001862,-18.3358860254,derived,derived
PRKME,2022,2023,-22.0863000000,64.7700000000,-52.7136614675,18.7029895782,29.5198001862,-50.6358745687,derived,derived
RGYAS,2022,2023,,64.7700000000,,18.7029895782,29.5198001862,,missing_nominal_target,missing_nominal_target
SAHOL,2022,2023,40.3014000000,64.7700000000,-14.8501547612,18.7029895782,29.5198001862,-11.1086252124,derived,derived
SASA,2022,2023,-22.1843003413,64.7700000000,-52.7731385211,18.7029895782,29.5198001862,-50.6979650757,derived,derived
SELEC,2022,2023,53.2321000000,64.7700000000,-7.0024276264,18.7029895782,29.5198001862,-2.9160647678,derived,derived
SISE,2022,2023,4.3048694425,64.7700000000,-36.6966866283,18.7029895782,29.5198001862,-33.9151053248,derived,derived
SKBNK,2022,2023,43.1258000000,64.7700000000,-13.1360077684,18.7029895782,29.5198001862,-9.3191576878,derived,derived
SMRTG,2022,2023,25.3811000000,64.7700000000,-23.9053832615,18.7029895782,29.5198001862,-20.5617452757,derived,derived
SOKM,2022,2023,94.8398000000,64.7700000000,18.2495599927,18.7029895782,29.5198001862,23.4455086360,derived,derived
TAVHL,2022,2023,12.0375195414,64.7700000000,-32.0036902704,18.7029895782,29.5198001862,-29.0158962075,derived,derived
TBORG,2022,2023,90.2597000000,64.7700000000,15.4698670875,18.7029895782,29.5198001862,20.5436745441,derived,derived
TCELL,2022,2023,42.5845147219,64.7700000000,-13.4645173746,18.7029895782,29.5198001862,-9.6621021810,derived,derived
THYAO,2022,2023,55.7291303438,64.7700000000,-5.4869634376,18.7029895782,29.5198001862,-1.3340102754,derived,derived
TOASO,2022,2023,26.1597222222,64.7700000000,-23.4328322982,18.7029895782,29.5198001862,-20.0684301714,derived,derived
TRALT,2022,2023,-33.0246913580,64.7700000000,-59.3522433441,18.7029895782,29.5198001862,-57.5661592685,derived,derived
TRMET,2022,2023,-24.2500000000,64.7700000000,-54.0268252716,18.7029895782,29.5198001862,-52.0067394897,derived,derived
TSKB,2022,2023,43.3260393873,64.7700000000,-13.0144811633,18.7029895782,29.5198001862,-9.1922911389,derived,derived
TTKOM,2022,2023,-7.7971233914,64.7700000000,-44.0414659170,18.7029895782,29.5198001862,-41.5826181270,derived,derived
TUPRS,2022,2023,111.1792014856,64.7700000000,28.1660505466,18.7029895782,29.5198001862,33.7977350661,derived,derived
TURSG,2022,2023,202.6666666667,64.7700000000,83.6903967146,18.7029895782,29.5198001862,91.7618505759,derived,derived
ULKER,2022,2023,77.4004683841,64.7700000000,7.6655145864,18.7029895782,29.5198001862,12.3963946377,derived,derived
ULUSE,2022,2023,-44.1277000000,64.7700000000,-66.0907325363,18.7029895782,29.5198001862,-64.6007412646,derived,derived
VAKBN,2022,2023,7.9899000000,64.7700000000,-34.4602172726,18.7029895782,29.5198001862,-31.5803643144,derived,derived
VESTL,2022,2023,-35.1018000000,64.7700000000,-60.6128542817,18.7029895782,29.5198001862,-58.8821621221,derived,derived
YKBNK,2022,2023,80.4774000000,64.7700000000,9.5329246829,18.7029895782,29.5198001862,14.3458597284,derived,derived
ZOREN,2022,2023,-1.7421000000,64.7700000000,-40.3666322753,18.7029895782,29.5198001862,-37.7463103380,derived,derived
AEFES,2023,2024,40.9495548961,44.3800000000,-2.3759835877,29.5198001862,35.3052482605,17.8522429914,derived,derived
AGESA,2023,2024,166.5029000000,44.3800000000,84.5843607148,29.5198001862,35.3052482605,122.8312430774,derived,derived
AGHOL,2023,2024,57.1332000000,44.3800000000,8.8330793739,29.5198001862,35.3052482605,31.3838846959,derived,derived
AKBNK,2023,2024,85.2980000000,44.3800000000,28.3404903726,29.5198001862,35.3052482605,54.9333372348,derived,derived
AKENR,2023,2024,207.9439000000,44.3800000000,113.2870896246,29.5198001862,35.3052482605,157.4813333555,derived,derived
AKSA,2023,2024,58.7508000000,44.3800000000,9.9534561574,29.5198001862,35.3052482605,32.7364096358,derived,derived
AKSEN,2023,2024,35.5593000000,44.3800000000,-6.1093641779,29.5198001862,35.3052482605,13.3452856599,derived,derived
ALARK,2023,2024,2.3737000000,44.3800000000,-29.0942651337,29.5198001862,35.3052482605,-14.4022116479,derived,derived
ALBRK,2023,2024,68.3246000000,44.3800000000,16.5844299765,29.5198001862,35.3052482605,40.7413572554,derived,derived
ANHYT,2023,2024,187.1058000000,44.3800000000,98.8542734451,29.5198001862,35.3052482605,140.0579592520,derived,derived
ARCLK,2023,2024,10.5058365759,44.3800000000,-23.4618114864,29.5198001862,35.3052482605,-7.6026830045,derived,derived
ASELS,2023,2024,61.4339790692,44.3800000000,11.8118708057,29.5198001862,35.3052482605,34.9798978958,derived,derived
ASTOR,2023,2024,22.4474229051,44.3800000000,-15.1908692997,29.5198001862,35.3052482605,2.3820433382,derived,derived
BERA,2023,2024,30.0523000000,44.3800000000,-9.9236043773,29.5198001862,35.3052482605,8.7407141689,derived,derived
BIMAS,2023,2024,79.1841840103,44.3800000000,24.1059592813,29.5198001862,35.3052482605,49.8213882957,derived,derived
BRSAN,2023,2024,-27.0727580372,44.3800000000,-49.4893739003,29.5198001862,35.3052482605,-39.0232977548,derived,derived
BTCIM,2023,2024,21.2765957447,44.3800000000,-16.0018037507,29.5198001862,35.3052482605,1.4030788632,derived,derived
CANTE,2023,2024,-26.8722466960,44.3800000000,-49.3504963956,29.5198001862,35.3052482605,-38.8556440767,derived,derived
CCOLA,2023,2024,26.7487046632,44.3800000000,-12.2117296972,29.5198001862,35.3052482605,5.9784768517,derived,derived
CEMTS,2023,2024,-6.0206000000,44.3800000000,-34.9082975481,29.5198001862,35.3052482605,-21.4209431655,derived,derived
CIMSA,2023,2024,64.0845070423,44.3800000000,13.6476707593,29.5198001862,35.3052482605,37.1960855734,derived,derived
DEVA,2023,2024,4.0842000000,44.3800000000,-27.9095442582,29.5198001862,35.3052482605,-12.9720101706,derived,derived
DOAS,2023,2024,-12.0467655542,44.3800000000,-39.0821204836,29.5198001862,35.3052482605,-26.4596048890,derived,derived
DOHOL,2023,2024,31.4133000000,44.3800000000,-8.9809530406,29.5198001862,35.3052482605,9.8786879839,derived,derived
DSTKF,2023,2024,37.5732529546,44.3800000000,-4.7144667166,29.5198001862,35.3052482605,15.0292134535,derived,derived
EGEEN,2023,2024,-5.0002000000,44.3800000000,-34.2015514614,29.5198001862,35.3052482605,-20.5677554499,derived,derived
EKGYO,2023,2024,97.9651000000,44.3800000000,37.1139354481,29.5198001862,35.3052482605,65.5246877949,derived,derived
ENJSA,2023,2024,34.8663000000,44.3800000000,-6.5893475551,29.5198001862,35.3052482605,12.7658471193,derived,derived
ENKAI,2023,2024,49.5104438642,44.3800000000,3.5534311291,29.5198001862,35.3052482605,25.0102646512,derived,derived
EREGL,2023,2024,20.4885343968,44.3800000000,-16.5476282056,29.5198001862,35.3052482605,0.7441566160,derived,derived
FROTO,2023,2024,33.2306270220,44.3800000000,-7.7222419850,29.5198001862,35.3052482605,11.3982108086,derived,derived
GARAN,2023,2024,122.9205000000,44.3800000000,54.3984623909,29.5198001862,35.3052482605,86.3906626248,derived,derived
GUBRF,2023,2024,86.6059817945,44.3800000000,29.2464204146,29.5198001862,35.3052482605,56.0269809032,derived,derived
HALKB,2023,2024,35.2254000000,44.3800000000,-6.3406288960,29.5198001862,35.3052482605,13.0661016358,derived,derived
HEKTS,2023,2024,-46.4730290456,44.3800000000,-62.9263257000,29.5198001862,35.3052482605,-55.2444589686,derived,derived
ISCTR,2023,2024,48.6790000000,44.3800000000,2.9775592187,29.5198001862,35.3052482605,24.3150689524,derived,derived
ISGYO,2023,2024,20.9542000000,44.3800000000,-16.2251004294,29.5198001862,35.3052482605,1.1335138996,derived,derived
KCHOL,2023,2024,30.7964000000,44.3800000000,-9.4082282865,29.5198001862,35.3052482605,9.3628789857,derived,derived
KONTR,2023,2024,-42.5021670038,44.3800000000,-60.1760403129,29.5198001862,35.3052482605,-51.9242995074,derived,derived
KRDMD,2023,2024,14.0572390572,44.3800000000,-21.0020507984,29.5198001862,35.3052482605,-4.6332465384,derived,derived
KRVGD,2023,2024,0.8022000000,44.3800000000,-30.1827122870,29.5198001862,35.3052482605,-15.7161909648,derived,derived
KUYAS,2023,2024,54.5929798357,44.3800000000,7.0736804514,29.5198001862,35.3052482605,29.2599287581,derived,derived
LOGO,2023,2024,52.9881000000,44.3800000000,5.9621138662,29.5198001862,35.3052482605,27.9180395375,derived,derived
MAVI,2023,2024,53.0567685590,44.3800000000,6.0096748573,29.5198001862,35.3052482605,27.9754554243,derived,derived
MGROS,2023,2024,66.8089082697,44.3800000000,15.5346365631,29.5198001862,35.3052482605,39.4740409434,derived,derived
MIATK,2023,2024,16.7313019391,44.3800000000,-19.1499501738,29.5198001862,35.3052482605,-2.3973806022,derived,derived
MPARK,2023,2024,156.3758000000,44.3800000000,77.5701620723,29.5198001862,35.3052482605,114.3636643690,derived,derived
NETAS,2023,2024,59.9612000000,44.3800000000,10.7917994182,29.5198001862,35.3052482605,33.7484621749,derived,derived
NTGAZ,2023,2024,-13.3793000000,44.3800000000,-40.0050561020,29.5198001862,35.3052482605,-27.5737777817,derived,derived
ODAS,2023,2024,-26.9091000000,44.3800000000,-49.3760216096,29.5198001862,35.3052482605,-38.8864582538,derived,derived
OTKAR,2023,2024,15.4475000000,44.3800000000,-20.0391328439,29.5198001862,35.3052482605,-3.4708067523,derived,derived
OYAKC,2023,2024,68.7546057480,44.3800000000,16.8822591411,29.5198001862,35.3052482605,41.1008982411,derived,derived
PASEU,2023,2024,124.6200607903,44.3800000000,55.5756065870,29.5198001862,35.3052482605,87.8117174936,derived,derived
PETKM,2023,2024,-0.6040637013,44.3800000000,-31.1567140194,29.5198001862,35.3052482605,-16.8920111478,derived,derived
PGSUS,2023,2024,60.2829407781,44.3800000000,11.0146424561,29.5198001862,35.3052482605,34.0174795009,derived,derived
PRKME,2023,2024,28.9104000000,44.3800000000,-10.7145033938,29.5198001862,35.3052482605,7.7859365793,derived,derived
RGYAS,2023,2024,,44.3800000000,,29.5198001862,35.3052482605,,missing_nominal_target,missing_nominal_target
SAHOL,2023,2024,64.0394000000,44.3800000000,13.6164288683,29.5198001862,35.3052482605,37.1583701929,derived,derived
SASA,2023,2024,-10.7456140351,44.3800000000,-38.1809212045,29.5198001862,35.3052482605,-25.3716722232,derived,derived
SELEC,2023,2024,30.4578000000,44.3800000000,-9.6427483031,29.5198001862,35.3052482605,9.0797651475,derived,derived
SISE,2023,2024,-8.1416328372,44.3800000000,-36.3773603250,29.5198001862,35.3052482605,-23.1944037309,derived,derived
SKBNK,2023,2024,11.3327000000,44.3800000000,-22.8891120654,29.5198001862,35.3052482605,-6.9113171520,derived,derived
SMRTG,2023,2024,-26.4434000000,44.3800000000,-49.0534700097,29.5198001862,35.3052482605,-38.4970722099,derived,derived
SOKM,2023,2024,-20.1402000000,44.3800000000,-44.6877683890,29.5198001862,35.3052482605,-33.2267734951,derived,derived
TAVHL,2023,2024,154.8837209302,44.3800000000,76.5367231820,29.5198001862,35.3052482605,113.1160913261,derived,derived
TBORG,2023,2024,104.7152000000,44.3800000000,41.7891674747,29.5198001862,35.3052482605,71.1686532973,derived,derived
TCELL,2023,2024,70.5927342256,44.3800000000,18.1553776324,29.5198001862,35.3052482605,42.6378138004,derived,derived
THYAO,2023,2024,22.9198387819,44.3800000000,-14.8636661713,29.5198001862,35.3052482605,2.7770447325,derived,derived
TOASO,2023,2024,5.3228381131,44.3800000000,-27.0516428085,29.5198001862,35.3052482605,-11.9363468796,derived,derived
TRALT,2023,2024,15.6169994880,44.3800000000,-19.9217346669,29.5198001862,35.3052482605,-3.3290830352,derived,derived
TRMET,2023,2024,75.0353606789,44.3800000000,21.2324149321,29.5198001862,35.3052482605,46.3524299457,derived,derived
TSKB,2023,2024,86.5648854962,44.3800000000,29.2179564318,29.5198001862,35.3052482605,55.9926190286,derived,derived
TTKOM,2023,2024,78.4893267652,44.3800000000,23.6246895451,29.5198001862,35.3052482605,49.2403968555,derived,derived
TUPRS,2023,2024,13.4189236722,44.3800000000,-21.4441586978,29.5198001862,35.3052482605,-5.1669615964,derived,derived
TURSG,2023,2024,97.7973568282,44.3800000000,36.9977537250,29.5198001862,35.3052482605,65.3844325876,derived,derived
ULKER,2023,2024,43.8019801980,44.3800000000,-0.4003461712,29.5198001862,35.3052482605,20.2372432139,derived,derived
ULUSE,2023,2024,26.5803000000,44.3800000000,-12.3283695803,29.5198001862,35.3052482605,5.8376685511,derived,derived
VAKBN,2023,2024,81.6199000000,44.3800000000,25.7929768666,29.5198001862,35.3052482605,51.8579650900,derived,derived
VESTL,2023,2024,54.1955000000,44.3800000000,6.7983792769,29.5198001862,35.3052482605,28.9275836846,derived,derived
YKBNK,2023,2024,63.5084000000,44.3800000000,13.2486493974,29.5198001862,35.3052482605,36.7143848176,derived,derived
ZOREN,2023,2024,3.0733000000,44.3800000000,-28.6097104862,29.5198001862,35.3052482605,-13.8172546449,derived,derived
AEFES,2024,2025,-8.3430571762,30.8900000000,-29.9740676722,35.3052482605,42.9519805908,-24.6607239833,derived,derived
AGESA,2024,2025,41.7773000000,30.8900000000,8.3179005272,35.3052482605,42.9519805908,16.5367162434,derived,derived
AGHOL,2024,2025,-6.5060000000,30.8900000000,-28.5705554282,35.3052482605,42.9519805908,-23.1507177209,derived,derived
AKBNK,2024,2025,10.0341000000,30.8900000000,-15.9339139736,35.3052482605,42.9519805908,-9.5552483451,derived,derived
AKENR,2024,2025,-14.4917000000,30.8900000000,-34.6716326687,35.3052482605,42.9519805908,-29.7147251813,derived,derived
AKSA,2024,2025,-20.3752000000,30.8900000000,-39.1666284667,35.3052482605,42.9519805908,-34.5507868782,derived,derived
AKSEN,2024,2025,84.9490000000,30.8900000000,41.3010925204,35.3052482605,42.9519805908,52.0225673116,derived,derived
ALARK,2024,2025,13.9675000000,30.8900000000,-12.9287951715,35.3052482605,42.9519805908,-6.3221107436,derived,derived
ALBRK,2024,2025,25.6679000000,30.8900000000,-3.9896859959,35.3052482605,42.9519805908,3.2952694346,derived,derived
ANHYT,2024,2025,0.0255000000,30.8900000000,-23.5804874322,35.3052482605,42.9519805908,-17.7820193317,derived,derived
ARCLK,2024,2025,-29.8611111111,30.8900000000,-46.4138674544,35.3052482605,42.9519805908,-42.3479231719,derived,derived
ASELS,2024,2025,215.2380952381,30.8900000000,140.8420010987,35.3052482605,42.9519805908,159.1163215401,derived,derived
ASTOR,2024,2025,-0.7555819679,30.8900000000,-24.1772342944,35.3052482605,42.9519805908,-18.4240454364,derived,derived
BERA,2024,2025,17.2137000000,30.8900000000,-10.4486973795,35.3052482605,42.9519805908,-3.6538310665,derived,derived
BIMAS,2024,2025,3.5414455274,30.8900000000,-20.8943039748,35.3052482605,42.9519805908,-14.8920168683,derived,derived
BRSAN,2024,2025,28.6956521739,30.8900000000,-1.6764824097,35.3052482605,42.9519805908,5.7839915075,derived,derived
BTCIM,2024,2025,-14.9553571429,30.8900000000,-35.0258668675,35.3052482605,42.9519805908,-30.0958375377,derived,derived
CANTE,2024,2025,20.4819277108,30.8900000000,-7.9517704096,35.3052482605,42.9519805908,-0.9674452673,derived,derived
CCOLA,2024,2025,2.4747298710,30.8900000000,-21.7092750622,35.3052482605,42.9519805908,-15.7688253542,derived,derived
CEMTS,2024,2025,21.9491000000,30.8900000000,-6.8308503323,35.3052482605,42.9519805908,0.2385266389,derived,derived
CIMSA,2024,2025,-3.6868268434,30.8900000000,-26.4167062751,35.3052482605,42.9519805908,-20.8334413855,derived,derived
DEVA,2024,2025,-20.0255000000,30.8900000000,-38.8994575598,35.3052482605,42.9519805908,-34.2633438977,derived,derived
DOAS,2024,2025,10.6600776562,30.8900000000,-15.4556668529,35.3052482605,42.9519805908,-9.0407133632,derived,derived
DOHOL,2024,2025,18.8658000000,30.8900000000,-9.1864924746,35.3052482605,42.9519805908,-2.2958540920,derived,derived
DSTKF,2024,2025,24.9040975910,30.8900000000,-4.5732312698,35.3052482605,42.9519805908,2.6674466124,derived,derived
EKGYO,2024,2025,54.1350000000,30.8900000000,17.7591871037,35.3052482605,42.9519805908,26.6943774369,derived,derived
ENJSA,2024,2025,60.8726000000,30.8900000000,22.9067155627,35.3052482605,42.9519805908,32.2324838852,derived,derived
ENKAI,2024,2025,66.1132396765,30.8900000000,26.9105658770,35.3052482605,42.9519805908,36.5401335507,derived,derived
EREGL,2024,2025,-1.8541409147,30.8900000000,-25.0165336655,35.3052482605,42.9519805908,-19.3270281583,derived,derived
FROTO,2024,2025,6.7273355604,30.8900000000,-18.4602830160,35.3052482605,42.9519805908,-12.2733101870,derived,derived
GARAN,2024,2025,19.6189000000,30.8900000000,-8.6111238444,35.3052482605,42.9519805908,-1.6768283311,derived,derived
GUBRF,2024,2025,21.6783216783,30.8900000000,-7.0377250529,35.3052482605,42.9519805908,0.0159549265,derived,derived
HALKB,2024,2025,127.0370000000,30.8900000000,73.4563373825,35.3052482605,42.9519805908,86.6176492694,derived,derived
HEKTS,2024,2025,-21.7391304348,30.8900000000,-40.2086717356,35.3052482605,42.9519805908,-35.6718970563,derived,derived
ISCTR,2024,2025,5.6002000000,30.8900000000,-19.3214149286,35.3052482605,42.9519805908,-13.1997820339,derived,derived
ISGYO,2024,2025,11.9403000000,30.8900000000,-14.4775765910,35.3052482605,42.9519805908,-7.9884087417,derived,derived
KCHOL,2024,2025,-1.0763000000,30.8900000000,-24.4222629689,35.3052482605,42.9519805908,-18.6876661028,derived,derived
KONTR,2024,2025,-42.2266800401,30.8900000000,-55.8611658951,35.3052482605,42.9519805908,-52.5120523906,derived,derived
KRDMD,2024,2025,-9.1366906475,30.8900000000,-30.5804038868,35.3052482605,42.9519805908,-25.3130670498,derived,derived
KRVGD,2024,2025,20.5240000000,30.8900000000,-7.9196271679,35.3052482605,42.9519805908,-0.9328630992,derived,derived
KUYAS,2024,2025,162.2549019608,30.8900000000,100.3628252432,35.3052482605,42.9519805908,115.5657153384,derived,derived
LOGO,2024,2025,44.2561000000,30.8900000000,10.2117044847,35.3052482605,42.9519805908,18.5742159858,derived,derived
MAVI,2024,2025,2.5931164545,30.8900000000,-21.6188276763,35.3052482605,42.9519805908,-15.6715151101,derived,derived
MGROS,2024,2025,-0.9900990099,30.8900000000,-24.3564053861,35.3052482605,42.9519805908,-18.6168114573,derived,derived
MIATK,2024,2025,-6.0085836910,30.8900000000,-28.1905292161,35.3052482605,42.9519805908,-22.7418563358,derived,derived
MPARK,2024,2025,-0.3927000000,30.8900000000,-23.8999923600,35.3052482605,42.9519805908,-18.1257672711,derived,derived
NETAS,2024,2025,-13.9394000000,30.8900000000,-34.2496752999,35.3052482605,42.9519805908,-29.2607510374,derived,derived
NTGAZ,2024,2025,81.5487000000,30.8900000000,38.7032622813,35.3052482605,42.9519805908,49.2276220260,derived,derived
ODAS,2024,2025,-15.9204000000,30.8900000000,-35.7631599053,35.3052482605,42.9519805908,-30.8890740121,derived,derived
OTKAR,2024,2025,0.3096000000,30.8900000000,-23.3634349454,35.3052482605,42.9519805908,-17.5484975966,derived,derived
OYAKC,2024,2025,0.3484320557,30.8900000000,-23.3337672429,35.3052482605,42.9519805908,-17.5165788038,derived,derived
PASEU,2024,2025,363.7234770705,30.8900000000,254.2848781958,35.3052482605,42.9519805908,281.1668811776,derived,derived
PETKM,2024,2025,-9.8333333333,30.8900000000,-31.1126391117,35.3052482605,42.9519805908,-25.8856865806,derived,derived
PGSUS,2024,2025,-11.0853432282,30.8900000000,-32.0691750540,35.3052482605,42.9519805908,-26.9148014097,derived,derived
PRKME,2024,2025,-20.3448000000,30.8900000000,-39.1434028574,35.3052482605,42.9519805908,-34.5257989839,derived,derived
RGYAS,2024,2025,5.6020000000,30.8900000000,-19.3200397280,35.3052482605,42.9519805908,-13.1983024875,derived,derived
SAHOL,2024,2025,-8.9912000000,30.8900000000,-30.4692489877,35.3052482605,42.9519805908,-25.1934780726,derived,derived
SASA,2024,2025,-32.0293398533,30.8900000000,-48.0703948761,35.3052482605,42.9519805908,-44.1301425941,derived,derived
SELEC,2024,2025,9.4443000000,30.8900000000,-16.3845213538,35.3052482605,42.9519805908,-10.0400463716,derived,derived
SISE,2024,2025,-6.1154598826,30.8900000000,-28.2721826592,35.3052482605,42.9519805908,-22.8297053808,derived,derived
SKBNK,2024,2025,65.6690000000,30.8900000000,26.5711666285,35.3052482605,42.9519805908,36.1749817731,derived,derived
SMRTG,2024,2025,-43.4055000000,30.8900000000,-56.7617847047,35.3052482605,42.9519805908,-53.4810072738,derived,derived
SOKM,2024,2025,23.9078000000,30.8900000000,-5.3344029338,35.3052482605,42.9519805908,1.8485196780,derived,derived
TAVHL,2024,2025,7.8661844485,30.8900000000,-17.5902021175,35.3052482605,42.9519805908,-11.3372103339,derived,derived
TBORG,2024,2025,22.3372000000,30.8900000000,-6.5343418137,35.3052482605,42.9519805908,0.5575332752,derived,derived
TCELL,2024,2025,0.8121277748,30.8900000000,-22.9795035719,35.3052482605,42.9519805908,-17.1354347390,derived,derived
THYAO,2024,2025,-4.3905565645,30.8900000000,-26.9543559970,35.3052482605,42.9519805908,-21.4118862481,derived,derived
TOASO,2024,2025,24.7663787443,30.8900000000,-4.6784485108,35.3052482605,42.9519805908,2.5542458238,derived,derived
TRALT,2024,2025,82.4577025824,30.8900000000,39.3977405320,35.3052482605,42.9519805908,49.9747950643,derived,derived
TRMET,2024,2025,46.8354430380,30.8900000000,12.1823233539,35.3052482605,42.9519805908,20.6943591096,derived,derived
TSKB,2024,2025,-2.4486571880,30.8900000000,-25.4707442799,35.3052482605,42.9519805908,-19.8157028209,derived,derived
TTKOM,2024,2025,30.0904977376,30.8900000000,-0.6108199728,35.3052482605,42.9519805908,6.9305130004,derived,derived
TUPRS,2024,2025,38.8554216867,30.8900000000,6.0855846029,35.3052482605,42.9519805908,14.1350193294,derived,derived
TURSG,2024,2025,41.9471153846,30.8900000000,8.4476395329,35.3052482605,42.9519805908,16.6762994298,derived,derived
ULKER,2024,2025,-1.4418689542,30.8900000000,-24.7015577616,35.3052482605,42.9519805908,-18.9881528907,derived,derived
ULUSE,2024,2025,-2.4669000000,30.8900000000,-25.4846817939,35.3052482605,42.9519805908,-19.8306978688,derived,derived
VAKBN,2024,2025,31.5609000000,30.8900000000,0.5125678050,35.3052482605,42.9519805908,8.1391398484,derived,derived
VESTL,2024,2025,-59.7475000000,30.8900000000,-69.2470776988,35.3052482605,42.9519805908,-66.9136443522,derived,derived
YKBNK,2024,2025,18.2887000000,30.8900000000,-9.6273970510,35.3052482605,42.9519805908,-2.7702130968,derived,derived
ZOREN,2024,2025,-29.5872000000,30.8900000000,-46.2045992818,35.3052482605,42.9519805908,-42.1227764000,derived,derived
AEFES,2025,2026,,,,42.9519805908,,,missing_nominal_target,missing_nominal_target
AGESA,2025,2026,,,,42.9519805908,,,missing_nominal_target,missing_nominal_target
AGHOL,2025,2026,,,,42.9519805908,,,missing_nominal_target,missing_nominal_target
AKBNK,2025,2026,,,,42.9519805908,,,missing_nominal_target,missing_nominal_target
AKENR,2025,2026,,,,42.9519805908,,,missing_nominal_target,missing_nominal_target
AKSA,2025,2026,,,,42.9519805908,,,missing_nominal_target,missing_nominal_target
AKSEN,2025,2026,,,,42.9519805908,,,missing_nominal_target,missing_nominal_target
ALARK,2025,2026,,,,42.9519805908,,,missing_nominal_target,missing_nominal_target
ALBRK,2025,2026,,,,42.9519805908,,,missing_nominal_target,missing_nominal_target
ANHYT,2025,2026,,,,42.9519805908,,,missing_nominal_target,missing_nominal_target
ARCLK,2025,2026,,,,42.9519805908,,,missing_nominal_target,missing_nominal_target
ASELS,2025,2026,,,,42.9519805908,,,missing_nominal_target,missing_nominal_target
ASTOR,2025,2026,,,,42.9519805908,,,missing_nominal_target,missing_nominal_target
BERA,2025,2026,,,,42.9519805908,,,missing_nominal_target,missing_nominal_target
BIMAS,2025,2026,,,,42.9519805908,,,missing_nominal_target,missing_nominal_target
BRSAN,2025,2026,,,,42.9519805908,,,missing_nominal_target,missing_nominal_target
BTCIM,2025,2026,,,,42.9519805908,,,missing_nominal_target,missing_nominal_target
CANTE,2025,2026,,,,42.9519805908,,,missing_nominal_target,missing_nominal_target
CCOLA,2025,2026,,,,42.9519805908,,,missing_nominal_target,missing_nominal_target
CEMTS,2025,2026,,,,42.9519805908,,,missing_nominal_target,missing_nominal_target
CIMSA,2025,2026,,,,42.9519805908,,,missing_nominal_target,missing_nominal_target
DEVA,2025,2026,,,,42.9519805908,,,missing_nominal_target,missing_nominal_target
DOAS,2025,2026,,,,42.9519805908,,,missing_nominal_target,missing_nominal_target
DOHOL,2025,2026,,,,42.9519805908,,,missing_nominal_target,missing_nominal_target
DSTKF,2025,2026,,,,42.9519805908,,,missing_nominal_target,missing_nominal_target
EKGYO,2025,2026,,,,42.9519805908,,,missing_nominal_target,missing_nominal_target
ENJSA,2025,2026,,,,42.9519805908,,,missing_nominal_target,missing_nominal_target
ENKAI,2025,2026,,,,42.9519805908,,,missing_nominal_target,missing_nominal_target
EREGL,2025,2026,,,,42.9519805908,,,missing_nominal_target,missing_nominal_target
FROTO,2025,2026,,,,42.9519805908,,,missing_nominal_target,missing_nominal_target
GARAN,2025,2026,,,,42.9519805908,,,missing_nominal_target,missing_nominal_target
GUBRF,2025,2026,,,,42.9519805908,,,missing_nominal_target,missing_nominal_target
HALKB,2025,2026,,,,42.9519805908,,,missing_nominal_target,missing_nominal_target
HEKTS,2025,2026,,,,42.9519805908,,,missing_nominal_target,missing_nominal_target
ISCTR,2025,2026,,,,42.9519805908,,,missing_nominal_target,missing_nominal_target
ISGYO,2025,2026,,,,42.9519805908,,,missing_nominal_target,missing_nominal_target
KCHOL,2025,2026,,,,42.9519805908,,,missing_nominal_target,missing_nominal_target
KONTR,2025,2026,,,,42.9519805908,,,missing_nominal_target,missing_nominal_target
KRDMD,2025,2026,,,,42.9519805908,,,missing_nominal_target,missing_nominal_target
KRVGD,2025,2026,,,,42.9519805908,,,missing_nominal_target,missing_nominal_target
KUYAS,2025,2026,,,,42.9519805908,,,missing_nominal_target,missing_nominal_target
LOGO,2025,2026,,,,42.9519805908,,,missing_nominal_target,missing_nominal_target
MAVI,2025,2026,,,,42.9519805908,,,missing_nominal_target,missing_nominal_target
MGROS,2025,2026,,,,42.9519805908,,,missing_nominal_target,missing_nominal_target
MIATK,2025,2026,,,,42.9519805908,,,missing_nominal_target,missing_nominal_target
MPARK,2025,2026,,,,42.9519805908,,,missing_nominal_target,missing_nominal_target
NETAS,2025,2026,,,,42.9519805908,,,missing_nominal_target,missing_nominal_target
NTGAZ,2025,2026,,,,42.9519805908,,,missing_nominal_target,missing_nominal_target
ODAS,2025,2026,,,,42.9519805908,,,missing_nominal_target,missing_nominal_target
OTKAR,2025,2026,,,,42.9519805908,,,missing_nominal_target,missing_nominal_target
OYAKC,2025,2026,,,,42.9519805908,,,missing_nominal_target,missing_nominal_target
PASEU,2025,2026,,,,42.9519805908,,,missing_nominal_target,missing_nominal_target
PETKM,2025,2026,,,,42.9519805908,,,missing_nominal_target,missing_nominal_target
PGSUS,2025,2026,,,,42.9519805908,,,missing_nominal_target,missing_nominal_target
PRKME,2025,2026,,,,42.9519805908,,,missing_nominal_target,missing_nominal_target
RGYAS,2025,2026,,,,42.9519805908,,,missing_nominal_target,missing_nominal_target
SAHOL,2025,2026,,,,42.9519805908,,,missing_nominal_target,missing_nominal_target
SASA,2025,2026,,,,42.9519805908,,,missing_nominal_target,missing_nominal_target
SELEC,2025,2026,,,,42.9519805908,,,missing_nominal_target,missing_nominal_target
SISE,2025,2026,,,,42.9519805908,,,missing_nominal_target,missing_nominal_target
SKBNK,2025,2026,,,,42.9519805908,,,missing_nominal_target,missing_nominal_target
SMRTG,2025,2026,,,,42.9519805908,,,missing_nominal_target,missing_nominal_target
SOKM,2025,2026,,,,42.9519805908,,,missing_nominal_target,missing_nominal_target
TAVHL,2025,2026,,,,42.9519805908,,,missing_nominal_target,missing_nominal_target
TBORG,2025,2026,,,,42.9519805908,,,missing_nominal_target,missing_nominal_target
TCELL,2025,2026,,,,42.9519805908,,,missing_nominal_target,missing_nominal_target
THYAO,2025,2026,,,,42.9519805908,,,missing_nominal_target,missing_nominal_target
TOASO,2025,2026,,,,42.9519805908,,,missing_nominal_target,missing_nominal_target
TRALT,2025,2026,,,,42.9519805908,,,missing_nominal_target,missing_nominal_target
TRMET,2025,2026,,,,42.9519805908,,,missing_nominal_target,missing_nominal_target
TSKB,2025,2026,,,,42.9519805908,,,missing_nominal_target,missing_nominal_target
TTKOM,2025,2026,,,,42.9519805908,,,missing_nominal_target,missing_nominal_target
TUPRS,2025,2026,,,,42.9519805908,,,missing_nominal_target,missing_nominal_target
TURSG,2025,2026,,,,42.9519805908,,,missing_nominal_target,missing_nominal_target
ULKER,2025,2026,,,,42.9519805908,,,missing_nominal_target,missing_nominal_target
ULUSE,2025,2026,,,,42.9519805908,,,missing_nominal_target,missing_nominal_target
VAKBN,2025,2026,,,,42.9519805908,,,missing_nominal_target,missing_nominal_target
VESTL,2025,2026,,,,42.9519805908,,,missing_nominal_target,missing_nominal_target
YKBNK,2025,2026,,,,42.9519805908,,,missing_nominal_target,missing_nominal_target
ZOREN,2025,2026,,,,42.9519805908,,,missing_nominal_target,missing_nominal_target
