surface_id,operator,q,metric_scope,window_condition_id,split,year,model,kind,n,split_count,observed_ic,bootstrap_ci_95_low,bootstrap_ci_95_high,permutation_p_value_two_sided,observed_null_percentile,bonferroni_adjusted_p_value,significant_fwer_0_05,delta_observed_ic,delta_n,delta_split_count,significance_verdict_changed
winsorization__q_0p025,winsorization,0.025000000000000001,per_split,winsorization__q_0p025__test_2023,test_2023,2023,baseline_equal_weight,baseline,80,,0.094868609229282003,-0.11796577491046324,0.28984796724334499,0.39716028397160286,80.829999999999998,,,0,0,,
winsorization__q_0p025,winsorization,0.025000000000000001,per_split,winsorization__q_0p025__test_2024,test_2024,2024,baseline_equal_weight,baseline,80,,0.21179090482887952,-0.011096322529199303,0.41101539512079943,0.059894010598940103,97.290000000000006,,,0,0,,
winsorization__q_0p025,winsorization,0.025000000000000001,per_split,winsorization__q_0p025__test_2025,test_2025,2025,baseline_equal_weight,baseline,80,,0.17400375058602907,-0.053275354050549673,0.38528913225135625,0.1250874912508749,94.030000000000001,,,0.031645569620253167,0,,
winsorization__q_0p025,winsorization,0.025000000000000001,pooled,pooled,pooled,,baseline_equal_weight,baseline,240,3,0.16022108821473019,0.035435568714222626,0.27603352825589134,0.010098990100989901,99.439999999999998,,,0.010548523206751065,0,0,
winsorization__q_0p025,winsorization,0.025000000000000001,per_split,winsorization__q_0p025__test_2023,test_2023,2023,baseline_rank_score,baseline,80,,0.094868609229282003,-0.11796577491046324,0.28984796724334499,0.39716028397160286,80.829999999999998,,,0,0,,
winsorization__q_0p025,winsorization,0.025000000000000001,per_split,winsorization__q_0p025__test_2024,test_2024,2024,baseline_rank_score,baseline,80,,0.21179090482887952,-0.011096322529199303,0.41101539512079943,0.059894010598940103,97.290000000000006,,,0,0,,
winsorization__q_0p025,winsorization,0.025000000000000001,per_split,winsorization__q_0p025__test_2025,test_2025,2025,baseline_rank_score,baseline,80,,0.17400375058602907,-0.053275354050549673,0.38528913225135625,0.1250874912508749,94.030000000000001,,,0.031645569620253167,0,,
winsorization__q_0p025,winsorization,0.025000000000000001,pooled,pooled,pooled,,baseline_rank_score,baseline,240,3,0.16022108821473019,0.035435568714222626,0.27603352825589134,0.010098990100989901,99.439999999999998,,,0.010548523206751065,0,0,
winsorization__q_0p025,winsorization,0.025000000000000001,per_split,winsorization__q_0p025__test_2023,test_2023,2023,elasticnet,ml,80,,-0.098853700301428774,-0.31892937003426003,0.13561707650226654,0.38866113388661133,19.629999999999999,,,0,0,,
winsorization__q_0p025,winsorization,0.025000000000000001,per_split,winsorization__q_0p025__test_2024,test_2024,2024,elasticnet,ml,80,,0.057337083919362403,-0.1633500918063501,0.28483849527399113,0.60753924607539245,69.489999999999995,,,0,0,,
winsorization__q_0p025,winsorization,0.025000000000000001,per_split,winsorization__q_0p025__test_2025,test_2025,2025,elasticnet,ml,80,,-0.022644163150492263,-0.26009155447190563,0.21737904145983142,0.84111588841115892,42.460000000000001,,,-0.0046882325363338008,0,,
winsorization__q_0p025,winsorization,0.025000000000000001,pooled,pooled,pooled,,elasticnet,ml,240,3,-0.021386926510852878,-0.15195441610778654,0.1116380698354742,0.73662633736626337,37.079999999999998,1,False,-0.0015627441787779348,0,0,False
winsorization__q_0p025,winsorization,0.025000000000000001,per_split,winsorization__q_0p025__test_2023,test_2023,2023,gradient_boosting,ml,80,,-0.10041728206805522,-0.31504982917416813,0.12689046120011929,0.37566243375662434,19.045000000000002,,,0,0,,
winsorization__q_0p025,winsorization,0.025000000000000001,per_split,winsorization__q_0p025__test_2024,test_2024,2024,gradient_boosting,ml,80,,-0.11588206682141571,-0.33362277561322506,0.11038747318966721,0.30696930306969306,15.06,,,0,0,,
winsorization__q_0p025,winsorization,0.025000000000000001,per_split,winsorization__q_0p025__test_2025,test_2025,2025,gradient_boosting,ml,80,,-0.087529301453352082,-0.3080731228900177,0.14014222284718486,0.43815618438156184,21.52,,,0.011931551804969534,0,,
winsorization__q_0p025,winsorization,0.025000000000000001,pooled,pooled,pooled,,gradient_boosting,ml,240,3,-0.10127621678094101,-0.22592793547299803,0.029821623406070259,0.11818818118188182,5.8899999999999997,0.70912908709129097,False,0.0039771839349898447,0,0,False
winsorization__q_0p025,winsorization,0.025000000000000001,per_split,winsorization__q_0p025__test_2023,test_2023,2023,lasso,ml,80,,0.010806629319174452,-0.22036568918027211,0.24346915467431607,0.92600739926007403,54.244999999999997,,,0,0,,
winsorization__q_0p025,winsorization,0.025000000000000001,per_split,winsorization__q_0p025__test_2024,test_2024,2024,lasso,ml,80,,0.13867791842475385,-0.086265496798695745,0.35527515559127942,0.21697830216978303,89.010000000000005,,,0,0,,
winsorization__q_0p025,winsorization,0.025000000000000001,per_split,winsorization__q_0p025__test_2025,test_2025,2025,lasso,ml,80,,0.063642756680731369,-0.17283313261736713,0.29192516782938693,0.56784321567843221,71.640000000000001,,,-0.055508673230192207,0,,
winsorization__q_0p025,winsorization,0.025000000000000001,pooled,pooled,pooled,,lasso,ml,240,3,0.071042434808219881,-0.063744582611014289,0.20189771041574359,0.27267273272672732,86.189999999999998,1,False,-0.01850289107673074,0,0,False
winsorization__q_0p025,winsorization,0.025000000000000001,per_split,winsorization__q_0p025__test_2023,test_2023,2023,linear_regression,ml,80,,-0.044164185764261753,-0.26937422664374999,0.18948246745486869,0.70342965703429661,35.219999999999999,,,0,0,,
winsorization__q_0p025,winsorization,0.025000000000000001,per_split,winsorization__q_0p025__test_2024,test_2024,2024,linear_regression,ml,80,,0.081153305203938111,-0.14646691890310515,0.30450216227811266,0.47045295470452952,76.019999999999996,,,0,0,,
winsorization__q_0p025,winsorization,0.025000000000000001,per_split,winsorization__q_0p025__test_2025,test_2025,2025,linear_regression,ml,80,,0.11254102203469292,-0.12229843511842187,0.32865926575099824,0.31706829317068291,83.859999999999999,,,0.01193155180496952,0,,
winsorization__q_0p025,winsorization,0.025000000000000001,pooled,pooled,pooled,,linear_regression,ml,240,3,0.049843380491456424,-0.082697198900162971,0.17950010705254518,0.44075592440755923,77.640000000000001,1,False,0.0039771839349898377,0,0,False
winsorization__q_0p025,winsorization,0.025000000000000001,per_split,winsorization__q_0p025__test_2023,test_2023,2023,random_forest,ml,80,,-0.14664048995731951,-0.35156085383753283,0.076382624288054327,0.19448055194480551,9.6300000000000008,,,0,0,,
winsorization__q_0p025,winsorization,0.025000000000000001,per_split,winsorization__q_0p025__test_2024,test_2024,2024,random_forest,ml,80,,-0.17269205750447447,-0.36633456908273537,0.038374462115813086,0.1287871212878712,6.3700000000000001,,,0,0,,
winsorization__q_0p025,winsorization,0.025000000000000001,per_split,winsorization__q_0p025__test_2025,test_2025,2025,random_forest,ml,80,,-0.13531490456693074,-0.35557164174652084,0.097489220931386025,0.23067693230676933,10.99,,,0.0052039686121886086,0,,
winsorization__q_0p025,winsorization,0.025000000000000001,pooled,pooled,pooled,,random_forest,ml,240,3,-0.15154915067624156,-0.27157865441365886,-0.024956111387137093,0.018898110188981101,0.93999999999999995,0.1133886611338866,False,0.0017346562040628788,0,0,False
winsorization__q_0p025,winsorization,0.025000000000000001,per_split,winsorization__q_0p025__test_2023,test_2023,2023,ridge,ml,80,,-0.0083218078271300004,-0.23455645446840459,0.22249618206993516,0.94040595940405958,47.575000000000003,,,0,0,,
winsorization__q_0p025,winsorization,0.025000000000000001,per_split,winsorization__q_0p025__test_2024,test_2024,2024,ridge,ml,80,,0.21814345991561182,-0.0076329244021402006,0.43217676230362773,0.047095290470952907,97.659999999999997,,,0,0,,
winsorization__q_0p025,winsorization,0.025000000000000001,per_split,winsorization__q_0p025__test_2025,test_2025,2025,ridge,ml,80,,0.029348335677449603,-0.20291876660736741,0.25696691006097683,0.7962203779622038,60.469999999999999,,,-0.038795124238162212,0,,
winsorization__q_0p025,winsorization,0.025000000000000001,pooled,pooled,pooled,,ridge,ml,240,3,0.079723329255310477,-0.054415925649717992,0.2109108920348812,0.21927807219278073,88.909999999999997,1,False,-0.0129317080793874,0,0,False
winsorization__q_0p025,winsorization,0.025000000000000001,per_split,winsorization__q_0p025__test_2023,test_2023,2023,robust_rank_aggregation,baseline,80,,0.087905845323387105,-0.13331635951773868,0.29240881860612844,0.43885611438856115,78.159999999999997,,,0,0,,
winsorization__q_0p025,winsorization,0.025000000000000001,per_split,winsorization__q_0p025__test_2024,test_2024,2024,robust_rank_aggregation,baseline,80,,0.1954290527074114,-0.019752745983541778,0.39087327110713299,0.08089191080891911,96.159999999999997,,,0,0,,
winsorization__q_0p025,winsorization,0.025000000000000001,per_split,winsorization__q_0p025__test_2025,test_2025,2025,robust_rank_aggregation,baseline,80,,0.16246344360132983,-0.065789203051559345,0.37835560633061571,0.14628537146285372,92.969999999999999,,,0.062528496119805446,0,,
winsorization__q_0p025,winsorization,0.025000000000000001,pooled,pooled,pooled,,robust_rank_aggregation,baseline,240,3,0.14859944721070942,0.021810539259136792,0.26682144717175782,0.016898310168983102,99.159999999999997,,,0.020842832039935144,0,0,
winsorization__q_0p05,winsorization,0.050000000000000003,per_split,winsorization__q_0p05__test_2023,test_2023,2023,baseline_equal_weight,baseline,80,,0.09357931505888159,-0.11902769145681971,0.28906944465782713,0.40285971402859716,80.530000000000001,,,-0.0012892941704004124,0,,
winsorization__q_0p05,winsorization,0.050000000000000003,per_split,winsorization__q_0p05__test_2024,test_2024,2024,baseline_equal_weight,baseline,80,,0.21111111111111111,-0.011344442044227843,0.41030049393248741,0.060793920607939207,97.239999999999995,,,-0.00067979371776841213,0,,
winsorization__q_0p05,winsorization,0.050000000000000003,per_split,winsorization__q_0p05__test_2025,test_2025,2025,baseline_equal_weight,baseline,80,,0.17400375058602907,-0.053275354050549673,0.38528913225135625,0.1250874912508749,94.030000000000001,,,0.031645569620253167,0,,
winsorization__q_0p05,winsorization,0.050000000000000003,pooled,pooled,pooled,,baseline_equal_weight,baseline,240,3,0.1595647255853406,0.035051292719445515,0.27549574892539036,0.0103989601039896,99.420000000000002,,,0.0098921605773614751,0,0,
winsorization__q_0p05,winsorization,0.050000000000000003,per_split,winsorization__q_0p05__test_2023,test_2023,2023,baseline_rank_score,baseline,80,,0.09357931505888159,-0.11902769145681971,0.28906944465782713,0.40285971402859716,80.530000000000001,,,-0.0012892941704004124,0,,
winsorization__q_0p05,winsorization,0.050000000000000003,per_split,winsorization__q_0p05__test_2024,test_2024,2024,baseline_rank_score,baseline,80,,0.21111111111111111,-0.011344442044227843,0.41030049393248741,0.060793920607939207,97.239999999999995,,,-0.00067979371776841213,0,,
winsorization__q_0p05,winsorization,0.050000000000000003,per_split,winsorization__q_0p05__test_2025,test_2025,2025,baseline_rank_score,baseline,80,,0.17400375058602907,-0.053275354050549673,0.38528913225135625,0.1250874912508749,94.030000000000001,,,0.031645569620253167,0,,
winsorization__q_0p05,winsorization,0.050000000000000003,pooled,pooled,pooled,,baseline_rank_score,baseline,240,3,0.1595647255853406,0.035051292719445515,0.27549574892539036,0.0103989601039896,99.420000000000002,,,0.0098921605773614751,0,0,
winsorization__q_0p05,winsorization,0.050000000000000003,per_split,winsorization__q_0p05__test_2023,test_2023,2023,elasticnet,ml,80,,-0.10014299447182919,-0.32132697623206963,0.13496740294592224,0.38376162383761625,19.379999999999999,,,-0.0012892941704004124,0,,
winsorization__q_0p05,winsorization,0.050000000000000003,per_split,winsorization__q_0p05__test_2024,test_2024,2024,elasticnet,ml,80,,0.059212376933895923,-0.16182383310572598,0.28734462932221377,0.59564043595640437,70.040000000000006,,,0.0018752930145335203,0,,
winsorization__q_0p05,winsorization,0.050000000000000003,per_split,winsorization__q_0p05__test_2025,test_2025,2025,elasticnet,ml,80,,-0.020792311298640412,-0.2581137379734123,0.2181503628012669,0.85321467853214683,43.075000000000003,,,-0.0028363806844819497,0,,
winsorization__q_0p05,winsorization,0.050000000000000003,pooled,pooled,pooled,,elasticnet,ml,240,3,-0.020574309612191224,-0.15159078061925538,0.11185368594690114,0.74492550744925512,37.43,1,False,-0.0007501272801162806,0,0,False
winsorization__q_0p05,winsorization,0.050000000000000003,per_split,winsorization__q_0p05__test_2023,test_2023,2023,gradient_boosting,ml,80,,-0.10134030346003969,-0.31239407067393704,0.12297443485982626,0.36886311368863112,18.710000000000001,,,-0.00092302139198446875,0,,
winsorization__q_0p05,winsorization,0.050000000000000003,per_split,winsorization__q_0p05__test_2024,test_2024,2024,gradient_boosting,ml,80,,-0.10058661853559114,-0.31818945437465085,0.12395715330347981,0.37466253374662534,18.539999999999999,,,0.015295448285824562,0,,
winsorization__q_0p05,winsorization,0.050000000000000003,per_split,winsorization__q_0p05__test_2025,test_2025,2025,gradient_boosting,ml,80,,-0.085771214252226904,-0.30652193342687512,0.1420144456619524,0.44685531446855314,21.945,,,0.013689639006094712,0,,
winsorization__q_0p05,winsorization,0.050000000000000003,pooled,pooled,pooled,,gradient_boosting,ml,240,3,-0.095899378749285905,-0.22185057040249567,0.035188501671863583,0.13748625137486251,6.7699999999999996,0.82491750824917509,False,0.0093540219666449487,0,0,False
winsorization__q_0p05,winsorization,0.050000000000000003,per_split,winsorization__q_0p05__test_2023,test_2023,2023,lasso,ml,80,,0.0054853606522490706,-0.2262562769520311,0.23837783219722156,0.96230376962303765,52.414999999999999,,,-0.0053212686669253818,0,,
winsorization__q_0p05,winsorization,0.050000000000000003,per_split,winsorization__q_0p05__test_2024,test_2024,2024,lasso,ml,80,,0.14334270979840599,-0.081569050859332359,0.35987242260934227,0.20167983201679832,89.810000000000002,,,0.0046647913736521385,0,,
winsorization__q_0p05,winsorization,0.050000000000000003,per_split,winsorization__q_0p05__test_2025,test_2025,2025,lasso,ml,80,,0.061298640412564463,-0.17588107117637422,0.28916856253615514,0.58154184581541846,70.950000000000003,,,-0.057852789498359113,0,,
winsorization__q_0p05,winsorization,0.050000000000000003,pooled,pooled,pooled,,lasso,ml,240,3,0.07004223695440652,-0.064228473684563817,0.20098724742999619,0.27907209279072093,85.909999999999997,1,False,-0.019503088930544102,0,0,False
winsorization__q_0p05,winsorization,0.050000000000000003,per_split,winsorization__q_0p05__test_2023,test_2023,2023,linear_regression,ml,80,,-0.043203075564508711,-0.26920473873444273,0.19286250941823255,0.7107289271072893,35.505000000000003,,,0.00096111019975304163,0,,
winsorization__q_0p05,winsorization,0.050000000000000003,per_split,winsorization__q_0p05__test_2024,test_2024,2024,linear_regression,ml,80,,0.078504453820909523,-0.15016031437063099,0.30427089456319045,0.48395160483951605,75.329999999999998,,,-0.0026488513830285887,0,,
winsorization__q_0p05,winsorization,0.050000000000000003,per_split,winsorization__q_0p05__test_2025,test_2025,2025,linear_regression,ml,80,,0.11211908110642288,-0.12388406581164509,0.32918557913276114,0.31826817318268175,83.739999999999995,,,0.01150961087669948,0,,
winsorization__q_0p05,winsorization,0.050000000000000003,pooled,pooled,pooled,,linear_regression,ml,240,3,0.049140153120941228,-0.084831001912034493,0.17977263741257393,0.44465553444655537,77.489999999999995,1,False,0.0032739565644746421,0,0,False
winsorization__q_0p05,winsorization,0.050000000000000003,per_split,winsorization__q_0p05__test_2023,test_2023,2023,random_forest,ml,80,,-0.14703900139993392,-0.35258903715861784,0.07611930186848774,0.19358064193580643,9.6150000000000002,,,-0.00039851144261440763,0,,
winsorization__q_0p05,winsorization,0.050000000000000003,per_split,winsorization__q_0p05__test_2024,test_2024,2024,random_forest,ml,80,,-0.17330153130590195,-0.36763107706831566,0.038159047291155782,0.12668733126687332,6.2999999999999998,,,-0.0006094738014274792,0,,
winsorization__q_0p05,winsorization,0.050000000000000003,per_split,winsorization__q_0p05__test_2025,test_2025,2025,random_forest,ml,80,,-0.13287700936122079,-0.35292008804370029,0.10044345369370906,0.23787621237876214,11.300000000000001,,,0.0076418638178985532,0,,
winsorization__q_0p05,winsorization,0.050000000000000003,pooled,pooled,pooled,,random_forest,ml,240,3,-0.15107251402235222,-0.27030747753656764,-0.024422425217244647,0.019098090190980903,0.93999999999999995,0.11458854114588542,False,0.0022112928579522129,0,0,False
winsorization__q_0p05,winsorization,0.050000000000000003,per_split,winsorization__q_0p05__test_2023,test_2023,2023,ridge,ml,80,,-0.0056728943497618596,-0.23196918870525918,0.22590965449727654,0.95720427957204279,48.484999999999999,,,0.0026489134773681408,0,,
winsorization__q_0p05,winsorization,0.050000000000000003,per_split,winsorization__q_0p05__test_2024,test_2024,2024,ridge,ml,80,,0.21772151898734177,-0.0086914654492778829,0.43129817714399976,0.047295270472952705,97.659999999999997,,,-0.00042194092827005369,0,,
winsorization__q_0p05,winsorization,0.050000000000000003,per_split,winsorization__q_0p05__test_2025,test_2025,2025,ridge,ml,80,,0.031715893108298171,-0.20118532332391648,0.25998672319728061,0.7815218478152185,61.219999999999999,,,-0.036427566807313641,0,,
winsorization__q_0p05,winsorization,0.050000000000000003,pooled,pooled,pooled,,ridge,ml,240,3,0.081254839248626018,-0.052687675354325149,0.21237350690718329,0.21167883211678831,89.329999999999998,1,False,-0.011400198086071858,0,0,False
winsorization__q_0p05,winsorization,0.050000000000000003,per_split,winsorization__q_0p05__test_2023,test_2023,2023,robust_rank_aggregation,baseline,80,,0.087905845323387105,-0.13331635951773868,0.29240881860612844,0.43885611438856115,78.159999999999997,,,0,0,,
winsorization__q_0p05,winsorization,0.050000000000000003,per_split,winsorization__q_0p05__test_2024,test_2024,2024,robust_rank_aggregation,baseline,80,,0.1954290527074114,-0.019752745983541778,0.39087327110713299,0.08089191080891911,96.159999999999997,,,0,0,,
winsorization__q_0p05,winsorization,0.050000000000000003,per_split,winsorization__q_0p05__test_2025,test_2025,2025,robust_rank_aggregation,baseline,80,,0.16246344360132983,-0.065789203051559345,0.37835560633061571,0.14628537146285372,92.969999999999999,,,0.062528496119805446,0,,
winsorization__q_0p05,winsorization,0.050000000000000003,pooled,pooled,pooled,,robust_rank_aggregation,baseline,240,3,0.14859944721070942,0.021810539259136792,0.26682144717175782,0.016898310168983102,99.159999999999997,,,0.020842832039935144,0,0,
winsorization__q_0p10,winsorization,0.10000000000000001,per_split,winsorization__q_0p10__test_2023,test_2023,2023,baseline_equal_weight,baseline,80,,0.094634192107391019,-0.11867685870113438,0.28940903628853676,0.39826017398260172,80.75,,,-0.00023441712189098407,0,,
winsorization__q_0p10,winsorization,0.10000000000000001,per_split,winsorization__q_0p10__test_2024,test_2024,2024,baseline_equal_weight,baseline,80,,0.21179090482887952,-0.011096322529199303,0.41101539512079943,0.059894010598940103,97.290000000000006,,,0,0,,
winsorization__q_0p10,winsorization,0.10000000000000001,per_split,winsorization__q_0p10__test_2025,test_2025,2025,baseline_equal_weight,baseline,80,,0.17400375058602907,-0.053275354050549673,0.38528913225135625,0.1250874912508749,94.030000000000001,,,0.031645569620253167,0,,
winsorization__q_0p10,winsorization,0.10000000000000001,pooled,pooled,pooled,,baseline_equal_weight,baseline,240,3,0.16014294917409985,0.035264778030863156,0.27591528999086629,0.010098990100989901,99.439999999999998,,,0.010470384166120728,0,0,
winsorization__q_0p10,winsorization,0.10000000000000001,per_split,winsorization__q_0p10__test_2023,test_2023,2023,baseline_rank_score,baseline,80,,0.094634192107391019,-0.11867685870113438,0.28940903628853676,0.39826017398260172,80.75,,,-0.00023441712189098407,0,,
winsorization__q_0p10,winsorization,0.10000000000000001,per_split,winsorization__q_0p10__test_2024,test_2024,2024,baseline_rank_score,baseline,80,,0.21179090482887952,-0.011096322529199303,0.41101539512079943,0.059894010598940103,97.290000000000006,,,0,0,,
winsorization__q_0p10,winsorization,0.10000000000000001,per_split,winsorization__q_0p10__test_2025,test_2025,2025,baseline_rank_score,baseline,80,,0.17400375058602907,-0.053275354050549673,0.38528913225135625,0.1250874912508749,94.030000000000001,,,0.031645569620253167,0,,
winsorization__q_0p10,winsorization,0.10000000000000001,pooled,pooled,pooled,,baseline_rank_score,baseline,240,3,0.16014294917409985,0.035264778030863156,0.27591528999086629,0.010098990100989901,99.439999999999998,,,0.010470384166120728,0,0,
winsorization__q_0p10,winsorization,0.10000000000000001,per_split,winsorization__q_0p10__test_2023,test_2023,2023,elasticnet,ml,80,,-0.10150261377879691,-0.32265963715160362,0.13400643199225415,0.37706229377062295,18.949999999999999,,,-0.0026489134773681339,0,,
winsorization__q_0p10,winsorization,0.10000000000000001,per_split,winsorization__q_0p10__test_2024,test_2024,2024,elasticnet,ml,80,,0.055696202531645568,-0.16730385833235606,0.2848390230911213,0.61813818618138183,68.890000000000001,,,-0.0016408813877168346,0,,
winsorization__q_0p10,winsorization,0.10000000000000001,per_split,winsorization__q_0p10__test_2025,test_2025,2025,elasticnet,ml,80,,-0.023042662916080637,-0.26015930986413965,0.21646697752396421,0.83791620837916203,42.310000000000002,,,-0.0050867323019221748,0,,
winsorization__q_0p10,winsorization,0.10000000000000001,pooled,pooled,pooled,,elasticnet,ml,240,3,-0.022949691387743994,-0.15364942502200551,0.11087630070223531,0.71842815718428155,36.170000000000002,1,False,-0.0031255090556690512,0,0,False
winsorization__q_0p10,winsorization,0.10000000000000001,per_split,winsorization__q_0p10__test_2023,test_2023,2023,gradient_boosting,ml,80,,-0.12038702947467821,-0.32670455584949171,0.098803837313373361,0.28447155284471554,14.404999999999999,,,-0.019969747406622981,0,,
winsorization__q_0p10,winsorization,0.10000000000000001,per_split,winsorization__q_0p10__test_2024,test_2024,2024,gradient_boosting,ml,80,,-0.11254102203469292,-0.32779967113463615,0.11853565452586022,0.32136786321367861,16.300000000000001,,,0.0033410447867227855,0,,
winsorization__q_0p10,winsorization,0.10000000000000001,per_split,winsorization__q_0p10__test_2025,test_2025,2025,gradient_boosting,ml,80,,-0.11169714017815284,-0.33060566254603457,0.11874420997107717,0.32286771322867713,15.82,,,-0.012236286919831224,0,,
winsorization__q_0p10,winsorization,0.10000000000000001,pooled,pooled,pooled,,gradient_boosting,ml,240,3,-0.11487506389584133,-0.23905696118464867,0.018408139123493063,0.074692530746925306,3.7200000000000002,0.44815518448155184,False,-0.0096216631799104779,0,0,False
winsorization__q_0p10,winsorization,0.10000000000000001,per_split,winsorization__q_0p10__test_2023,test_2023,2023,lasso,ml,80,,0.010244028226636085,-0.22320132699914338,0.24507091033448625,0.92750724927507244,54.119999999999997,,,-0.00056260109253836697,0,,
winsorization__q_0p10,winsorization,0.10000000000000001,per_split,winsorization__q_0p10__test_2024,test_2024,2024,lasso,ml,80,,0.13701359587435538,-0.088429962018044775,0.35289488856676321,0.22347765223477653,88.784999999999997,,,-0.0016643225503984727,0,,
winsorization__q_0p10,winsorization,0.10000000000000001,per_split,winsorization__q_0p10__test_2025,test_2025,2025,lasso,ml,80,,0.058907641819034226,-0.17880489751279813,0.28755779231017381,0.59844015598440159,70.069999999999993,,,-0.06024378809188935,0,,
winsorization__q_0p10,winsorization,0.10000000000000001,pooled,pooled,pooled,,lasso,ml,240,3,0.068721755306675236,-0.066602126728199804,0.19950602019338184,0.28797120287971201,85.439999999999998,1,False,-0.020823570578275385,0,0,False
winsorization__q_0p10,winsorization,0.10000000000000001,per_split,winsorization__q_0p10__test_2023,test_2023,2023,linear_regression,ml,80,,-0.056705501785429498,-0.283767542967721,0.18008336504974579,0.62353764623537644,31.100000000000001,,,-0.012541316021167745,0,,
winsorization__q_0p10,winsorization,0.10000000000000001,per_split,winsorization__q_0p10__test_2024,test_2024,2024,linear_regression,ml,80,,0.075503984997655885,-0.15346707183936389,0.30332921561273618,0.50004999500049996,74.549999999999997,,,-0.0056493202062822268,0,,
winsorization__q_0p10,winsorization,0.10000000000000001,per_split,winsorization__q_0p10__test_2025,test_2025,2025,linear_regression,ml,80,,0.10492264416315049,-0.12973684063807073,0.32346101470859201,0.35056494350564943,82.155000000000001,,,0.0043131739334270891,0,,
winsorization__q_0p10,winsorization,0.10000000000000001,pooled,pooled,pooled,,linear_regression,ml,240,3,0.041240375791792294,-0.09215152328052735,0.17180544682992951,0.52424757524247578,73.75,1,False,-0.0046258207646742919,0,0,False
winsorization__q_0p10,winsorization,0.10000000000000001,per_split,winsorization__q_0p10__test_2023,test_2023,2023,random_forest,ml,80,,-0.15754095000530186,-0.36346914890272525,0.068041361651100293,0.16478352164783522,8.1400000000000006,,,-0.010900460047982341,0,,
winsorization__q_0p10,winsorization,0.10000000000000001,per_split,winsorization__q_0p10__test_2024,test_2024,2024,random_forest,ml,80,,-0.16980877759772134,-0.36294334481756801,0.042588524221106622,0.13498650134986501,6.46,,,0.0028832799067531334,0,,
winsorization__q_0p10,winsorization,0.10000000000000001,per_split,winsorization__q_0p10__test_2025,test_2025,2025,random_forest,ml,80,,-0.13316924519456166,-0.35122147269669812,0.09936185862003645,0.23687631236876314,11.26,,,0.0073496279845576828,0,,
winsorization__q_0p10,winsorization,0.10000000000000001,pooled,pooled,pooled,,random_forest,ml,240,3,-0.15350632426586161,-0.27435065137822712,-0.026152859905031588,0.017998200179982,0.92000000000000004,0.107989201079892,False,-0.00022251738555717493,0,0,False
winsorization__q_0p10,winsorization,0.10000000000000001,per_split,winsorization__q_0p10__test_2023,test_2023,2023,ridge,ml,80,,-0.014557303269430227,-0.24095126245048751,0.21788061152851321,0.89601039896010404,45.354999999999997,,,-0.0062354954423002266,0,,
winsorization__q_0p10,winsorization,0.10000000000000001,per_split,winsorization__q_0p10__test_2024,test_2024,2024,ridge,ml,80,,0.21462728551336147,-0.012082709517224424,0.42839680433137189,0.050294970502949704,97.5,,,-0.0035161744022503549,0,,
winsorization__q_0p10,winsorization,0.10000000000000001,per_split,winsorization__q_0p10__test_2025,test_2025,2025,ridge,ml,80,,0.030004688232536336,-0.20190243389259627,0.25882052503562325,0.79522047795220474,60.640000000000001,,,-0.038138771683075473,0,,
winsorization__q_0p10,winsorization,0.10000000000000001,pooled,pooled,pooled,,ridge,ml,240,3,0.076691556825489185,-0.05858114719157434,0.20750185353518324,0.23647635236476353,88.049999999999997,1,False,-0.015963480509208691,0,0,False
winsorization__q_0p10,winsorization,0.10000000000000001,per_split,winsorization__q_0p10__test_2023,test_2023,2023,robust_rank_aggregation,baseline,80,,0.087905845323387105,-0.13331635951773868,0.29240881860612844,0.43885611438856115,78.159999999999997,,,0,0,,
winsorization__q_0p10,winsorization,0.10000000000000001,per_split,winsorization__q_0p10__test_2024,test_2024,2024,robust_rank_aggregation,baseline,80,,0.1954290527074114,-0.019752745983541778,0.39087327110713299,0.08089191080891911,96.159999999999997,,,0,0,,
winsorization__q_0p10,winsorization,0.10000000000000001,per_split,winsorization__q_0p10__test_2025,test_2025,2025,robust_rank_aggregation,baseline,80,,0.16246344360132983,-0.065789203051559345,0.37835560633061571,0.14628537146285372,92.969999999999999,,,0.062528496119805446,0,,
winsorization__q_0p10,winsorization,0.10000000000000001,pooled,pooled,pooled,,robust_rank_aggregation,baseline,240,3,0.14859944721070942,0.021810539259136792,0.26682144717175782,0.016898310168983102,99.159999999999997,,,0.020842832039935144,0,0,
trim_to_null__q_0p025,trim_to_null,0.025000000000000001,per_split,trim_to_null__q_0p025__test_2023,test_2023,2023,baseline_equal_weight,baseline,80,,0.097986356950432119,-0.11203257952752298,0.29336938870528023,0.38086191380861911,81.519999999999996,,,0.0031177477211501159,0,,
trim_to_null__q_0p025,trim_to_null,0.025000000000000001,per_split,trim_to_null__q_0p025__test_2024,test_2024,2024,baseline_equal_weight,baseline,80,,0.20895452414439755,-0.014805560768922534,0.40901433791115988,0.062993700629937005,97.109999999999999,,,-0.0028363806844819706,0,,
trim_to_null__q_0p025,trim_to_null,0.025000000000000001,per_split,trim_to_null__q_0p025__test_2025,test_2025,2025,baseline_equal_weight,baseline,80,,0.15494608532583215,-0.075453080959818938,0.36930630917302876,0.16958304169583041,91.959999999999994,,,0.012587904360056246,0,,
trim_to_null__q_0p025,trim_to_null,0.025000000000000001,pooled,pooled,pooled,,baseline_equal_weight,baseline,240,3,0.1539623221402206,0.029184039766409858,0.27022956571389001,0.013698630136986301,99.329999999999998,,,0.0042897571322414729,0,0,
trim_to_null__q_0p025,trim_to_null,0.025000000000000001,per_split,trim_to_null__q_0p025__test_2023,test_2023,2023,baseline_rank_score,baseline,80,,0.097986356950432119,-0.11203257952752298,0.29336938870528023,0.38086191380861911,81.519999999999996,,,0.0031177477211501159,0,,
trim_to_null__q_0p025,trim_to_null,0.025000000000000001,per_split,trim_to_null__q_0p025__test_2024,test_2024,2024,baseline_rank_score,baseline,80,,0.20895452414439755,-0.014805560768922534,0.40901433791115988,0.062993700629937005,97.109999999999999,,,-0.0028363806844819706,0,,
trim_to_null__q_0p025,trim_to_null,0.025000000000000001,per_split,trim_to_null__q_0p025__test_2025,test_2025,2025,baseline_rank_score,baseline,80,,0.15494608532583215,-0.075453080959818938,0.36930630917302876,0.16958304169583041,91.959999999999994,,,0.012587904360056246,0,,
trim_to_null__q_0p025,trim_to_null,0.025000000000000001,pooled,pooled,pooled,,baseline_rank_score,baseline,240,3,0.1539623221402206,0.029184039766409858,0.27022956571389001,0.013698630136986301,99.329999999999998,,,0.0042897571322414729,0,0,
trim_to_null__q_0p025,trim_to_null,0.025000000000000001,per_split,trim_to_null__q_0p025__test_2023,test_2023,2023,elasticnet,ml,80,,-0.10464380321213612,-0.32603792801622777,0.1320530557130685,0.35736426357364265,18.16,,,-0.0057901029107073482,0,,
trim_to_null__q_0p025,trim_to_null,0.025000000000000001,per_split,trim_to_null__q_0p025__test_2024,test_2024,2024,elasticnet,ml,80,,0.067323019221753405,-0.15277973506012937,0.2930894512083575,0.54234576542345769,72.540000000000006,,,0.0099859353023910025,0,,
trim_to_null__q_0p025,trim_to_null,0.025000000000000001,per_split,trim_to_null__q_0p025__test_2025,test_2025,2025,elasticnet,ml,80,,-0.050632911392405063,-0.28687293247200685,0.19365423856875547,0.65613438656134382,33.259999999999998,,,-0.0326769807782466,0,,
trim_to_null__q_0p025,trim_to_null,0.025000000000000001,pooled,pooled,pooled,,elasticnet,ml,240,3,-0.029317898460929259,-0.15916683886672292,0.10484781733322315,0.65003499650035002,32.729999999999997,1,False,-0.0094937161288543154,0,0,False
trim_to_null__q_0p025,trim_to_null,0.025000000000000001,per_split,trim_to_null__q_0p025__test_2023,test_2023,2023,gradient_boosting,ml,80,,-0.16719899202630989,-0.37143316625093514,0.050477646687640987,0.1382861713828617,7.0599999999999996,,,-0.066781709958254665,0,,
trim_to_null__q_0p025,trim_to_null,0.025000000000000001,per_split,trim_to_null__q_0p025__test_2024,test_2024,2024,gradient_boosting,ml,80,,-0.10261489235224698,-0.32049189810660217,0.1235117485820842,0.36656334366563342,18.329999999999998,,,0.013267174469168724,0,,
trim_to_null__q_0p025,trim_to_null,0.025000000000000001,per_split,trim_to_null__q_0p025__test_2025,test_2025,2025,gradient_boosting,ml,80,,-0.073699015471167376,-0.29635894847425165,0.15750464338498993,0.51734826517348265,25.609999999999999,,,0.02576183778715424,0,,
trim_to_null__q_0p025,trim_to_null,0.025000000000000001,pooled,pooled,pooled,,gradient_boosting,ml,240,3,-0.11450429994990807,-0.23735010677839852,0.016670138693008853,0.076292370762923709,3.77,0.45775422457754222,False,-0.0092508992339772195,0,0,False
trim_to_null__q_0p025,trim_to_null,0.025000000000000001,per_split,trim_to_null__q_0p025__test_2023,test_2023,2023,lasso,ml,80,,0.04730537519760096,-0.18511439866164101,0.27457898201191866,0.67843215678432156,66.534999999999997,,,0.036498745878426511,0,,
trim_to_null__q_0p025,trim_to_null,0.025000000000000001,per_split,trim_to_null__q_0p025__test_2024,test_2024,2024,lasso,ml,80,,0.12130801687763713,-0.10823168894444037,0.34489230459106573,0.28097190280971901,85.825000000000003,,,-0.01736990154711672,0,,
trim_to_null__q_0p025,trim_to_null,0.025000000000000001,per_split,trim_to_null__q_0p025__test_2025,test_2025,2025,lasso,ml,80,,0.036685419596811999,-0.19488952302119961,0.26271300828270155,0.73922607739226076,62.994999999999997,,,-0.082466010314111576,0,,
trim_to_null__q_0p025,trim_to_null,0.025000000000000001,pooled,pooled,pooled,,lasso,ml,240,3,0.068432937224016707,-0.066434398429510808,0.19763384358361011,0.29157084291570845,85.379999999999995,1,False,-0.021112388660933915,0,0,False
trim_to_null__q_0p025,trim_to_null,0.025000000000000001,per_split,trim_to_null__q_0p025__test_2023,test_2023,2023,linear_regression,ml,80,,0.063386389759322592,-0.17165746440242249,0.2925934974805921,0.58764123587641237,70.734999999999999,,,0.10755057552358435,0,,
trim_to_null__q_0p025,trim_to_null,0.025000000000000001,per_split,trim_to_null__q_0p025__test_2024,test_2024,2024,linear_regression,ml,80,,0.060314111579934368,-0.16909284720919268,0.28840026312736111,0.59494050594940506,70.040000000000006,,,-0.020839193624003743,0,,
trim_to_null__q_0p025,trim_to_null,0.025000000000000001,per_split,trim_to_null__q_0p025__test_2025,test_2025,2025,linear_regression,ml,80,,0.11122831692451945,-0.12208187049339256,0.3272836759577466,0.32526747325267474,83.305000000000007,,,0.010618846694796055,0,,
trim_to_null__q_0p025,trim_to_null,0.025000000000000001,pooled,pooled,pooled,,linear_regression,ml,240,3,0.078309606087925476,-0.059376342515093952,0.20775549574840871,0.22877712228777122,88.430000000000007,1,False,0.03244340953145889,0,0,False
trim_to_null__q_0p025,trim_to_null,0.025000000000000001,per_split,trim_to_null__q_0p025__test_2023,test_2023,2023,random_forest,ml,80,,-0.15833797289053067,-0.36428288949476223,0.066260276808575422,0.16128387161283872,7.9800000000000004,,,-0.011697482933211156,0,,
trim_to_null__q_0p025,trim_to_null,0.025000000000000001,per_split,trim_to_null__q_0p025__test_2024,test_2024,2024,random_forest,ml,80,,-0.17210602500310188,-0.36885882071112885,0.042351234156342829,0.13098690130986901,6.3899999999999997,,,0.00058603250137259644,0,,
trim_to_null__q_0p025,trim_to_null,0.025000000000000001,per_split,trim_to_null__q_0p025__test_2025,test_2025,2025,random_forest,ml,80,,-0.11801522512641192,-0.33610209603346852,0.11447230730355926,0.29487051294870514,14.199999999999999,,,0.022503648052707423,0,,
trim_to_null__q_0p025,trim_to_null,0.025000000000000001,pooled,pooled,pooled,,random_forest,ml,240,3,-0.14948640767334817,-0.27035888978534106,-0.021344107767043409,0.0217978202179782,1.1399999999999999,0.1307869213078692,False,0.0037973992069562645,0,0,False
trim_to_null__q_0p025,trim_to_null,0.025000000000000001,per_split,trim_to_null__q_0p025__test_2023,test_2023,2023,ridge,ml,80,,-0.01601068942515434,-0.24347286817982877,0.21539010113587648,0.88491150884911507,44.990000000000002,,,-0.00768888159802434,0,,
trim_to_null__q_0p025,trim_to_null,0.025000000000000001,per_split,trim_to_null__q_0p025__test_2024,test_2024,2024,ridge,ml,80,,0.20318799812470698,-0.025739657202889472,0.42132570852832524,0.063393660633936602,96.890000000000001,,,-0.014955461790904845,0,,
trim_to_null__q_0p025,trim_to_null,0.025000000000000001,per_split,trim_to_null__q_0p025__test_2025,test_2025,2025,ridge,ml,80,,0.0014299109235818097,-0.22724191316178366,0.23290725082281005,0.99040095990400956,50.825000000000003,,,-0.066713548992029997,0,,
trim_to_null__q_0p025,trim_to_null,0.025000000000000001,pooled,pooled,pooled,,ridge,ml,240,3,0.062869073207711471,-0.071021521997261847,0.19641222425763355,0.33606639336066391,83.170000000000002,1,False,-0.029785964126986406,0,0,False
trim_to_null__q_0p025,trim_to_null,0.025000000000000001,per_split,trim_to_null__q_0p025__test_2023,test_2023,2023,robust_rank_aggregation,baseline,80,,0.081004341389905754,-0.13885330942878601,0.28360913949581629,0.47515248475152483,76.430000000000007,,,-0.006901503933481351,0,,
trim_to_null__q_0p025,trim_to_null,0.025000000000000001,per_split,trim_to_null__q_0p025__test_2024,test_2024,2024,robust_rank_aggregation,baseline,80,,0.19394245532461774,-0.023439050953218868,0.39242361303113538,0.083791620837916206,96.010000000000005,,,-0.001486597382793664,0,,
trim_to_null__q_0p025,trim_to_null,0.025000000000000001,per_split,trim_to_null__q_0p025__test_2025,test_2025,2025,robust_rank_aggregation,baseline,80,,0.11128304491834916,-0.12435870956542902,0.33596301440357829,0.32686731326867313,84.079999999999998,,,0.011348097436824772,0,,
trim_to_null__q_0p025,trim_to_null,0.025000000000000001,pooled,pooled,pooled,,robust_rank_aggregation,baseline,240,3,0.12874328054429088,0.00044714178521752503,0.24782348704857865,0.042695730426957304,97.879999999999995,,,0.00098666537351660422,0,0,
trim_to_null__q_0p05,trim_to_null,0.050000000000000003,per_split,trim_to_null__q_0p05__test_2023,test_2023,2023,baseline_equal_weight,baseline,80,,0.099861693925560005,-0.11077476833447923,0.29632321378630228,0.37586241375862411,81.894999999999996,,,0.0049930846962780023,0,,
trim_to_null__q_0p05,trim_to_null,0.050000000000000003,per_split,trim_to_null__q_0p05__test_2024,test_2024,2024,baseline_equal_weight,baseline,80,,0.20349273323956868,-0.016955862469114437,0.40391334756508701,0.069693030696930308,96.75,,,-0.0082981715893108432,0,,
trim_to_null__q_0p05,trim_to_null,0.050000000000000003,per_split,trim_to_null__q_0p05__test_2025,test_2025,2025,baseline_equal_weight,baseline,80,,0.15494608532583215,-0.075453080959818938,0.36930630917302876,0.16958304169583041,91.959999999999994,,,0.012587904360056246,0,,
trim_to_null__q_0p05,trim_to_null,0.050000000000000003,pooled,pooled,pooled,,baseline_equal_weight,baseline,240,3,0.15276683749698694,0.027623473943562488,0.2691742849159291,0.014598540145985401,99.290000000000006,,,0.0030942724890078155,0,0,
trim_to_null__q_0p05,trim_to_null,0.050000000000000003,per_split,trim_to_null__q_0p05__test_2023,test_2023,2023,baseline_rank_score,baseline,80,,0.099861693925560005,-0.11077476833447923,0.29632321378630228,0.37586241375862411,81.894999999999996,,,0.0049930846962780023,0,,
trim_to_null__q_0p05,trim_to_null,0.050000000000000003,per_split,trim_to_null__q_0p05__test_2024,test_2024,2024,baseline_rank_score,baseline,80,,0.20349273323956868,-0.016955862469114437,0.40391334756508701,0.069693030696930308,96.75,,,-0.0082981715893108432,0,,
trim_to_null__q_0p05,trim_to_null,0.050000000000000003,per_split,trim_to_null__q_0p05__test_2025,test_2025,2025,baseline_rank_score,baseline,80,,0.15494608532583215,-0.075453080959818938,0.36930630917302876,0.16958304169583041,91.959999999999994,,,0.012587904360056246,0,,
trim_to_null__q_0p05,trim_to_null,0.050000000000000003,pooled,pooled,pooled,,baseline_rank_score,baseline,240,3,0.15276683749698694,0.027623473943562488,0.2691742849159291,0.014598540145985401,99.290000000000006,,,0.0030942724890078155,0,0,
trim_to_null__q_0p05,trim_to_null,0.050000000000000003,per_split,trim_to_null__q_0p05__test_2023,test_2023,2023,elasticnet,ml,80,,-0.12632738698705231,-0.34353922892222916,0.10853357722726478,0.27277272272772723,13.914999999999999,,,-0.027473686685623541,0,,
trim_to_null__q_0p05,trim_to_null,0.050000000000000003,per_split,trim_to_null__q_0p05__test_2024,test_2024,2024,elasticnet,ml,80,,0.051992498827941866,-0.16876240937097284,0.27710202561159963,0.63973602639736027,67.739999999999995,,,-0.0053445850914205367,0,,
trim_to_null__q_0p05,trim_to_null,0.050000000000000003,per_split,trim_to_null__q_0p05__test_2025,test_2025,2025,elasticnet,ml,80,,-0.046999531176746365,-0.28259253114785071,0.19561282053391746,0.67993200679932009,34.460000000000001,,,-0.029043600562587903,0,,
trim_to_null__q_0p05,trim_to_null,0.050000000000000003,pooled,pooled,pooled,,elasticnet,ml,240,3,-0.040444806445285607,-0.16817395926069234,0.093687327198716086,0.5283471652834717,26.699999999999999,1,False,-0.020620624113210664,0,0,False
trim_to_null__q_0p05,trim_to_null,0.050000000000000003,per_split,trim_to_null__q_0p05__test_2023,test_2023,2023,gradient_boosting,ml,80,,-0.1379686227189599,-0.35241781275110501,0.091749483754219652,0.22097790220977903,11.220000000000001,,,-0.03755134065090468,0,,
trim_to_null__q_0p05,trim_to_null,0.050000000000000003,per_split,trim_to_null__q_0p05__test_2024,test_2024,2024,gradient_boosting,ml,80,,-0.10607188274843857,-0.32333429443050266,0.122978084934746,0.34766523347665235,17.280000000000001,,,0.0098101840729771378,0,,
trim_to_null__q_0p05,trim_to_null,0.050000000000000003,per_split,trim_to_null__q_0p05__test_2025,test_2025,2025,gradient_boosting,ml,80,,-0.10843881856540084,-0.3312557196855942,0.12016973744042768,0.33936606339366066,16.405000000000001,,,-0.0089779653070792276,0,,
trim_to_null__q_0p05,trim_to_null,0.050000000000000003,pooled,pooled,pooled,,gradient_boosting,ml,240,3,-0.1174931080109331,-0.24186274853320264,0.015028465563821303,0.068593140685931406,3.4399999999999999,0.41155884411558841,False,-0.012239707295002247,0,0,False
trim_to_null__q_0p05,trim_to_null,0.050000000000000003,per_split,trim_to_null__q_0p05__test_2023,test_2023,2023,lasso,ml,80,,0.026301601076168621,-0.21018982427543978,0.2545079428315577,0.81591840815918404,60.155000000000001,,,0.015494971756994168,0,,
trim_to_null__q_0p05,trim_to_null,0.050000000000000003,per_split,trim_to_null__q_0p05__test_2024,test_2024,2024,lasso,ml,80,,0.10389123300515705,-0.12155426491660297,0.32211067498265972,0.35776422357764226,82.090000000000003,,,-0.034786685419596799,0,,
trim_to_null__q_0p05,trim_to_null,0.050000000000000003,per_split,trim_to_null__q_0p05__test_2025,test_2025,2025,lasso,ml,80,,-0.006422878574777309,-0.24453436473490686,0.22409954910585106,0.9566043395660434,47.994999999999997,,,-0.12557430848570089,0,,
trim_to_null__q_0p05,trim_to_null,0.050000000000000003,pooled,pooled,pooled,,lasso,ml,240,3,0.041256651835516127,-0.094115109574460121,0.17495998945415381,0.52824717528247178,73.799999999999997,1,False,-0.048288674049434495,0,0,False
trim_to_null__q_0p05,trim_to_null,0.050000000000000003,per_split,trim_to_null__q_0p05__test_2023,test_2023,2023,linear_regression,ml,80,,0.082655477178761635,-0.15472793609734514,0.31006865904549591,0.47145285471452852,76.560000000000002,,,0.12681966294302338,0,,
trim_to_null__q_0p05,trim_to_null,0.050000000000000003,per_split,trim_to_null__q_0p05__test_2024,test_2024,2024,linear_regression,ml,80,,0.011814345991561181,-0.21129583846503844,0.23958558420659326,0.92200779922007803,53.905000000000001,,,-0.069338959212376927,0,,
trim_to_null__q_0p05,trim_to_null,0.050000000000000003,per_split,trim_to_null__q_0p05__test_2025,test_2025,2025,linear_regression,ml,80,,0.0028598218471636194,-0.21919728941236591,0.220677613786393,0.97920207979202079,50.945,,,-0.097749648382559784,0,,
trim_to_null__q_0p05,trim_to_null,0.050000000000000003,pooled,pooled,pooled,,linear_regression,ml,240,3,0.032443215005828814,-0.10230719891536157,0.16207692227397313,0.62083791620837914,69.219999999999999,1,False,-0.013422981550637772,0,0,False
trim_to_null__q_0p05,trim_to_null,0.050000000000000003,per_split,trim_to_null__q_0p05__test_2023,test_2023,2023,random_forest,ml,80,,-0.15428253291568994,-0.35866334517001824,0.070395751229814174,0.17678232176782321,8.8900000000000006,,,-0.0076420429583704264,0,,
trim_to_null__q_0p05,trim_to_null,0.050000000000000003,per_split,trim_to_null__q_0p05__test_2024,test_2024,2024,random_forest,ml,80,,-0.18286558172830261,-0.37688149137892885,0.028944779216345126,0.10778922107789221,5.1500000000000004,,,-0.01017352422382814,0,,
trim_to_null__q_0p05,trim_to_null,0.050000000000000003,per_split,trim_to_null__q_0p05__test_2025,test_2025,2025,random_forest,ml,80,,-0.14500703234880449,-0.35885061806762519,0.086563669872948321,0.20067993200679932,9.4700000000000006,,,-0.0044881591696851464,0,,
trim_to_null__q_0p05,trim_to_null,0.050000000000000003,pooled,pooled,pooled,,random_forest,ml,240,3,-0.16071838233093236,-0.28120978606327207,-0.033133985110564305,0.012698730126987301,0.63,0.076192380761923806,False,-0.0074345754506279227,0,0,False
trim_to_null__q_0p05,trim_to_null,0.050000000000000003,per_split,trim_to_null__q_0p05__test_2023,test_2023,2023,ridge,ml,80,,-0.067230830558334773,-0.29185541065024778,0.16225602875541695,0.55324467553244672,28.329999999999998,,,-0.058909022731204769,0,,
trim_to_null__q_0p05,trim_to_null,0.050000000000000003,per_split,trim_to_null__q_0p05__test_2024,test_2024,2024,ridge,ml,80,,0.18030942334739802,-0.045814097032037739,0.40263095156726225,0.10308969103089691,94.900000000000006,,,-0.037834036568213797,0,,
trim_to_null__q_0p05,trim_to_null,0.050000000000000003,per_split,trim_to_null__q_0p05__test_2025,test_2025,2025,ridge,ml,80,,-0.0040318799812470701,-0.23912131376163887,0.22933355993552959,0.97400259974002601,49.049999999999997,,,-0.072175339896858884,0,,
trim_to_null__q_0p05,trim_to_null,0.050000000000000003,pooled,pooled,pooled,,ridge,ml,240,3,0.036348904269272057,-0.095958728590975664,0.1700832476361232,0.57784221577842221,71.200000000000003,1,False,-0.056306133065425819,0,0,False
trim_to_null__q_0p05,trim_to_null,0.050000000000000003,per_split,trim_to_null__q_0p05__test_2023,test_2023,2023,robust_rank_aggregation,baseline,80,,0.082688986048870983,-0.13716221665600242,0.2864613626459625,0.46715328467153283,76.609999999999999,,,-0.0052168592745161224,0,,
trim_to_null__q_0p05,trim_to_null,0.050000000000000003,per_split,trim_to_null__q_0p05__test_2024,test_2024,2024,robust_rank_aggregation,baseline,80,,0.18570298720459319,-0.03487460204106866,0.38383766418258958,0.097290270972902715,95.409999999999997,,,-0.0097260655028182097,0,,
trim_to_null__q_0p05,trim_to_null,0.050000000000000003,per_split,trim_to_null__q_0p05__test_2025,test_2025,2025,robust_rank_aggregation,baseline,80,,0.11128304491834916,-0.12435870956542902,0.33596301440357829,0.32686731326867313,84.079999999999998,,,0.011348097436824772,0,,
trim_to_null__q_0p05,trim_to_null,0.050000000000000003,pooled,pooled,pooled,,robust_rank_aggregation,baseline,240,3,0.12655833939060446,-0.0014803852383710647,0.24570740499703775,0.046395360463953601,97.659999999999997,,,-0.0011982757801698163,0,0,
trim_to_null__q_0p10,trim_to_null,0.10000000000000001,per_split,trim_to_null__q_0p10__test_2023,test_2023,2023,baseline_equal_weight,baseline,80,,0.11209826768826947,-0.099313126909803776,0.3054861067596582,0.31896810318968105,84.495000000000005,,,0.017229658458987468,0,,
trim_to_null__q_0p10,trim_to_null,0.10000000000000001,per_split,trim_to_null__q_0p10__test_2024,test_2024,2024,baseline_equal_weight,baseline,80,,0.20492264416315048,-0.013724267150994535,0.40279152582991345,0.068093190680931906,96.799999999999997,,,-0.0068682606657290424,0,,
trim_to_null__q_0p10,trim_to_null,0.10000000000000001,per_split,trim_to_null__q_0p10__test_2025,test_2025,2025,baseline_equal_weight,baseline,80,,0.15494608532583215,-0.075453080959818938,0.36930630917302876,0.16958304169583041,91.959999999999994,,,0.012587904360056246,0,,
trim_to_null__q_0p10,trim_to_null,0.10000000000000001,pooled,pooled,pooled,,baseline_equal_weight,baseline,240,3,0.15732233239241736,0.032996941983398351,0.2728867893670836,0.011098890110988901,99.400000000000006,,,0.007649767384438233,0,0,
trim_to_null__q_0p10,trim_to_null,0.10000000000000001,per_split,trim_to_null__q_0p10__test_2023,test_2023,2023,baseline_rank_score,baseline,80,,0.11209826768826947,-0.099313126909803776,0.3054861067596582,0.31896810318968105,84.495000000000005,,,0.017229658458987468,0,,
trim_to_null__q_0p10,trim_to_null,0.10000000000000001,per_split,trim_to_null__q_0p10__test_2024,test_2024,2024,baseline_rank_score,baseline,80,,0.20492264416315048,-0.013724267150994535,0.40279152582991345,0.068093190680931906,96.799999999999997,,,-0.0068682606657290424,0,,
trim_to_null__q_0p10,trim_to_null,0.10000000000000001,per_split,trim_to_null__q_0p10__test_2025,test_2025,2025,baseline_rank_score,baseline,80,,0.15494608532583215,-0.075453080959818938,0.36930630917302876,0.16958304169583041,91.959999999999994,,,0.012587904360056246,0,,
trim_to_null__q_0p10,trim_to_null,0.10000000000000001,pooled,pooled,pooled,,baseline_rank_score,baseline,240,3,0.15732233239241736,0.032996941983398351,0.2728867893670836,0.011098890110988901,99.400000000000006,,,0.007649767384438233,0,0,
trim_to_null__q_0p10,trim_to_null,0.10000000000000001,per_split,trim_to_null__q_0p10__test_2023,test_2023,2023,elasticnet,ml,80,,-0.11324691158553531,-0.33014112427061687,0.11861724097194568,0.32446755324467552,16.469999999999999,,,-0.014393211284106533,0,,
trim_to_null__q_0p10,trim_to_null,0.10000000000000001,per_split,trim_to_null__q_0p10__test_2024,test_2024,2024,elasticnet,ml,80,,0.053609939052977028,-0.16393376186480882,0.27735843445454939,0.62953704629537044,68.329999999999998,,,-0.0037271448663853748,0,,
trim_to_null__q_0p10,trim_to_null,0.10000000000000001,per_split,trim_to_null__q_0p10__test_2025,test_2025,2025,elasticnet,ml,80,,-0.030403187998124706,-0.26873195422543966,0.21070598129647702,0.78712128787121283,39.600000000000001,,,-0.012447257383966244,0,,
trim_to_null__q_0p10,trim_to_null,0.10000000000000001,pooled,pooled,pooled,,elasticnet,ml,240,3,-0.030013386843560991,-0.15694516992250687,0.10296153746411496,0.6399360063993601,32.189999999999998,1,False,-0.010189204511486048,0,0,False
trim_to_null__q_0p10,trim_to_null,0.10000000000000001,per_split,trim_to_null__q_0p10__test_2023,test_2023,2023,gradient_boosting,ml,80,,-0.16027192547968883,-0.36760222162941192,0.065807253871959265,0.15038496150384961,7.4950000000000001,,,-0.059854643411633601,0,,
trim_to_null__q_0p10,trim_to_null,0.10000000000000001,per_split,trim_to_null__q_0p10__test_2024,test_2024,2024,gradient_boosting,ml,80,,-0.078551796483981806,-0.29725890788642723,0.1518329320147879,0.49565043495650435,24.719999999999999,,,0.037330270337433899,0,,
trim_to_null__q_0p10,trim_to_null,0.10000000000000001,per_split,trim_to_null__q_0p10__test_2025,test_2025,2025,gradient_boosting,ml,80,,-0.090495138861955163,-0.31956852631763277,0.14463497266592956,0.42505749425057493,20.890000000000001,,,0.0089657143963664532,0,,
trim_to_null__q_0p10,trim_to_null,0.10000000000000001,pooled,pooled,pooled,,gradient_boosting,ml,240,3,-0.10977295360854193,-0.23724055541125785,0.023532747498117044,0.092390760923907606,4.71,0.55434456554344558,False,-0.0045195528926110784,0,0,False
trim_to_null__q_0p10,trim_to_null,0.10000000000000001,per_split,trim_to_null__q_0p10__test_2023,test_2023,2023,lasso,ml,80,,0.14280691065598863,-0.090698247089360307,0.36529564887288851,0.21357864213578642,89.359999999999999,,,0.13200028133681418,0,,
trim_to_null__q_0p10,trim_to_null,0.10000000000000001,per_split,trim_to_null__q_0p10__test_2024,test_2024,2024,lasso,ml,80,,0.12374589779653071,-0.10002106078387073,0.34069375363926718,0.27107289271072893,86.334999999999994,,,-0.014932020628223144,0,,
trim_to_null__q_0p10,trim_to_null,0.10000000000000001,per_split,trim_to_null__q_0p10__test_2025,test_2025,2025,lasso,ml,80,,0.015916549460853257,-0.22346662629883343,0.24815530055413754,0.88601139886011404,55.950000000000003,,,-0.10323488045007032,0,,
trim_to_null__q_0p10,trim_to_null,0.10000000000000001,pooled,pooled,pooled,,lasso,ml,240,3,0.094156452637790863,-0.041056770774128254,0.22544873730557574,0.1464853514648535,92.730000000000004,0.87891210878912096,False,0.0046111267528402416,0,0,False
trim_to_null__q_0p10,trim_to_null,0.10000000000000001,per_split,trim_to_null__q_0p10__test_2023,test_2023,2023,linear_regression,ml,80,,0.1668346656498147,-0.072404897245793659,0.39584263312396833,0.14738526147385261,92.549999999999997,,,0.21099885141407645,0,,
trim_to_null__q_0p10,trim_to_null,0.10000000000000001,per_split,trim_to_null__q_0p10__test_2024,test_2024,2024,linear_regression,ml,80,,0.075503984997655885,-0.14860046171300262,0.29859816033789938,0.50524947505249473,74.5,,,-0.0056493202062822268,0,,
trim_to_null__q_0p10,trim_to_null,0.10000000000000001,per_split,trim_to_null__q_0p10__test_2025,test_2025,2025,linear_regression,ml,80,,0.022456633849038912,-0.21174039104954873,0.24867573200243132,0.84191580841915803,57.625,,,-0.078152836380684487,0,,
trim_to_null__q_0p10,trim_to_null,0.10000000000000001,pooled,pooled,pooled,,linear_regression,ml,240,3,0.088265094832169821,-0.046788935762879465,0.22101903440750972,0.17248275172482752,91.170000000000002,1,False,0.042398898275703235,0,0,False
trim_to_null__q_0p10,trim_to_null,0.10000000000000001,per_split,trim_to_null__q_0p10__test_2023,test_2023,2023,random_forest,ml,80,,-0.14495267678859966,-0.34952973165029838,0.075617531481964165,0.19938006199380062,9.875,,,0.0016878131687198539,0,,
trim_to_null__q_0p10,trim_to_null,0.10000000000000001,per_split,trim_to_null__q_0p10__test_2024,test_2024,2024,random_forest,ml,80,,-0.16795593061415845,-0.36688326933605397,0.046369370372326205,0.13948605139486051,6.8200000000000003,,,0.0047361268903160225,0,,
trim_to_null__q_0p10,trim_to_null,0.10000000000000001,per_split,trim_to_null__q_0p10__test_2025,test_2025,2025,random_forest,ml,80,,-0.12358180965775903,-0.34207241815525502,0.11112453863395348,0.2705729427057294,12.880000000000001,,,0.016937063521360318,0,,
trim_to_null__q_0p10,trim_to_null,0.10000000000000001,pooled,pooled,pooled,,random_forest,ml,240,3,-0.14549680568683906,-0.26649255286095069,-0.016562104273655801,0.025397460253974602,1.29,0.15238476152384761,False,0.0077870011934653705,0,0,False
trim_to_null__q_0p10,trim_to_null,0.10000000000000001,per_split,trim_to_null__q_0p10__test_2023,test_2023,2023,ridge,ml,80,,-0.026137509090844932,-0.25051874829962262,0.20173836801187134,0.81231876812318771,41.409999999999997,,,-0.017815701263714932,0,,
trim_to_null__q_0p10,trim_to_null,0.10000000000000001,per_split,trim_to_null__q_0p10__test_2024,test_2024,2024,ridge,ml,80,,0.19770276605719644,-0.02743276665585118,0.41278464414380128,0.072192780721927807,96.340000000000003,,,-0.020440693858415376,0,,
trim_to_null__q_0p10,trim_to_null,0.10000000000000001,per_split,trim_to_null__q_0p10__test_2025,test_2025,2025,ridge,ml,80,,0.009985935302390999,-0.22867552196285426,0.24675700930151159,0.93260673932606741,53.689999999999998,,,-0.05815752461322081,0,,
trim_to_null__q_0p10,trim_to_null,0.10000000000000001,pooled,pooled,pooled,,ridge,ml,240,3,0.060517064089580831,-0.072484462388124421,0.19242373655729303,0.35216478352164782,82.219999999999999,1,False,-0.032137973245117045,0,0,False
trim_to_null__q_0p10,trim_to_null,0.10000000000000001,per_split,trim_to_null__q_0p10__test_2023,test_2023,2023,robust_rank_aggregation,baseline,80,,0.11659718326169527,-0.10832204748840189,0.31690616529524945,0.297970202979702,85.230000000000004,,,0.028691337938308165,0,,
trim_to_null__q_0p10,trim_to_null,0.10000000000000001,per_split,trim_to_null__q_0p10__test_2024,test_2024,2024,robust_rank_aggregation,baseline,80,,0.20062965791774376,-0.017870782200610193,0.39658636799626579,0.074492550744925501,96.310000000000002,,,0.0052006052103323597,0,,
trim_to_null__q_0p10,trim_to_null,0.10000000000000001,per_split,trim_to_null__q_0p10__test_2025,test_2025,2025,robust_rank_aggregation,baseline,80,,0.11128304491834916,-0.12435870956542902,0.33596301440357829,0.32686731326867313,84.079999999999998,,,0.011348097436824772,0,,
trim_to_null__q_0p10,trim_to_null,0.10000000000000001,pooled,pooled,pooled,,robust_rank_aggregation,baseline,240,3,0.14283662869926272,0.013942336455899809,0.26166579196848438,0.022897710228977103,98.829999999999998,,,0.015080013528488451,0,0,
