ticker,year,source,retrieved_at,revenue,gross_profit,operating_income,net_income,ebitda,total_assets,current_assets,non_current_assets,short_term_liabilities,long_term_liabilities,equity,working_capital,net_debt,roe,roa,gross_margin,net_margin,ebitda_margin
AKSA,2022,yfinance_unofficial,2026-06-10,34464528000.0,5634270000.0,4506865000.0,4563874000.0,5540448000.0,25372757000.0,10614003000.0,14758754000.0,7158954000.0,2194866000.0,16018937000.0,3455049000.0,1290298000.0,28.4905,17.9873,16.348,13.2422,16.0758
AKSA,2023,yfinance_unofficial,2026-06-10,34553569000.0,5707077000.0,4149741000.0,2385110000.0,5849746000.0,36097130000.0,14110637000.0,21986493000.0,9948059000.0,1987972000.0,24161099000.0,4162578000.0,188275000.0,9.8717,6.6075,16.5166,6.9026,16.9295
AKSA,2024,yfinance_unofficial,2026-06-10,37122843000.0,5570492000.0,3597016000.0,1487755000.0,3597269000.0,46640665000.0,16498493000.0,30142172000.0,12993396000.0,2394257000.0,31253012000.0,3505097000.0,4214820000.0,4.7604,3.1898,15.0056,4.0077,9.6902
AKSA,2025,yfinance_unofficial,2026-06-10,32444223000.0,4928192000.0,2451352000.0,4016418000.0,2922221000.0,68473459000.0,20701906000.0,47771553000.0,24421489000.0,10414186000.0,32724193000.0,-3719583000.0,21070143000.0,12.2735,5.8657,15.1897,12.3795,9.0069
AKSEN,2022,yfinance_unofficial,2026-06-10,87101671476.0,10591006620.0,9728070330.0,5581565888.0,9907016996.0,55203703045.0,18806748271.0,36396954774.0,13155653440.0,9633839984.0,29529938061.0,5651094831.0,12492772473.0,18.9014,10.1109,12.1594,6.4081,11.3741
AKSEN,2023,yfinance_unofficial,2026-06-10,50781705280.0,10417597562.0,9261143132.0,7935940468.0,9262700387.0,80573109117.0,24675465416.0,55897643701.0,19875543884.0,10690626674.0,45810491186.0,4799921532.0,17980802587.0,17.3234,9.8494,20.5145,15.6276,18.2402
AKSEN,2024,yfinance_unofficial,2026-06-10,41412051265.0,8754153044.0,7064842424.0,2627313791.0,7066245613.0,108342312386.0,19390517893.0,88951794493.0,28422249759.0,21632889134.0,53201282506.0,-9031731866.0,35212459041.0,4.9384,2.425,21.1391,6.3443,17.0633
AKSEN,2025,yfinance_unofficial,2026-06-10,42385314361.0,10544729999.0,9109343349.0,3652368390.0,9112320700.0,129590455824.0,19990857936.0,109599597888.0,26237982428.0,38221621378.0,59559759570.0,-6247124492.0,47547471537.0,6.1323,2.8184,24.8783,8.6171,21.4988
DOHOL,2022,yfinance_unofficial,2026-06-10,29606003000.0,4912373000.0,1101931000.0,232125000.0,1475948000.0,83805566000.0,50649588000.0,33155978000.0,24909607000.0,8186092000.0,41258107000.0,25739981000.0,6887073000.0,0.5626,0.277,16.5925,0.784,4.9853
DOHOL,2023,yfinance_unofficial,2026-06-10,75706159000.0,13649782000.0,6081740000.0,-210182000.0,6636666000.0,134875359000.0,83683505000.0,51191854000.0,40433632000.0,14605186000.0,69918034000.0,43249873000.0,11550508000.0,-0.3006,-0.1558,18.0299,-0.2776,8.7663
DOHOL,2024,yfinance_unofficial,2026-06-10,104887460000.0,13406927000.0,132015000.0,5650978000.0,1332091000.0,182814128000.0,108926523000.0,73887605000.0,63921930000.0,21980777000.0,83018793000.0,45004593000.0,4515481000.0,6.8069,3.0911,12.7822,5.3877,1.27
DOHOL,2025,yfinance_unofficial,2026-06-10,93680389000.0,16979941000.0,3937392000.0,1792287000.0,5189804000.0,184596193000.0,114038312000.0,70557881000.0,72453052000.0,14772372000.0,83723185000.0,41585260000.0,25890013000.0,2.1407,0.9709,18.1254,1.9132,5.5399
EKGYO,2022,yfinance_unofficial,2026-06-10,21220172000.0,5098391000.0,3564731000.0,905060000.0,3644833000.0,120939658000.0,110688971000.0,10250687000.0,53866415000.0,5529184000.0,61544059000.0,56822556000.0,130165000.0,1.4706,0.7484,24.0262,4.2651,17.1763
EKGYO,2023,yfinance_unofficial,2026-06-10,41141913000.0,12262863000.0,7175706000.0,-5882442000.0,7350587000.0,175395726000.0,164388932000.0,11006794000.0,89842559000.0,2924627000.0,82628540000.0,74546373000.0,,-7.1191,-3.3538,29.8063,-14.2979,17.8664
EKGYO,2024,yfinance_unofficial,2026-06-10,41753570000.0,11264862000.0,7151979000.0,17274359000.0,7444489000.0,268202250000.0,247041997000.0,21160253000.0,141434957000.0,1368356000.0,125398937000.0,105607040000.0,6048214000.0,13.7755,6.4408,26.9794,41.3722,17.8296
EKGYO,2025,yfinance_unofficial,2026-06-10,99829173000.0,27822734000.0,22238835000.0,6002283000.0,22742856000.0,335189944000.0,302689071000.0,32500873000.0,155801289000.0,49679997000.0,129708658000.0,146887782000.0,32612720000.0,4.6275,1.7907,27.8703,6.0126,22.7818
KCHOL,2022,yfinance_unofficial,2026-06-10,1715942000000.0,404943000000.0,243546000000.0,72662000000.0,269003000000.0,2817316000000.0,1634866000000.0,1182450000000.0,1888144000000.0,319239000000.0,365745000000.0,-253278000000.0,424610000000.0,19.8668,2.5791,23.5989,4.2345,15.6767
KCHOL,2023,yfinance_unofficial,2026-06-10,2316773000000.0,543799000000.0,301173000000.0,108176000000.0,345370000000.0,4127744000000.0,2472313000000.0,1655431000000.0,2693843000000.0,460395000000.0,586403000000.0,-221530000000.0,451835000000.0,18.4474,2.6207,23.4723,4.6693,14.9074
KCHOL,2024,yfinance_unofficial,2026-06-10,3033955000000.0,429110000000.0,88789000000.0,1709000000.0,117151000000.0,5115459000000.0,2967964000000.0,2147495000000.0,3409284000000.0,582254000000.0,691939000000.0,-441320000000.0,869489000000.0,0.247,0.0334,14.1436,0.0563,3.8613
KCHOL,2025,yfinance_unofficial,2026-06-10,2757295000000.0,469354000000.0,104094000000.0,22001000000.0,134594000000.0,5317600000000.0,3016408000000.0,2301192000000.0,3459611000000.0,765416000000.0,677349000000.0,-443203000000.0,1129752000000.0,3.2481,0.4137,17.0223,0.7979,4.8814
ODAS,2022,yfinance_unofficial,2026-06-10,15804775576.0,6233868711.0,5856373601.0,1402004017.0,5908105928.0,24079050696.0,7279749670.0,16799301026.0,4866285092.0,4055901264.0,12150040365.0,2413464578.0,1477063182.0,11.5391,5.8225,39.4429,8.8708,37.3818
ODAS,2023,yfinance_unofficial,2026-06-10,10743366289.0,2544541782.0,1589710234.0,5496402341.0,1676946993.0,32574419600.0,7781980367.0,24792439233.0,5266992559.0,1643626101.0,16977427728.0,2514987808.0,,32.3748,16.8734,23.6848,51.1609,15.6091
ODAS,2024,yfinance_unofficial,2026-06-10,10215595076.0,2304555051.0,774159839.0,-3898603214.0,898493267.0,44710249425.0,10339871029.0,34370378396.0,8171734850.0,1683859232.0,17170320815.0,2168136179.0,,-22.7055,-8.7197,22.5592,-38.1633,8.7953
ODAS,2025,yfinance_unofficial,2026-06-10,8912508577.0,1625469691.0,-382111001.0,467121801.0,-237720505.0,41395090577.0,7548750555.0,33846340022.0,3894376055.0,1535574601.0,15541633782.0,3654374500.0,259239316.0,3.0056,1.1284,18.2381,5.2412,-2.6673
SAHOL,2022,yfinance_unofficial,2026-06-10,355699436000.0,,,39421491000.0,,2129225298000.0,,,,,217890185000.0,,,18.0924,1.8514,,11.0828,
SAHOL,2023,yfinance_unofficial,2026-06-10,523497276000.0,,,22273810000.0,,3165265998000.0,,,,,318633288000.0,,,6.9904,0.7037,,4.2548,
SAHOL,2024,yfinance_unofficial,2026-06-10,542558776000.0,,,-20254961000.0,,4023199831000.0,,,,,370762598000.0,,,-5.4631,-0.5035,,-3.7332,
SAHOL,2025,yfinance_unofficial,2026-06-10,532410558000.0,,,3793369000.0,,4101380927000.0,,,,,361227167000.0,,,1.0501,0.0925,,0.7125,
SMRTG,2022,yfinance_unofficial,2026-06-10,3973288754.0,606339883.0,421411464.0,88716585.0,431919013.0,4294263789.0,3641419864.0,652843925.0,2667816199.0,194299153.0,1442281054.0,973603665.0,,6.1511,2.0659,15.2604,2.2328,10.8706
SMRTG,2023,yfinance_unofficial,2026-06-10,11684945071.0,2667087912.0,1883986563.0,1476970648.0,1908995286.0,15232958707.0,10286230998.0,4946727709.0,9233794679.0,2926265473.0,3065140922.0,1052436319.0,4045749628.0,48.1861,9.6959,22.825,12.6399,16.3372
SMRTG,2024,yfinance_unofficial,2026-06-10,15285067108.0,2977002128.0,1940680301.0,577403387.0,1960894582.0,22856836888.0,13936850241.0,8919986647.0,14752851853.0,3504490491.0,4598732158.0,-816001612.0,7137182924.0,12.5557,2.5262,19.4765,3.7776,12.8288
SMRTG,2025,yfinance_unofficial,2026-06-10,10581001663.0,2537199342.0,1641703423.0,-434718338.0,1677129403.0,25347746821.0,13362253830.0,11985492991.0,17137984651.0,3586037730.0,4633827218.0,-3775730821.0,8436575020.0,-9.3814,-1.715,23.9788,-4.1085,15.8504
VESTL,2022,yfinance_unofficial,2026-06-10,111124940000.0,18889685000.0,2173125000.0,-111335000.0,2646700000.0,112100710000.0,49223234000.0,62877476000.0,77458315000.0,4415171000.0,27374845000.0,-28235081000.0,31876842000.0,-0.4067,-0.0993,16.9986,-0.1002,2.3817
VESTL,2023,yfinance_unofficial,2026-06-10,162015698000.0,36055173000.0,6928938000.0,2092951000.0,7669840000.0,180734547000.0,69453104000.0,111281443000.0,112814094000.0,8926985000.0,52040254000.0,-43360990000.0,37869734000.0,4.0218,1.158,22.2541,1.2918,4.734
VESTL,2024,yfinance_unofficial,2026-06-10,186831127000.0,39018019000.0,3357275000.0,-14425241000.0,4715756000.0,228399157000.0,73219284000.0,155179873000.0,125525527000.0,34276667000.0,58554146000.0,-52306243000.0,75434056000.0,-24.6357,-6.3158,20.8841,-7.721,2.5241
VESTL,2025,yfinance_unofficial,2026-06-10,138249521000.0,22456676000.0,-12352067000.0,-29681104000.0,-10019836000.0,196443102000.0,48526174000.0,147916928000.0,105833729000.0,55416743000.0,26878386000.0,-57307555000.0,84749884000.0,-110.4274,-15.1093,16.2436,-21.4692,-7.2476
