ticker,year,source,retrieved_at,revenue,gross_profit,operating_income,net_income,ebitda,total_assets,current_assets,non_current_assets,short_term_liabilities,long_term_liabilities,equity,working_capital,net_debt,roe,roa,gross_margin,net_margin,ebitda_margin,_bank_warning
AGESA,2021,yfinance_unofficial,2026-06-10,,,,,,,,,,,,,,,,,,,
AGESA,2022,yfinance_unofficial,2026-06-10,7423635250.0,,,874584194.0,,87632574064.0,,,,,1726351302.0,,,50.6608,0.998,,11.7811,,
AGESA,2023,yfinance_unofficial,2026-06-10,15830061180.0,,,1390038546.0,,165281135254.0,,,,,3099774530.0,,,44.8432,0.841,,8.781,,
AGESA,2024,yfinance_unofficial,2026-06-10,24259450924.0,,,2871345742.0,,268785843836.0,,,,,5448908796.0,,,52.6958,1.0683,,11.836,,
AGESA,2025,yfinance_unofficial,2026-06-10,45660285083.0,,,5555079234.0,,466853140926.0,,,,,10090449625.0,,,55.0528,1.1899,,12.1661,,
AGHOL,2022,yfinance_unofficial,2026-06-10,319647531000.0,82966018000.0,17418950000.0,15639252000.0,26070315000.0,377714512000.0,133800505000.0,243914007000.0,128310460000.0,79972195000.0,53964851000.0,5490045000.0,21388117000.0,28.9804,4.1405,25.9555,4.8927,8.156,
AGHOL,2023,yfinance_unofficial,2026-06-10,542096480000.0,143221008000.0,29988199000.0,28353841000.0,44228522000.0,565676096000.0,212010781000.0,353665315000.0,202392838000.0,104005489000.0,92994164000.0,9617943000.0,18163689000.0,30.4899,5.0124,26.4198,5.2304,8.1588,
AGHOL,2024,yfinance_unofficial,2026-06-10,731026518000.0,214464702000.0,43949522000.0,6780925000.0,64700265000.0,711657719000.0,261964075000.0,449693644000.0,256971146000.0,133733833000.0,117169724000.0,4992929000.0,11171987000.0,5.7873,0.9528,29.3375,0.9276,8.8506,
AGHOL,2025,yfinance_unofficial,2026-06-10,707202498000.0,197625723000.0,37492554000.0,2505918000.0,60659492000.0,683224616000.0,220928042000.0,462296574000.0,235538153000.0,129560246000.0,114124561000.0,-14610111000.0,39538880000.0,2.1958,0.3668,27.9447,0.3543,8.5774,
AKBNK,2021,yfinance_unofficial,2026-06-10,,,,,,,,,,,,,,,,,,,Bank ticker: 'revenue' is net interest income; EBITDA undefined; gross_profit unavailable. Ratios not comparable with non-bank companies.
AKBNK,2022,yfinance_unofficial,2026-06-10,111772356000.0,,,60025707000.0,,1147294180000.0,,,,,153605870000.0,,,39.0777,5.2319,,53.7035,,Bank ticker: 'revenue' is net interest income; EBITDA undefined; gross_profit unavailable. Ratios not comparable with non-bank companies.
AKBNK,2023,yfinance_unofficial,2026-06-10,150431745000.0,,,66496235000.0,,1904769488000.0,,,,,211218707000.0,,,31.4822,3.491,,44.2036,,Bank ticker: 'revenue' is net interest income; EBITDA undefined; gross_profit unavailable. Ratios not comparable with non-bank companies.
AKBNK,2024,yfinance_unofficial,2026-06-10,160261678000.0,,,42366116000.0,,2653105361000.0,,,,,240371214000.0,,102089034000.0,17.6253,1.5969,,26.4356,,Bank ticker: 'revenue' is net interest income; EBITDA undefined; gross_profit unavailable. Ratios not comparable with non-bank companies.
AKBNK,2025,yfinance_unofficial,2026-06-10,230092544000.0,,,57254821000.0,,3558949685000.0,,,,,310187272000.0,,238682425000.0,18.4581,1.6088,,24.8834,,Bank ticker: 'revenue' is net interest income; EBITDA undefined; gross_profit unavailable. Ratios not comparable with non-bank companies.
AKENR,2022,yfinance_unofficial,2026-06-10,32710184429.0,2468746611.0,2178204159.0,2104990445.0,2190044038.0,37804276653.0,6200984047.0,31603292606.0,5572785941.0,22292618669.0,9938872043.0,628198106.0,16888933180.0,21.1794,5.5681,7.5473,6.4353,6.6953,
AKENR,2023,yfinance_unofficial,2026-06-10,34177798000.0,2173184000.0,1839515000.0,7276486000.0,1863874000.0,46128535000.0,3648463000.0,42480072000.0,11872978000.0,14358404000.0,19897153000.0,-8224515000.0,20678826000.0,36.5705,15.7744,6.3585,21.2901,5.4535,
AKENR,2024,yfinance_unofficial,2026-06-10,33357390000.0,547340000.0,-173428000.0,-4316487000.0,-105900000.0,45491853000.0,4070982000.0,41420871000.0,5110235000.0,22520202000.0,17861416000.0,-1039253000.0,21392418000.0,-24.1665,-9.4885,1.6408,-12.9401,-0.3175,
AKENR,2025,yfinance_unofficial,2026-06-10,22710366000.0,-544687000.0,-1342888000.0,-5367909000.0,-1292838000.0,39721587000.0,2040109000.0,37681478000.0,13663018000.0,13185789000.0,12872780000.0,-11622909000.0,21070334000.0,-41.6997,-13.5138,-2.3984,-23.6364,-5.6927,
AKSA,2021,yfinance_unofficial,2026-06-10,,,,,,,,,,,,,,,,,,,
AKSA,2022,yfinance_unofficial,2026-06-10,34464528000.0,5634270000.0,4506865000.0,4563874000.0,5540448000.0,25372757000.0,10614003000.0,14758754000.0,7158954000.0,2194866000.0,16018937000.0,3455049000.0,1290298000.0,28.4905,17.9873,16.348,13.2422,16.0758,
AKSA,2023,yfinance_unofficial,2026-06-10,34553569000.0,5707077000.0,4149741000.0,2385110000.0,5849746000.0,36097130000.0,14110637000.0,21986493000.0,9948059000.0,1987972000.0,24161099000.0,4162578000.0,188275000.0,9.8717,6.6075,16.5166,6.9026,16.9295,
AKSA,2024,yfinance_unofficial,2026-06-10,37122843000.0,5570492000.0,3597016000.0,1487755000.0,3597269000.0,46640665000.0,16498493000.0,30142172000.0,12993396000.0,2394257000.0,31253012000.0,3505097000.0,4214820000.0,4.7604,3.1898,15.0056,4.0077,9.6902,
AKSA,2025,yfinance_unofficial,2026-06-10,32444223000.0,4928192000.0,2451352000.0,4016418000.0,2922221000.0,68473459000.0,20701906000.0,47771553000.0,24421489000.0,10414186000.0,32724193000.0,-3719583000.0,21070143000.0,12.2735,5.8657,15.1897,12.3795,9.0069,
AKSEN,2022,yfinance_unofficial,2026-06-10,87101671476.0,10591006620.0,9728070330.0,5581565888.0,9907016996.0,55203703045.0,18806748271.0,36396954774.0,13155653440.0,9633839984.0,29529938061.0,5651094831.0,12492772473.0,18.9014,10.1109,12.1594,6.4081,11.3741,
AKSEN,2023,yfinance_unofficial,2026-06-10,50781705280.0,10417597562.0,9261143132.0,7935940468.0,9262700387.0,80573109117.0,24675465416.0,55897643701.0,19875543884.0,10690626674.0,45810491186.0,4799921532.0,17980802587.0,17.3234,9.8494,20.5145,15.6276,18.2402,
AKSEN,2024,yfinance_unofficial,2026-06-10,41412051265.0,8754153044.0,7064842424.0,2627313791.0,7066245613.0,108342312386.0,19390517893.0,88951794493.0,28422249759.0,21632889134.0,53201282506.0,-9031731866.0,35212459041.0,4.9384,2.425,21.1391,6.3443,17.0633,
AKSEN,2025,yfinance_unofficial,2026-06-10,42385314361.0,10544729999.0,9109343349.0,3652368390.0,9112320700.0,129590455824.0,19990857936.0,109599597888.0,26237982428.0,38221621378.0,59559759570.0,-6247124492.0,47547471537.0,6.1323,2.8184,24.8783,8.6171,21.4988,
ALARK,2021,yfinance_unofficial,2026-06-10,,,,,,,,,,,,,,,,,,,
ALARK,2022,yfinance_unofficial,2026-06-10,12271876777.0,1659947579.0,840958817.0,16706224701.0,880934953.0,51831923975.0,14786673218.0,37045250757.0,12322880517.0,1820669399.0,35004659540.0,2463792701.0,,47.7257,32.2315,13.5264,136.1342,7.1785,
ALARK,2023,yfinance_unofficial,2026-06-10,11977992000.0,993533000.0,-498063000.0,9565558000.0,-393821000.0,112176883000.0,29679656000.0,82497227000.0,24880134000.0,4244735000.0,77480219000.0,4799522000.0,3481323000.0,12.3458,8.5272,8.2947,79.8594,-3.2879,
ALARK,2024,yfinance_unofficial,2026-06-10,9945559000.0,424554000.0,-2290643000.0,2794450000.0,-2171655000.0,122956401000.0,25445225000.0,97511176000.0,24913215000.0,13352467000.0,78619876000.0,532010000.0,8865405000.0,3.5544,2.2727,4.2688,28.0975,-21.8354,
ALARK,2025,yfinance_unofficial,2026-06-10,8669090000.0,174929000.0,-2388497000.0,-1223149000.0,-2278572000.0,125613521000.0,21834225000.0,103779296000.0,26537228000.0,18671457000.0,74362584000.0,-4703003000.0,19980923000.0,-1.6448,-0.9737,2.0178,-14.1093,-26.2839,
ALBRK,2022,yfinance_unofficial,2026-06-10,9739683000.0,,,1699161000.0,,146963163000.0,,,,,8570461000.0,,,19.8258,1.1562,,17.4458,,Bank ticker: 'revenue' is net interest income; EBITDA undefined; gross_profit unavailable. Ratios not comparable with non-bank companies.
ALBRK,2023,yfinance_unofficial,2026-06-10,17050713000.0,,,3969283000.0,,233236983000.0,,,,,14064624000.0,,,28.2217,1.7018,,23.2793,,Bank ticker: 'revenue' is net interest income; EBITDA undefined; gross_profit unavailable. Ratios not comparable with non-bank companies.
ALBRK,2024,yfinance_unofficial,2026-06-10,16993171000.0,,,5159309000.0,,311885422000.0,,,,,19944229000.0,,,25.8687,1.6542,,30.3611,,Bank ticker: 'revenue' is net interest income; EBITDA undefined; gross_profit unavailable. Ratios not comparable with non-bank companies.
ALBRK,2025,yfinance_unofficial,2026-06-10,24889645000.0,,,15017440000.0,,470998700000.0,,,,,28680589000.0,,18263583000.0,52.361,3.1884,,60.3361,,Bank ticker: 'revenue' is net interest income; EBITDA undefined; gross_profit unavailable. Ratios not comparable with non-bank companies.
ANHYT,2022,yfinance_unofficial,2026-06-10,7895914169.0,,,1391751856.0,,90659179398.0,,,,,3466206841.0,,,40.152,1.5351,,17.6262,,
ANHYT,2023,yfinance_unofficial,2026-06-10,16620767219.0,,,2853815200.0,,162865081357.0,,,,,6449457562.0,,,44.2489,1.7523,,17.1702,,
ANHYT,2024,yfinance_unofficial,2026-06-10,23265188623.0,,,4305802455.0,,260339161440.0,,,,,10071525906.0,,,42.7522,1.6539,,18.5075,,
ANHYT,2025,yfinance_unofficial,2026-06-10,37413519819.0,,,5994213205.0,,443673308407.0,,,,,13657246469.0,,,43.8903,1.351,,16.0215,,
BERA,2021,yfinance_unofficial,2026-06-10,,,,,,,,,,,,,,,,,,,
BERA,2022,yfinance_unofficial,2026-06-10,15047030769.0,4245229647.0,3041774478.0,-1265340829.0,3069994298.0,21521903000.0,9861493161.0,11660409839.0,3944554413.0,2792648326.0,12300354617.0,5916938748.0,,-10.287,-5.8793,28.2131,-8.4092,20.4027,
BERA,2023,yfinance_unofficial,2026-06-10,18557079447.0,4199751464.0,2235618288.0,4305975987.0,2338539040.0,34644555324.0,12427890255.0,22216665069.0,5206472261.0,4469137324.0,21604598649.0,7221417994.0,,19.9308,12.429,22.6315,23.204,12.6019,
BERA,2024,yfinance_unofficial,2026-06-10,21810672869.0,4916786617.0,2584632344.0,1043341613.0,2682131562.0,43961082311.0,15031330846.0,28929751465.0,6023055481.0,4087482500.0,29409620632.0,9008275365.0,712771194.0,3.5476,2.3733,22.543,4.7836,12.2973,
BERA,2025,yfinance_unofficial,2026-06-10,19129878696.0,4651787570.0,2118088952.0,164262781.0,2254097819.0,42438831533.0,13420154406.0,29018677127.0,4654278457.0,3978949873.0,29863943076.0,8765875949.0,98871672.0,0.55,0.3871,24.3169,0.8587,11.7831,
CEMTS,2022,yfinance_unofficial,2026-06-10,6477458867.0,1452058768.0,1187825023.0,530953100.0,1194687226.0,4372947349.0,2870494748.0,1502452601.0,589482221.0,115000571.0,3668464557.0,2281012527.0,,14.4734,12.1418,22.4171,8.1969,18.4438,
CEMTS,2023,yfinance_unofficial,2026-06-10,7211044357.0,1290899345.0,901584152.0,119267926.0,914323824.0,6091388365.0,3981123869.0,2110264496.0,564119701.0,242538453.0,5284730211.0,3417004168.0,,2.2568,1.958,17.9017,1.654,12.6795,
CEMTS,2024,yfinance_unofficial,2026-06-10,7556771736.0,1124444839.0,544370895.0,-39040949.0,558963916.0,8314611080.0,4054038876.0,4260572204.0,1011352930.0,525331896.0,6777926254.0,3042685946.0,,-0.576,-0.4695,14.88,-0.5166,7.3969,
CEMTS,2025,yfinance_unofficial,2026-06-10,6271396776.0,1003029102.0,440069751.0,-115959915.0,455411035.0,9057880087.0,5013003413.0,4044876674.0,950353840.0,1582891092.0,6524635155.0,4062649573.0,111661728.0,-1.7773,-1.2802,15.9937,-1.849,7.2617,
DEVA,2022,yfinance_unofficial,2026-06-10,8712735438.0,2884056556.0,110275555.0,851061391.0,448835479.0,20535798937.0,9680783422.0,10855015515.0,6650553737.0,2355069045.0,11530176155.0,3030229685.0,4155222244.0,7.3812,4.1443,33.1016,9.768,5.1515,
DEVA,2023,yfinance_unofficial,2026-06-10,16358568181.0,6852112048.0,1589183601.0,4887825625.0,1862785905.0,32404333087.0,16623572939.0,15780760148.0,9985468231.0,1075224409.0,21343640447.0,6638104708.0,4674102113.0,22.9006,15.0839,41.887,29.8793,11.3872,
DEVA,2024,yfinance_unofficial,2026-06-10,20233967079.0,8079654898.0,2208332739.0,90864990.0,2827911605.0,38913399909.0,16080584808.0,22832815101.0,9999761387.0,1673558154.0,27240080368.0,6080823421.0,6529179913.0,0.3336,0.2335,39.9311,0.4491,13.9761,
DEVA,2025,yfinance_unofficial,2026-06-10,19245645072.0,6304840918.0,9181615.0,-806988481.0,695704039.0,37626482000.0,16625931505.0,21000550495.0,10072808825.0,1233751386.0,26319921789.0,6553122680.0,3084362159.0,-3.0661,-2.1447,32.7598,-4.1931,3.6149,
DOHOL,2021,yfinance_unofficial,2026-06-10,,,,,,,,,,,,,,,,,,,
DOHOL,2022,yfinance_unofficial,2026-06-10,29606003000.0,4912373000.0,1101931000.0,232125000.0,1475948000.0,83805566000.0,50649588000.0,33155978000.0,24909607000.0,8186092000.0,41258107000.0,25739981000.0,6887073000.0,0.5626,0.277,16.5925,0.784,4.9853,
DOHOL,2023,yfinance_unofficial,2026-06-10,75706159000.0,13649782000.0,6081740000.0,-210182000.0,6636666000.0,134875359000.0,83683505000.0,51191854000.0,40433632000.0,14605186000.0,69918034000.0,43249873000.0,11550508000.0,-0.3006,-0.1558,18.0299,-0.2776,8.7663,
DOHOL,2024,yfinance_unofficial,2026-06-10,104887460000.0,13406927000.0,132015000.0,5650978000.0,1332091000.0,182814128000.0,108926523000.0,73887605000.0,63921930000.0,21980777000.0,83018793000.0,45004593000.0,4515481000.0,6.8069,3.0911,12.7822,5.3877,1.27,
DOHOL,2025,yfinance_unofficial,2026-06-10,93680389000.0,16979941000.0,3937392000.0,1792287000.0,5189804000.0,184596193000.0,114038312000.0,70557881000.0,72453052000.0,14772372000.0,83723185000.0,41585260000.0,25890013000.0,2.1407,0.9709,18.1254,1.9132,5.5399,
EGEEN,2021,yfinance_unofficial,2026-06-10,1049472767.0,425133997.0,358159904.0,603525201.0,358254842.0,1393524530.0,1059391106.0,334133424.0,252140047.0,22989935.0,1118394548.0,807251059.0,,53.9635,43.3093,40.5093,57.5075,34.1366,
EGEEN,2022,yfinance_unofficial,2026-06-10,4296698147.0,1297478129.0,1010615827.0,626017164.0,1034834136.0,3114757367.0,2237079189.0,877678178.0,430755843.0,935691501.0,1748310023.0,1806323346.0,,35.807,20.0984,30.1971,14.5697,24.0844,
EGEEN,2023,yfinance_unofficial,2026-06-10,3908932466.0,1196420775.0,873749026.0,696243397.0,897238993.0,6264209601.0,3102036184.0,3162173417.0,989198436.0,1240488771.0,4034522394.0,2112837748.0,185015522.0,17.2571,11.1146,30.6074,17.8116,22.9536,
EKGYO,2022,yfinance_unofficial,2026-06-10,21220172000.0,5098391000.0,3564731000.0,905060000.0,3644833000.0,120939658000.0,110688971000.0,10250687000.0,53866415000.0,5529184000.0,61544059000.0,56822556000.0,130165000.0,1.4706,0.7484,24.0262,4.2651,17.1763,
EKGYO,2023,yfinance_unofficial,2026-06-10,41141913000.0,12262863000.0,7175706000.0,-5882442000.0,7350587000.0,175395726000.0,164388932000.0,11006794000.0,89842559000.0,2924627000.0,82628540000.0,74546373000.0,,-7.1191,-3.3538,29.8063,-14.2979,17.8664,
EKGYO,2024,yfinance_unofficial,2026-06-10,41753570000.0,11264862000.0,7151979000.0,17274359000.0,7444489000.0,268202250000.0,247041997000.0,21160253000.0,141434957000.0,1368356000.0,125398937000.0,105607040000.0,6048214000.0,13.7755,6.4408,26.9794,41.3722,17.8296,
EKGYO,2025,yfinance_unofficial,2026-06-10,99829173000.0,27822734000.0,22238835000.0,6002283000.0,22742856000.0,335189944000.0,302689071000.0,32500873000.0,155801289000.0,49679997000.0,129708658000.0,146887782000.0,32612720000.0,4.6275,1.7907,27.8703,6.0126,22.7818,
ENJSA,2021,yfinance_unofficial,2026-06-10,,,,,,,,,,,,,,,,,,,
ENJSA,2022,yfinance_unofficial,2026-06-10,163312312000.0,23199685000.0,12036970000.0,20634560000.0,15015394000.0,126123660000.0,36795156000.0,89328504000.0,51501244000.0,15784330000.0,58838086000.0,-14706088000.0,17922510000.0,35.0701,16.3606,14.2057,12.635,9.1943,
ENJSA,2023,yfinance_unofficial,2026-06-10,243515934000.0,36895243000.0,21869906000.0,6522060000.0,26598091000.0,190719169000.0,58741938000.0,131977231000.0,69307578000.0,37997525000.0,83414066000.0,-10565640000.0,42979433000.0,7.8189,3.4197,15.1511,2.6783,10.9225,
ENJSA,2024,yfinance_unofficial,2026-06-10,249460229000.0,55922820000.0,31453938000.0,-6351905000.0,37426681000.0,235281484000.0,67264752000.0,168016732000.0,88455366000.0,49369133000.0,97456985000.0,-21190614000.0,59535529000.0,-6.5176,-2.6997,22.4175,-2.5463,15.0031,
ENJSA,2025,yfinance_unofficial,2026-06-10,233065038000.0,59506343000.0,34201260000.0,3171282000.0,40120456000.0,238598183000.0,66773135000.0,171825048000.0,84578944000.0,58250831000.0,95768408000.0,-17805809000.0,62964151000.0,3.3114,1.3291,25.5321,1.3607,17.2143,
GARAN,2022,yfinance_unofficial,2026-06-10,133006818000.0,,,58285378000.0,,1303578483000.0,,,,,152639385000.0,,,38.185,4.4712,,43.8213,,Bank ticker: 'revenue' is net interest income; EBITDA undefined; gross_profit unavailable. Ratios not comparable with non-bank companies.
GARAN,2023,yfinance_unofficial,2026-06-10,199324012000.0,,,86374997000.0,,2201713095000.0,,,,,244701191000.0,,,35.2982,3.9231,,43.334,,Bank ticker: 'revenue' is net interest income; EBITDA undefined; gross_profit unavailable. Ratios not comparable with non-bank companies.
GARAN,2024,yfinance_unofficial,2026-06-10,287168372000.0,,,91243136000.0,,3002579379000.0,,,,,329788449000.0,,200692114000.0,27.6672,3.0388,,31.7734,,Bank ticker: 'revenue' is net interest income; EBITDA undefined; gross_profit unavailable. Ratios not comparable with non-bank companies.
GARAN,2025,yfinance_unofficial,2026-06-10,410337394000.0,,,109816312000.0,,4547773680000.0,,,,,444072860000.0,,393952472000.0,24.7293,2.4147,,26.7624,,Bank ticker: 'revenue' is net interest income; EBITDA undefined; gross_profit unavailable. Ratios not comparable with non-bank companies.
HALKB,2022,yfinance_unofficial,2026-06-10,79282794000.0,,,18356304000.0,,1438351487000.0,,,,,90700850000.0,,,20.2383,1.2762,,23.1529,,Bank ticker: 'revenue' is net interest income; EBITDA undefined; gross_profit unavailable. Ratios not comparable with non-bank companies.
HALKB,2023,yfinance_unofficial,2026-06-10,61810665000.0,,,16830755000.0,,2297010551000.0,,,,,140843994000.0,,,11.9499,0.7327,,27.2295,,Bank ticker: 'revenue' is net interest income; EBITDA undefined; gross_profit unavailable. Ratios not comparable with non-bank companies.
HALKB,2024,yfinance_unofficial,2026-06-10,77493303000.0,,,22037821000.0,,3143858750000.0,,,,,166558967000.0,,,13.2312,0.701,,28.4384,,Bank ticker: 'revenue' is net interest income; EBITDA undefined; gross_profit unavailable. Ratios not comparable with non-bank companies.
HALKB,2025,yfinance_unofficial,2026-06-10,172310414000.0,,,27130696000.0,,4497070228000.0,,,,,218365901000.0,,,12.4244,0.6033,,15.7452,,Bank ticker: 'revenue' is net interest income; EBITDA undefined; gross_profit unavailable. Ratios not comparable with non-bank companies.
ISCTR,2021,yfinance_unofficial,2026-06-10,,,,,,,,,,,,,50786036000.0,,,,,,Bank ticker: 'revenue' is net interest income; EBITDA undefined; gross_profit unavailable. Ratios not comparable with non-bank companies.
ISCTR,2022,yfinance_unofficial,2026-06-10,153322158000.0,,,61598670000.0,,1715431569000.0,,,,,191250928000.0,,52996893000.0,32.2083,3.5909,,40.176,,Bank ticker: 'revenue' is net interest income; EBITDA undefined; gross_profit unavailable. Ratios not comparable with non-bank companies.
ISCTR,2023,yfinance_unofficial,2026-06-10,234448608000.0,,,72253773000.0,,2954742571000.0,,,,,268197139000.0,,,26.9405,2.4453,,30.8186,,Bank ticker: 'revenue' is net interest income; EBITDA undefined; gross_profit unavailable. Ratios not comparable with non-bank companies.
ISCTR,2024,yfinance_unofficial,2026-06-10,280669049000.0,,,45536879000.0,,3860698321000.0,,,,,318168856000.0,,157034185000.0,14.3122,1.1795,,16.2244,,Bank ticker: 'revenue' is net interest income; EBITDA undefined; gross_profit unavailable. Ratios not comparable with non-bank companies.
ISCTR,2025,yfinance_unofficial,2026-06-10,423906581000.0,,,67873334000.0,,5389338141000.0,,,,,428060995000.0,,56033048000.0,15.856,1.2594,,16.0114,,Bank ticker: 'revenue' is net interest income; EBITDA undefined; gross_profit unavailable. Ratios not comparable with non-bank companies.
ISGYO,2022,yfinance_unofficial,2026-06-10,1452555820.0,810489968.0,680952184.0,8600904852.0,689190113.0,29662237877.0,3320400440.0,26341837437.0,5766030615.0,14335307.0,23881871955.0,-2445630175.0,3546518906.0,36.0144,28.9961,55.7975,592.1222,47.4467,
ISGYO,2023,yfinance_unofficial,2026-06-10,1650691738.0,1188268342.0,942596632.0,4520884552.0,956011360.0,47868845473.0,5992697387.0,41876148086.0,5315857376.0,3522843315.0,39030144782.0,676840011.0,6155551532.0,11.5831,9.4443,71.9861,273.8782,57.9158,
ISGYO,2024,yfinance_unofficial,2026-06-10,5298337127.0,1798511446.0,1176865724.0,1167598428.0,1204347167.0,62381146591.0,4038085084.0,58343061507.0,6460233566.0,4728859163.0,51192053862.0,-2422148482.0,5027380153.0,2.2808,1.8717,33.9448,22.0371,22.7307,
ISGYO,2025,yfinance_unofficial,2026-06-10,3126656954.0,1637074580.0,1199771903.0,-958319746.0,1228594855.0,58192770367.0,3557221062.0,54635549305.0,2152372194.0,5790225262.0,50250172911.0,1404848868.0,773977943.0,-1.9071,-1.6468,52.3586,-30.65,39.2942,
KCHOL,2021,yfinance_unofficial,2026-06-10,,,,,,,,,,,,,,,,,,,
KCHOL,2022,yfinance_unofficial,2026-06-10,1715942000000.0,404943000000.0,243546000000.0,72662000000.0,269003000000.0,2817316000000.0,1634866000000.0,1182450000000.0,1888144000000.0,319239000000.0,365745000000.0,-253278000000.0,424610000000.0,19.8668,2.5791,23.5989,4.2345,15.6767,
KCHOL,2023,yfinance_unofficial,2026-06-10,2316773000000.0,543799000000.0,301173000000.0,108176000000.0,345370000000.0,4127744000000.0,2472313000000.0,1655431000000.0,2693843000000.0,460395000000.0,586403000000.0,-221530000000.0,451835000000.0,18.4474,2.6207,23.4723,4.6693,14.9074,
KCHOL,2024,yfinance_unofficial,2026-06-10,3033955000000.0,429110000000.0,88789000000.0,1709000000.0,117151000000.0,5115459000000.0,2967964000000.0,2147495000000.0,3409284000000.0,582254000000.0,691939000000.0,-441320000000.0,869489000000.0,0.247,0.0334,14.1436,0.0563,3.8613,
KCHOL,2025,yfinance_unofficial,2026-06-10,2757295000000.0,469354000000.0,104094000000.0,22001000000.0,134594000000.0,5317600000000.0,3016408000000.0,2301192000000.0,3459611000000.0,765416000000.0,677349000000.0,-443203000000.0,1129752000000.0,3.2481,0.4137,17.0223,0.7979,4.8814,
KRVGD,2021,yfinance_unofficial,2026-06-10,,,,,,,,,,,,,,,,,,,
KRVGD,2022,yfinance_unofficial,2026-06-10,8668128000.0,2051462000.0,514223000.0,34577000.0,584602000.0,8100019000.0,4244675000.0,3855344000.0,3627265000.0,644458000.0,3515610000.0,617410000.0,2034637000.0,0.9835,0.4269,23.6667,0.3989,6.7443,
KRVGD,2023,yfinance_unofficial,2026-06-10,11849444000.0,3167416000.0,737696000.0,350751000.0,890148000.0,12667036000.0,6186280000.0,6480756000.0,5064043000.0,1491008000.0,5609325000.0,1122237000.0,3434401000.0,6.253,2.769,26.7305,2.9601,7.5121,
KRVGD,2024,yfinance_unofficial,2026-06-10,14870902000.0,4347240000.0,822080000.0,-116576000.0,1016470000.0,16470465000.0,7599058000.0,8871407000.0,7933970000.0,1371694000.0,6654660000.0,-334912000.0,4969185000.0,-1.7518,-0.7078,29.2332,-0.7839,6.8353,
KRVGD,2025,yfinance_unofficial,2026-06-10,15706465000.0,4529090000.0,867645000.0,-91738000.0,1085262000.0,16545020000.0,7398231000.0,9146789000.0,5733714000.0,3423518000.0,6829767000.0,1664517000.0,4971042000.0,-1.3432,-0.5545,28.8358,-0.5841,6.9097,
LOGO,2022,yfinance_unofficial,2026-06-10,2887365000.0,2281928000.0,704830000.0,318613000.0,748799000.0,4900858000.0,1789379000.0,3111479000.0,1989466000.0,465527000.0,2266731000.0,-200087000.0,,14.0561,6.5012,79.0315,11.0347,25.9336,
LOGO,2023,yfinance_unofficial,2026-06-10,3135800000.0,3013342000.0,418293000.0,202353000.0,456783000.0,7714188000.0,2476160000.0,5238028000.0,3731937000.0,657577000.0,3046595000.0,-1255777000.0,,6.6419,2.6231,96.0948,6.453,14.5667,
LOGO,2024,yfinance_unofficial,2026-06-10,5345712000.0,5155319000.0,1232199000.0,460563000.0,1281186000.0,9511324000.0,5557101000.0,3954223000.0,4890296000.0,821111000.0,3441695000.0,666805000.0,,13.3819,4.8423,96.4384,8.6156,23.9666,
LOGO,2025,yfinance_unofficial,2026-06-10,5800666000.0,5592374000.0,1234058000.0,1500717000.0,1292969000.0,8322175000.0,3106438000.0,5215737000.0,3889831000.0,696558000.0,3735786000.0,-783393000.0,,40.1714,18.0327,96.4092,25.8715,22.29,
MPARK,2021,yfinance_unofficial,2026-06-10,,,,,,,,,,,,,,,,,,,
MPARK,2022,yfinance_unofficial,2026-06-10,18902871000.0,4887336000.0,2822242000.0,4741597000.0,2953785000.0,22616068000.0,6964561000.0,15651507000.0,7968031000.0,4751037000.0,9891660000.0,-1003470000.0,1459070000.0,47.9353,20.9656,25.855,25.084,15.6261,
MPARK,2023,yfinance_unofficial,2026-06-10,32412088000.0,9284107000.0,5932256000.0,6539772000.0,6131066000.0,41025377000.0,12213788000.0,28811589000.0,12830891000.0,9580709000.0,18300053000.0,-617103000.0,1339221000.0,35.7364,15.9408,28.644,20.177,18.916,
MPARK,2024,yfinance_unofficial,2026-06-10,51951068000.0,14213140000.0,9226267000.0,6819509000.0,9468323000.0,61900801000.0,14644049000.0,47256752000.0,17249830000.0,13847382000.0,29616838000.0,-2605781000.0,869688000.0,23.0258,11.0168,27.3587,13.1268,18.2255,
MPARK,2025,yfinance_unofficial,2026-06-10,55092968000.0,15487943000.0,9878454000.0,5536663000.0,10057732000.0,82201799000.0,21427766000.0,60774033000.0,16634713000.0,28900988000.0,34830773000.0,4793053000.0,4806188000.0,15.8959,6.7355,28.1124,10.0497,18.2559,
NETAS,2021,yfinance_unofficial,2026-06-10,,,,,,,,,,,,,,,,,,,
NETAS,2022,yfinance_unofficial,2026-06-10,4011553628.0,387325268.0,51018265.0,-30567570.0,51018265.0,4179818366.0,3196676305.0,983142061.0,4012878974.0,149247633.0,13401817.0,-816202669.0,972598349.0,-228.0853,-0.7313,9.6552,-0.762,1.2718,
NETAS,2023,yfinance_unofficial,2026-06-10,6958287619.0,603309373.0,112501349.0,99670615.0,112976673.0,5731899385.0,3967423520.0,1764475865.0,5231635187.0,277501101.0,217693183.0,-1264211667.0,1207795422.0,45.7849,1.7389,8.6704,1.4324,1.6236,
NETAS,2024,yfinance_unofficial,2026-06-10,9175387066.0,649710348.0,-49208416.0,-280541832.0,96258756.0,7684220911.0,5468448938.0,2215771973.0,7182294744.0,484760957.0,3548927.0,-1713845806.0,1387745788.0,-7904.9761,-3.6509,7.081,-3.0575,1.0491,
NETAS,2025,yfinance_unofficial,2026-06-10,12030341104.0,811422906.0,63578281.0,-349942393.0,252741731.0,9367848157.0,6764322354.0,2603525803.0,8615472059.0,1030687093.0,-301318150.0,-1851149705.0,2128058387.0,116.1372,-3.7356,6.7448,-2.9088,2.1009,
NTGAZ,2021,yfinance_unofficial,2026-06-10,,,,,,,,,,,,,,,,,,,
NTGAZ,2022,yfinance_unofficial,2026-06-10,7003677528.0,1802447756.0,1384834057.0,1107812870.0,1501560170.0,3724039366.0,1701847235.0,2022192131.0,806793819.0,164595478.0,2752650069.0,895053416.0,,40.2453,29.7476,25.7357,15.8176,21.4396,
NTGAZ,2023,yfinance_unofficial,2026-06-10,5835065203.0,1131009682.0,551551202.0,139330591.0,665694589.0,4257038214.0,1287136463.0,2969901751.0,732509114.0,133983672.0,3390545428.0,554627349.0,,4.1094,3.2729,19.383,2.3878,11.4085,
NTGAZ,2024,yfinance_unofficial,2026-06-10,7501206278.0,1944160213.0,999277656.0,478545272.0,1202213487.0,6516612576.0,1892048513.0,4624564063.0,1299290312.0,540653626.0,4676668638.0,592758201.0,,10.2326,7.3435,25.918,6.3796,16.0269,
NTGAZ,2025,yfinance_unofficial,2026-06-10,7950629142.0,2173889115.0,1216849376.0,900596275.0,1467611976.0,6907415719.0,1631864320.0,5275551399.0,1066722557.0,799106958.0,5041924649.0,565141763.0,,17.8622,13.0381,27.3424,11.3274,18.4591,
ODAS,2022,yfinance_unofficial,2026-06-10,15804775576.0,6233868711.0,5856373601.0,1402004017.0,5908105928.0,24079050696.0,7279749670.0,16799301026.0,4866285092.0,4055901264.0,12150040365.0,2413464578.0,1477063182.0,11.5391,5.8225,39.4429,8.8708,37.3818,
ODAS,2023,yfinance_unofficial,2026-06-10,10743366289.0,2544541782.0,1589710234.0,5496402341.0,1676946993.0,32574419600.0,7781980367.0,24792439233.0,5266992559.0,1643626101.0,16977427728.0,2514987808.0,,32.3748,16.8734,23.6848,51.1609,15.6091,
ODAS,2024,yfinance_unofficial,2026-06-10,10215595076.0,2304555051.0,774159839.0,-3898603214.0,898493267.0,44710249425.0,10339871029.0,34370378396.0,8171734850.0,1683859232.0,17170320815.0,2168136179.0,,-22.7055,-8.7197,22.5592,-38.1633,8.7953,
ODAS,2025,yfinance_unofficial,2026-06-10,8912508577.0,1625469691.0,-382111001.0,467121801.0,-237720505.0,41395090577.0,7548750555.0,33846340022.0,3894376055.0,1535574601.0,15541633782.0,3654374500.0,259239316.0,3.0056,1.1284,18.2381,5.2412,-2.6673,
OTKAR,2022,yfinance_unofficial,2026-06-10,17818972000.0,4046161000.0,1087948000.0,2018080000.0,1777407000.0,26632326000.0,18279448000.0,8352878000.0,16533972000.0,3571167000.0,6527187000.0,1745476000.0,9550861000.0,30.9181,7.5776,22.707,11.3255,9.9748,
OTKAR,2023,yfinance_unofficial,2026-06-10,39327185000.0,9105755000.0,2209450000.0,2841321000.0,3525346000.0,46901008000.0,34793354000.0,12107654000.0,30186794000.0,4726230000.0,11987984000.0,4606560000.0,13205527000.0,23.7014,6.0581,23.1538,7.2248,8.9641,
OTKAR,2024,yfinance_unofficial,2026-06-10,44112223000.0,6982377000.0,-1637091000.0,-4063449000.0,349078000.0,52232131000.0,34532230000.0,17699901000.0,24630071000.0,16884320000.0,10717740000.0,9902159000.0,25691891000.0,-37.9133,-7.7796,15.8287,-9.2116,0.7913,
OTKAR,2025,yfinance_unofficial,2026-06-10,51962379000.0,9938072000.0,1030961000.0,-1458959000.0,3057670000.0,65584740000.0,43116777000.0,22467963000.0,41368329000.0,15667604000.0,8548807000.0,1748448000.0,27743568000.0,-17.0662,-2.2245,19.1255,-2.8077,5.8844,
PRKME,2021,yfinance_unofficial,2026-06-10,,,,,,,,,,,,,,,,,,,
PRKME,2022,yfinance_unofficial,2026-06-10,387699031.0,150836819.0,57192178.0,-225541199.0,66851603.0,3121574025.0,354693767.0,2766880258.0,208571838.0,260132599.0,2652869588.0,146121929.0,,-8.5018,-7.2252,38.9056,-58.1743,17.2432,
PRKME,2023,yfinance_unofficial,2026-06-10,573872450.0,218517778.0,84666458.0,487960698.0,98216580.0,4449194748.0,611508842.0,3837685906.0,252301661.0,222420141.0,3974472946.0,359207181.0,,12.2774,10.9674,38.0778,85.0295,17.1147,
PRKME,2024,yfinance_unofficial,2026-06-10,835771789.0,317968665.0,152172709.0,95611759.0,219138925.0,5591447574.0,562945321.0,5028502253.0,252001236.0,354060314.0,4985386024.0,310944085.0,,1.9178,1.71,38.0449,11.4399,26.2199,
PRKME,2025,yfinance_unofficial,2026-06-10,622387858.0,187054815.0,67420172.0,-229850443.0,92929117.0,5476304861.0,232781338.0,5243523523.0,210373618.0,514684927.0,4751246316.0,22407720.0,,-4.8377,-4.1972,30.0544,-36.9304,14.9311,
RGYAS,2021,yfinance_unofficial,2026-06-10,,,,,,,,,,,,,,,,,,,
RGYAS,2022,yfinance_unofficial,2026-06-10,4201418000.0,2620337000.0,2456584000.0,14569592000.0,,76425509000.0,7220810000.0,69204699000.0,16936253000.0,22077315000.0,37411941000.0,-9715443000.0,25203036000.0,38.9437,19.0638,62.3679,346.778,,
RGYAS,2023,yfinance_unofficial,2026-06-10,7234684000.0,4575108000.0,4375201000.0,26399243000.0,4392511000.0,120908083000.0,3701254000.0,117206829000.0,7668468000.0,32830086000.0,80409529000.0,-3967214000.0,24926645000.0,32.831,21.8341,63.2385,364.8984,60.7146,
RGYAS,2024,yfinance_unofficial,2026-06-10,10762993000.0,7478069000.0,7074327000.0,6133725000.0,7099542000.0,160957306000.0,6503876000.0,154453430000.0,7833204000.0,35891098000.0,117233004000.0,-1329328000.0,19244895000.0,5.2321,3.8108,69.4795,56.989,65.9625,
RGYAS,2025,yfinance_unofficial,2026-06-10,12640316000.0,8840585000.0,7958223000.0,16306362000.0,7987851000.0,198720840000.0,10887806000.0,187833034000.0,6296080000.0,59437561000.0,132987199000.0,4591726000.0,26838393000.0,12.2616,8.2057,69.9396,129.0028,63.1934,
SAHOL,2022,yfinance_unofficial,2026-06-10,355699436000.0,,,39421491000.0,,2129225298000.0,,,,,217890185000.0,,,18.0924,1.8514,,11.0828,,
SAHOL,2023,yfinance_unofficial,2026-06-10,523497276000.0,,,22273810000.0,,3165265998000.0,,,,,318633288000.0,,,6.9904,0.7037,,4.2548,,
SAHOL,2024,yfinance_unofficial,2026-06-10,542558776000.0,,,-20254961000.0,,4023199831000.0,,,,,370762598000.0,,,-5.4631,-0.5035,,-3.7332,,
SAHOL,2025,yfinance_unofficial,2026-06-10,532410558000.0,,,3793369000.0,,4101380927000.0,,,,,361227167000.0,,,1.0501,0.0925,,0.7125,,
SELEC,2022,yfinance_unofficial,2026-06-10,85196585566.0,8879687400.0,4728834849.0,635697825.0,5185716464.0,40169194796.0,33833568512.0,6335626284.0,24470806485.0,499126171.0,15199234806.0,9362762027.0,,4.1824,1.5826,10.4226,0.7462,6.0868,
SELEC,2023,yfinance_unofficial,2026-06-10,141085577426.0,13230775897.0,6686883653.0,322272876.0,7289687150.0,64653517558.0,55030056904.0,9623460654.0,41460095920.0,1447140232.0,21746228174.0,13569960984.0,,1.482,0.4985,9.3778,0.2284,5.1669,
SELEC,2024,yfinance_unofficial,2026-06-10,168353228186.0,17034928575.0,7080538645.0,2694712886.0,7896837751.0,90834443759.0,78409149567.0,12425294192.0,58941897005.0,1139296761.0,30753170536.0,19467252562.0,6294625031.0,8.7624,2.9666,10.1186,1.6006,4.6906,
SELEC,2025,yfinance_unofficial,2026-06-10,172011114751.0,14198772259.0,3766478795.0,-379802186.0,4657692986.0,80926957988.0,68848930636.0,12078027352.0,49889483907.0,1064884473.0,29972510801.0,18959446729.0,,-1.2672,-0.4693,8.2546,-0.2208,2.7078,
SKBNK,2022,yfinance_unofficial,2026-06-10,6574932000.0,,,1845562000.0,,68981436000.0,,,,,6129580000.0,,,30.1091,2.6754,,28.0697,,Bank ticker: 'revenue' is net interest income; EBITDA undefined; gross_profit unavailable. Ratios not comparable with non-bank companies.
SKBNK,2023,yfinance_unofficial,2026-06-10,9539831000.0,,,2970587000.0,,90741896000.0,,,,,11144945000.0,,,26.6541,3.2737,,31.1388,,Bank ticker: 'revenue' is net interest income; EBITDA undefined; gross_profit unavailable. Ratios not comparable with non-bank companies.
SKBNK,2024,yfinance_unofficial,2026-06-10,12028498000.0,,,2898328000.0,,129773230000.0,,,,,15988420000.0,,,18.1277,2.2334,,24.0955,,Bank ticker: 'revenue' is net interest income; EBITDA undefined; gross_profit unavailable. Ratios not comparable with non-bank companies.
SKBNK,2025,yfinance_unofficial,2026-06-10,16188578000.0,,,2698563000.0,,222660546000.0,,,,,19361143000.0,,,13.938,1.212,,16.6695,,Bank ticker: 'revenue' is net interest income; EBITDA undefined; gross_profit unavailable. Ratios not comparable with non-bank companies.
SMRTG,2022,yfinance_unofficial,2026-06-10,3973288754.0,606339883.0,421411464.0,88716585.0,431919013.0,4294263789.0,3641419864.0,652843925.0,2667816199.0,194299153.0,1442281054.0,973603665.0,,6.1511,2.0659,15.2604,2.2328,10.8706,
SMRTG,2023,yfinance_unofficial,2026-06-10,11684945071.0,2667087912.0,1883986563.0,1476970648.0,1908995286.0,15232958707.0,10286230998.0,4946727709.0,9233794679.0,2926265473.0,3065140922.0,1052436319.0,4045749628.0,48.1861,9.6959,22.825,12.6399,16.3372,
SMRTG,2024,yfinance_unofficial,2026-06-10,15285067108.0,2977002128.0,1940680301.0,577403387.0,1960894582.0,22856836888.0,13936850241.0,8919986647.0,14752851853.0,3504490491.0,4598732158.0,-816001612.0,7137182924.0,12.5557,2.5262,19.4765,3.7776,12.8288,
SMRTG,2025,yfinance_unofficial,2026-06-10,10581001663.0,2537199342.0,1641703423.0,-434718338.0,1677129403.0,25347746821.0,13362253830.0,11985492991.0,17137984651.0,3586037730.0,4633827218.0,-3775730821.0,8436575020.0,-9.3814,-1.715,23.9788,-4.1085,15.8504,
SOKM,2021,yfinance_unofficial,2026-06-10,,,,,,,,,,,,,,,,,,,
SOKM,2022,yfinance_unofficial,2026-06-10,112384820331.0,22751504149.0,744835961.0,6954039535.0,4725112851.0,68569339895.0,29255357001.0,39313982894.0,33683108198.0,11064393201.0,23821838496.0,-4427751197.0,,29.1919,10.1416,20.2443,6.1877,4.2044,
SOKM,2023,yfinance_unofficial,2026-06-10,193155221661.0,37996313185.0,-2246745001.0,6135447873.0,4484214798.0,76983520651.0,36698856591.0,40284664060.0,35473527226.0,12546345308.0,28963648117.0,1225329365.0,,21.1833,7.9698,19.6714,3.1764,2.3216,
SOKM,2024,yfinance_unofficial,2026-06-10,264629946477.0,48371451174.0,-10847464636.0,80162843.0,-609662345.0,98877955009.0,42885097268.0,55992857741.0,49163907835.0,11984857604.0,37729189570.0,-6278810567.0,,0.2125,0.0811,18.2789,0.0303,-0.2304,
SOKM,2025,yfinance_unofficial,2026-06-10,278811712930.0,57264563431.0,-4520752471.0,-1928206743.0,7013471252.0,105668888891.0,47408817166.0,58260071725.0,55040595984.0,15166420386.0,35461872521.0,-7631778818.0,,-5.4374,-1.8248,20.5388,-0.6916,2.5155,
TBORG,2022,yfinance_unofficial,2026-06-10,15141710000.0,5768692000.0,1514404000.0,1026436000.0,2197122000.0,16877752000.0,9793949000.0,7083803000.0,7263937000.0,338529000.0,9275286000.0,2530012000.0,,11.0664,6.0816,38.098,6.7789,14.5104,
TBORG,2023,yfinance_unofficial,2026-06-10,24751075000.0,9995729000.0,2263593000.0,1489175000.0,3427121000.0,27843858000.0,16611425000.0,11232433000.0,12584949000.0,442387000.0,14816522000.0,4026476000.0,,10.0508,5.3483,40.385,6.0166,13.8464,
TBORG,2024,yfinance_unofficial,2026-06-10,39462074000.0,20576041000.0,7521313000.0,5176796000.0,9269507000.0,38242924000.0,22960104000.0,15282820000.0,14378668000.0,899336000.0,22964920000.0,8581436000.0,,22.5422,13.5366,52.1413,13.1184,23.4897,
TBORG,2025,yfinance_unofficial,2026-06-10,40911464000.0,22606269000.0,6999752000.0,3376019000.0,9026287000.0,47331309000.0,26619873000.0,20711436000.0,19990027000.0,3754416000.0,23586866000.0,6629846000.0,,14.3131,7.1327,55.2566,8.252,22.063,
ULUSE,2021,yfinance_unofficial,2026-06-10,,,,,,,,,,,,,,,,,,,
ULUSE,2022,yfinance_unofficial,2026-06-10,4256386018.0,328604370.0,102203.0,-92395530.0,6281805.0,3431252155.0,2197999999.0,1233252156.0,2314342768.0,45142574.0,1073069900.0,-116342769.0,657981085.0,-8.6104,-2.6928,7.7203,-2.1708,0.1476,
ULUSE,2023,yfinance_unofficial,2026-06-10,6248244025.0,938633859.0,77638135.0,-658199428.0,86593240.0,4760609836.0,3342262438.0,1418347398.0,3150057002.0,801663119.0,811986306.0,192205436.0,1084303986.0,-81.0604,-13.8259,15.0224,-10.5342,1.3859,
ULUSE,2024,yfinance_unofficial,2026-06-10,6483782866.0,7523349.0,-859336193.0,-946431996.0,-841740701.0,5910637046.0,4213395550.0,1697241496.0,3664333060.0,1868038818.0,380621956.0,549062490.0,1465682706.0,-248.6541,-16.0124,0.116,-14.5969,-12.9822,
ULUSE,2025,yfinance_unofficial,2026-06-10,7249406959.0,798900277.0,-148932467.0,-241016775.0,-127843026.0,6710558078.0,4805916030.0,1904642048.0,5547941740.0,1021801452.0,143837352.0,-742025710.0,1352854477.0,-167.562,-3.5916,11.0202,-3.3246,-1.7635,
VAKBN,2021,yfinance_unofficial,2026-06-10,,,,,,,,,,,,,17244375000.0,,,,,,Bank ticker: 'revenue' is net interest income; EBITDA undefined; gross_profit unavailable. Ratios not comparable with non-bank companies.
VAKBN,2022,yfinance_unofficial,2026-06-10,95079446000.0,,,26563341000.0,,1709168720000.0,,,,,105779737000.0,,,25.1119,1.5542,,27.938,,Bank ticker: 'revenue' is net interest income; EBITDA undefined; gross_profit unavailable. Ratios not comparable with non-bank companies.
VAKBN,2023,yfinance_unofficial,2026-06-10,118277212000.0,,,31655931000.0,,2859246233000.0,,,,,175268101000.0,,13224820000.0,18.0614,1.1071,,26.7642,,Bank ticker: 'revenue' is net interest income; EBITDA undefined; gross_profit unavailable. Ratios not comparable with non-bank companies.
VAKBN,2024,yfinance_unofficial,2026-06-10,156685967000.0,,,49192844000.0,,4093575481000.0,,,,,226101812000.0,,,21.7569,1.2017,,31.3958,,Bank ticker: 'revenue' is net interest income; EBITDA undefined; gross_profit unavailable. Ratios not comparable with non-bank companies.
VAKBN,2025,yfinance_unofficial,2026-06-10,250820966000.0,,,77158893000.0,,5493133789000.0,,,,,328490550000.0,,,23.4889,1.4046,,30.7625,,Bank ticker: 'revenue' is net interest income; EBITDA undefined; gross_profit unavailable. Ratios not comparable with non-bank companies.
VESTL,2021,yfinance_unofficial,2026-06-10,,,,,,,,,,,,,,,,,,,
VESTL,2022,yfinance_unofficial,2026-06-10,111124940000.0,18889685000.0,2173125000.0,-111335000.0,2646700000.0,112100710000.0,49223234000.0,62877476000.0,77458315000.0,4415171000.0,27374845000.0,-28235081000.0,31876842000.0,-0.4067,-0.0993,16.9986,-0.1002,2.3817,
VESTL,2023,yfinance_unofficial,2026-06-10,162015698000.0,36055173000.0,6928938000.0,2092951000.0,7669840000.0,180734547000.0,69453104000.0,111281443000.0,112814094000.0,8926985000.0,52040254000.0,-43360990000.0,37869734000.0,4.0218,1.158,22.2541,1.2918,4.734,
VESTL,2024,yfinance_unofficial,2026-06-10,186831127000.0,39018019000.0,3357275000.0,-14425241000.0,4715756000.0,228399157000.0,73219284000.0,155179873000.0,125525527000.0,34276667000.0,58554146000.0,-52306243000.0,75434056000.0,-24.6357,-6.3158,20.8841,-7.721,2.5241,
VESTL,2025,yfinance_unofficial,2026-06-10,138249521000.0,22456676000.0,-12352067000.0,-29681104000.0,-10019836000.0,196443102000.0,48526174000.0,147916928000.0,105833729000.0,55416743000.0,26878386000.0,-57307555000.0,84749884000.0,-110.4274,-15.1093,16.2436,-21.4692,-7.2476,
YKBNK,2021,yfinance_unofficial,2026-06-10,,,,,,,,,,,,,,,,,,,Bank ticker: 'revenue' is net interest income; EBITDA undefined; gross_profit unavailable. Ratios not comparable with non-bank companies.
YKBNK,2022,yfinance_unofficial,2026-06-10,115319501000.0,,,52744689000.0,,1184267014000.0,,,,,126260402000.0,,28573501000.0,41.7745,4.4538,,45.7379,,Bank ticker: 'revenue' is net interest income; EBITDA undefined; gross_profit unavailable. Ratios not comparable with non-bank companies.
YKBNK,2023,yfinance_unofficial,2026-06-10,156629388000.0,,,68008836000.0,,1863373400000.0,,,,,178878319000.0,,23435208000.0,38.0196,3.6498,,43.4202,,Bank ticker: 'revenue' is net interest income; EBITDA undefined; gross_profit unavailable. Ratios not comparable with non-bank companies.
YKBNK,2024,yfinance_unofficial,2026-06-10,150011388000.0,,,29016823000.0,,2553880784000.0,,,,,192808874000.0,,227314499000.0,15.0495,1.1362,,19.3431,,Bank ticker: 'revenue' is net interest income; EBITDA undefined; gross_profit unavailable. Ratios not comparable with non-bank companies.
YKBNK,2025,yfinance_unofficial,2026-06-10,238634809000.0,,,47090151000.0,,3522932086000.0,,,,,255609879000.0,,287242525000.0,18.4227,1.3367,,19.7331,,Bank ticker: 'revenue' is net interest income; EBITDA undefined; gross_profit unavailable. Ratios not comparable with non-bank companies.
ZOREN,2022,yfinance_unofficial,2026-06-10,38806100000.0,5658234000.0,4034219000.0,9493495000.0,4201636000.0,117744528000.0,22590703000.0,95153825000.0,37540403000.0,45683593000.0,34594820000.0,-14949700000.0,52321638000.0,27.442,8.0628,14.5808,24.4639,10.8273,
ZOREN,2023,yfinance_unofficial,2026-06-10,39389311000.0,5431995000.0,2758245000.0,15768107000.0,2978840000.0,142229157000.0,28626187000.0,113602970000.0,45564675000.0,41118894000.0,55444006000.0,-16938488000.0,57952056000.0,28.4397,11.0864,13.7905,40.0314,7.5626,
ZOREN,2024,yfinance_unofficial,2026-06-10,38819421000.0,4856153000.0,2074413000.0,-3094083000.0,2310656000.0,155479702000.0,17552683000.0,137927019000.0,26358536000.0,52356200000.0,76764364000.0,-8805853000.0,57385972000.0,-4.0306,-1.99,12.5096,-7.9705,5.9523,
ZOREN,2025,yfinance_unofficial,2026-06-10,36197416000.0,3056126000.0,13626000.0,-14707184000.0,343617000.0,130669930000.0,22812573000.0,107857357000.0,23592211000.0,49526993000.0,57550928000.0,-779638000.0,51374784000.0,-25.5551,-11.2552,8.4429,-40.6305,0.9493,
