ticker,year,market_cap,enterprise_value,pe,pb,ev_ebitda,year_end_close,shares_outstanding,source_price,source_shares,source_financials,validation_status,validation_notes
AEFES,2020,1122021710.2271,56506065710.2271,0.1253,0.0103,1.4289,1.89497,592105263.0,yahoo_chart_api,manual,modeling_dataset,accepted,
AEFES,2021,1555815789.0588,56939859789.0588,1.4563,0.0143,8.3925,2.6276,592105263.0,yahoo_chart_api,manual,modeling_dataset,accepted,
AEFES,2022,3791121512.1469,59175165512.1469,1.1056,0.0349,3.535,6.402783,592105263.0,yahoo_chart_api,manual,modeling_dataset,accepted,
AEFES,2023,7916055392.6259,63300099392.6259,0.3577,0.0729,2.3327,13.369338,592105263.0,yahoo_chart_api,manual,modeling_dataset,accepted,
AEFES,2024,11156774207.5512,-20846225792.4488,0.8506,0.0502,-0.5558,18.842552,592105263.0,yahoo_chart_api,manual,modeling_dataset,accepted,enterprise_value_non_positive
AEFES,2025,92250242738.5578,147634286738.5578,10.2994,0.8494,3.7969,15.580041,5921052630.0,yahoo_chart_api,manual,modeling_dataset,accepted,
AGESA,2020,,,,,,15.748981,,yahoo_chart_api,,modeling_dataset,rejected,missing_shares
AGESA,2021,,,,,,18.481037,,yahoo_chart_api,,modeling_dataset,rejected,missing_shares
AGESA,2022,,,,,,36.331631,,yahoo_chart_api,,modeling_dataset,rejected,missing_shares
AGESA,2023,,,,,,56.699459,,yahoo_chart_api,,modeling_dataset,rejected,missing_shares
AGESA,2024,,,,,,151.105682,,yahoo_chart_api,,modeling_dataset,rejected,missing_shares
AGESA,2025,,,,,,214.233505,,yahoo_chart_api,,modeling_dataset,rejected,missing_shares
AGHOL,2020,,,,,,2.498369,,yahoo_chart_api,,modeling_dataset,rejected,missing_shares
AGHOL,2021,,,,,,3.763115,,yahoo_chart_api,,modeling_dataset,rejected,missing_shares
AGHOL,2022,,,,,,10.64012,,yahoo_chart_api,,modeling_dataset,rejected,missing_shares
AGHOL,2023,,,,,,19.535765,,yahoo_chart_api,,modeling_dataset,rejected,missing_shares
AGHOL,2024,,,,,,30.697166,,yahoo_chart_api,,modeling_dataset,rejected,missing_shares
AGHOL,2025,,,,,,28.700001,,yahoo_chart_api,,modeling_dataset,rejected,missing_shares
AKBNK,2020,,,,,,5.454288,,yahoo_chart_api,,modeling_dataset,rejected,missing_shares
AKBNK,2021,,,,,,5.744733,,yahoo_chart_api,,modeling_dataset,rejected,missing_shares
AKBNK,2022,,,,,,16.10994,,yahoo_chart_api,,modeling_dataset,rejected,missing_shares
AKBNK,2023,,,,,,33.170834,,yahoo_chart_api,,modeling_dataset,rejected,missing_shares
AKBNK,2024,,,,,,61.464905,,yahoo_chart_api,,modeling_dataset,rejected,missing_shares
AKBNK,2025,,,,,,67.632362,,yahoo_chart_api,,modeling_dataset,rejected,missing_shares
AKENR,2020,,,,,,2.22,,yahoo_chart_api,,modeling_dataset,rejected,missing_shares
AKENR,2021,,,,,,1.82,,yahoo_chart_api,,modeling_dataset,rejected,missing_shares
AKENR,2022,,,,,,5.33,,yahoo_chart_api,,modeling_dataset,rejected,missing_shares
AKENR,2023,,,,,,4.28,,yahoo_chart_api,,modeling_dataset,rejected,missing_shares
AKENR,2024,,,,,,13.18,,yahoo_chart_api,,modeling_dataset,rejected,missing_shares
AKENR,2025,,,,,,11.27,,yahoo_chart_api,,modeling_dataset,rejected,missing_shares
AKSA,2020,,,,,,0.8942,,yahoo_chart_api,,modeling_dataset,rejected,missing_shares
AKSA,2021,,,,,,2.284666,,yahoo_chart_api,,modeling_dataset,rejected,missing_shares
AKSA,2022,,,,,,6.369479,,yahoo_chart_api,,modeling_dataset,rejected,missing_shares
AKSA,2023,,,,,,7.370991,,yahoo_chart_api,,modeling_dataset,rejected,missing_shares
AKSA,2024,,,,,,11.701507,,yahoo_chart_api,,modeling_dataset,rejected,missing_shares
AKSA,2025,,,,,,9.317299,,yahoo_chart_api,,modeling_dataset,rejected,missing_shares
AKSEN,2020,,,,,,3.442292,,yahoo_chart_api,,modeling_dataset,rejected,missing_shares
AKSEN,2021,,,,,,9.24422,,yahoo_chart_api,,modeling_dataset,rejected,missing_shares
AKSEN,2022,,,,,,44.393093,,yahoo_chart_api,,modeling_dataset,rejected,missing_shares
AKSEN,2023,,,,,,28.917233,,yahoo_chart_api,,modeling_dataset,rejected,missing_shares
AKSEN,2024,,,,,,39.200001,,yahoo_chart_api,,modeling_dataset,rejected,missing_shares
AKSEN,2025,,,,,,72.5,,yahoo_chart_api,,modeling_dataset,rejected,missing_shares
ALARK,2020,,,,,,7.9403,,yahoo_chart_api,,modeling_dataset,rejected,missing_shares
ALARK,2021,,,,,,11.621554,,yahoo_chart_api,,modeling_dataset,rejected,missing_shares
ALARK,2022,,,,,,77.508591,,yahoo_chart_api,,modeling_dataset,rejected,missing_shares
ALARK,2023,,,,,,87.424065,,yahoo_chart_api,,modeling_dataset,rejected,missing_shares
ALARK,2024,,,,,,89.499214,,yahoo_chart_api,,modeling_dataset,rejected,missing_shares
ALARK,2025,,,,,,102.0,,yahoo_chart_api,,modeling_dataset,rejected,missing_shares
ALBRK,2020,,,,,,1.462793,,yahoo_chart_api,,modeling_dataset,rejected,missing_shares
ALBRK,2021,,,,,,1.305262,,yahoo_chart_api,,modeling_dataset,rejected,missing_shares
ALBRK,2022,,,,,,3.164445,,yahoo_chart_api,,modeling_dataset,rejected,missing_shares
ALBRK,2023,,,,,,3.608412,,yahoo_chart_api,,modeling_dataset,rejected,missing_shares
ALBRK,2024,,,,,,6.073845,,yahoo_chart_api,,modeling_dataset,rejected,missing_shares
ALBRK,2025,,,,,,7.632874,,yahoo_chart_api,,modeling_dataset,rejected,missing_shares
ANHYT,2020,,,,,,5.901925,,yahoo_chart_api,,modeling_dataset,rejected,missing_shares
ANHYT,2021,,,,,,8.813769,,yahoo_chart_api,,modeling_dataset,rejected,missing_shares
ANHYT,2022,,,,,,18.138536,,yahoo_chart_api,,modeling_dataset,rejected,missing_shares
ANHYT,2023,,,,,,31.9258,,yahoo_chart_api,,modeling_dataset,rejected,missing_shares
ANHYT,2024,,,,,,91.660835,,yahoo_chart_api,,modeling_dataset,rejected,missing_shares
ANHYT,2025,,,,,,91.684242,,yahoo_chart_api,,modeling_dataset,rejected,missing_shares
ARCLK,2020,18261104705.1405,188042213705.1405,6.4123,0.2491,30.9571,27.024334,675728205.0,yahoo_chart_api,manual,modeling_dataset,accepted,
ARCLK,2021,30914578217.5859,200695687217.5859,10.0874,0.4217,22.637,45.750019,675728205.0,yahoo_chart_api,manual,modeling_dataset,accepted,
ARCLK,2022,74527874005.3112,244308983005.3112,17.2332,1.0166,19.701,110.292679,675728205.0,yahoo_chart_api,manual,modeling_dataset,accepted,
ARCLK,2023,86831074342.5,256612183342.5,11.3248,1.1844,13.597,128.5,675728205.0,yahoo_chart_api,manual,modeling_dataset,accepted,
ARCLK,2024,95953405110.0,209591405110.0,56.808,0.9766,8.8538,142.0,675728205.0,yahoo_chart_api,manual,modeling_dataset,accepted,
ARCLK,2025,68248548705.0,238029657705.0,,0.9309,7.0537,101.0,675728205.0,yahoo_chart_api,manual,modeling_dataset,accepted,pe_non_positive_net_income
ASELS,2020,20499438960.0,42583525960.0,4.6075,0.0729,7.6563,8.990982,2280000000.0,yahoo_chart_api,manual,modeling_dataset,accepted,
ASELS,2021,23573109240.0,45657196240.0,3.3059,0.0839,4.6351,10.339083,2280000000.0,yahoo_chart_api,manual,modeling_dataset,accepted,
ASELS,2022,70511929800.0,92596016800.0,5.9176,0.2509,7.3031,30.926285,2280000000.0,yahoo_chart_api,manual,modeling_dataset,accepted,
ASELS,2023,204513332400.0,226597419400.0,28.0521,0.7276,7.9856,44.849415,4560000000.0,yahoo_chart_api,manual,modeling_dataset,accepted,
ASELS,2024,330179317200.0,351054317200.0,21.5821,1.7845,11.4667,72.407745,4560000000.0,yahoo_chart_api,manual,modeling_dataset,accepted,
ASELS,2025,1056551986320.0,1078636073320.0,35.2778,3.759,19.7211,231.699997,4560000000.0,yahoo_chart_api,manual,modeling_dataset,accepted,
ASTOR,2020,,,,,,,200000000.0,,manual,modeling_dataset,rejected,missing_price
ASTOR,2021,,,,,,,850000000.0,,manual,modeling_dataset,rejected,missing_price
ASTOR,2022,,,,,,,998000000.0,,manual,modeling_dataset,rejected,missing_price
ASTOR,2023,91581424092.0,83656679392.0,19.9162,2.7518,14.3332,91.764954,998000000.0,yahoo_chart_api,manual,modeling_dataset,accepted,
ASTOR,2024,112142993542.0,104321993542.0,22.3175,4.1143,13.9797,112.367729,998000000.0,yahoo_chart_api,manual,modeling_dataset,accepted,
ASTOR,2025,116666201996.0,108741457296.0,15.2129,3.5056,10.036,116.900002,998000000.0,yahoo_chart_api,manual,modeling_dataset,accepted,
BERA,2020,,,,,,10.03772,,yahoo_chart_api,,modeling_dataset,rejected,missing_shares
BERA,2021,,,,,,4.810978,,yahoo_chart_api,,modeling_dataset,rejected,missing_shares
BERA,2022,,,,,,15.00101,,yahoo_chart_api,,modeling_dataset,rejected,missing_shares
BERA,2023,,,,,,11.48,,yahoo_chart_api,,modeling_dataset,rejected,missing_shares
BERA,2024,,,,,,14.93,,yahoo_chart_api,,modeling_dataset,rejected,missing_shares
BERA,2025,,,,,,17.5,,yahoo_chart_api,,modeling_dataset,rejected,missing_shares
BIMAS,2020,19322667540.0,57897141540.0,7.4124,0.1167,11.2299,31.822575,607200000.0,yahoo_chart_api,manual,modeling_dataset,accepted,
BIMAS,2021,16916408018.4,55490882018.4,5.7686,0.1022,9.3641,27.859697,607200000.0,yahoo_chart_api,manual,modeling_dataset,accepted,
BIMAS,2022,38908024372.8,77482498372.8,4.7699,0.235,6.3991,64.077774,607200000.0,yahoo_chart_api,manual,modeling_dataset,accepted,
BIMAS,2023,87379782098.4,125954256098.4,5.659,0.5277,8.7758,143.906097,607200000.0,yahoo_chart_api,manual,modeling_dataset,accepted,
BIMAS,2024,156569655580.8,194183655580.8,8.4237,1.0091,8.6249,257.855164,607200000.0,yahoo_chart_api,manual,modeling_dataset,accepted,
BIMAS,2025,160950000000.0,199524474000.0,8.6383,0.972,4.6856,268.25,600000000.0,yahoo_chart_api,manual,modeling_dataset,accepted,
BRSAN,2020,3955427145.612,11748498145.612,,0.1048,30.2977,27.9,141771582.28,yahoo_chart_api,manual,modeling_dataset,accepted,pe_non_positive_net_income
BRSAN,2021,3827832721.56,11620903721.56,40.5826,0.1014,19.7248,27.0,141771582.28,yahoo_chart_api,manual,modeling_dataset,accepted,
BRSAN,2022,11915901915.9487,19708972915.9487,8.8283,0.3158,6.5545,84.050003,141771582.28,yahoo_chart_api,manual,modeling_dataset,accepted,
BRSAN,2023,83787005127.48,91580076127.48,20.4228,2.2204,13.7537,591.0,141771582.28,yahoo_chart_api,manual,modeling_dataset,accepted,
BRSAN,2024,61103551962.68,71005551962.68,,2.0299,22.6952,431.0,141771582.28,yahoo_chart_api,manual,modeling_dataset,accepted,pe_non_positive_net_income
BRSAN,2025,78683228165.4,86476299165.4,61.8744,2.0852,17.1575,555.0,141771582.28,yahoo_chart_api,manual,modeling_dataset,accepted,
BTCIM,2020,27406440.0,5385554440.0,,0.0013,43.1298,0.152258,180000000.0,yahoo_chart_api,manual,modeling_dataset,accepted,pe_non_positive_net_income
BTCIM,2021,87096600.0,5445244600.0,,0.004,22.0445,0.48387,180000000.0,yahoo_chart_api,manual,modeling_dataset,accepted,pe_non_positive_net_income
BTCIM,2022,242128980.0,5600276980.0,,0.0111,8.3455,1.345161,180000000.0,yahoo_chart_api,manual,modeling_dataset,accepted,pe_non_positive_net_income
BTCIM,2023,677032200.0,6035180200.0,0.3692,0.031,4.3184,3.76129,180000000.0,yahoo_chart_api,manual,modeling_dataset,accepted,
BTCIM,2024,821612880.0,7128612880.0,,0.0327,3.794,4.564516,180000000.0,yahoo_chart_api,manual,modeling_dataset,accepted,pe_non_positive_net_income
BTCIM,2025,21259800000.0,26617948000.0,,0.9724,21.8369,3.81,5580000000.0,yahoo_chart_api,manual,modeling_dataset,accepted,pe_non_positive_net_income
CANTE,2020,,,,,,,252410000.0,,manual,modeling_dataset,rejected,missing_price
CANTE,2021,218715200.0,386610916.0,,0.0078,1.2213,0.683485,320000000.0,yahoo_chart_api,manual,modeling_dataset,accepted,pe_non_positive_net_income
CANTE,2022,2223176000.0,2391071716.0,1.0403,0.0796,1.0905,6.947425,320000000.0,yahoo_chart_api,manual,modeling_dataset,accepted,
CANTE,2023,725619840.0,893515556.0,1.6242,0.026,0.6372,2.267562,320000000.0,yahoo_chart_api,manual,modeling_dataset,accepted,
CANTE,2024,531200000.0,432460000.0,,0.018,0.2244,1.66,320000000.0,yahoo_chart_api,manual,modeling_dataset,accepted,pe_non_positive_net_income
CANTE,2025,14000000000.0,14167895716.0,,0.5012,12.0743,2.0,7000000000.0,yahoo_chart_api,manual,modeling_dataset,accepted,pe_non_positive_net_income
CCOLA,2020,15985560413.4483,41578743413.4483,12.9682,0.2108,13.5812,62.84354,254370782.0,yahoo_chart_api,manual,modeling_dataset,accepted,
CCOLA,2021,21618170731.1044,47211353731.1044,9.5175,0.2851,10.4124,84.986847,254370782.0,yahoo_chart_api,manual,modeling_dataset,accepted,
CCOLA,2022,49986412545.6513,75579595545.6513,11.5414,0.6591,7.6902,196.51004,254370782.0,yahoo_chart_api,manual,modeling_dataset,accepted,
CCOLA,2023,128647254542.3676,154240437542.3676,6.2511,1.6963,8.4924,505.746979,254370782.0,yahoo_chart_api,manual,modeling_dataset,accepted,
CCOLA,2024,161585740330.8282,195474740330.8282,10.9081,2.0023,7.9261,57.748821,2798078602.0,yahoo_chart_api,manual,modeling_dataset,accepted,
CCOLA,2025,161845841323.4344,187439024323.4344,11.501,2.134,5.7157,57.841778,2798078602.0,yahoo_chart_api,manual,modeling_dataset,accepted,
CEMTS,2020,,,,,,2.999464,,yahoo_chart_api,,modeling_dataset,rejected,missing_shares
CEMTS,2021,,,,,,3.568154,,yahoo_chart_api,,modeling_dataset,rejected,missing_shares
CEMTS,2022,,,,,,12.335994,,yahoo_chart_api,,modeling_dataset,rejected,missing_shares
CEMTS,2023,,,,,,9.816156,,yahoo_chart_api,,modeling_dataset,rejected,missing_shares
CEMTS,2024,,,,,,9.225161,,yahoo_chart_api,,modeling_dataset,rejected,missing_shares
CEMTS,2025,,,,,,11.25,,yahoo_chart_api,,modeling_dataset,rejected,missing_shares
CIMSA,2020,300637179.8931,23676739179.8931,1.7106,0.0086,47.8047,2.22555,135084442.0,yahoo_chart_api,manual,modeling_dataset,accepted,
CIMSA,2021,519619867.1305,23895721867.1305,0.5111,0.0149,27.276,3.84663,135084442.0,yahoo_chart_api,manual,modeling_dataset,accepted,
CIMSA,2022,1766307157.9575,25142409157.9575,0.5147,0.0508,17.2574,13.075578,135084442.0,yahoo_chart_api,manual,modeling_dataset,accepted,
CIMSA,2023,26119975795.1814,49496077795.1814,10.4862,0.7514,10.9908,27.622908,945591094.0,yahoo_chart_api,manual,modeling_dataset,accepted,
CIMSA,2024,42860064283.1381,60912064283.1381,15.9459,1.0221,11.0632,45.326214,945591094.0,yahoo_chart_api,manual,modeling_dataset,accepted,
CIMSA,2025,43301607098.8903,66677709098.8903,13.9585,1.2457,7.3267,45.793163,945591094.0,yahoo_chart_api,manual,modeling_dataset,accepted,
DEVA,2020,,,,,,23.822733,,yahoo_chart_api,,modeling_dataset,rejected,missing_shares
DEVA,2021,,,,,,28.411402,,yahoo_chart_api,,modeling_dataset,rejected,missing_shares
DEVA,2022,,,,,,68.733841,,yahoo_chart_api,,modeling_dataset,rejected,missing_shares
DEVA,2023,,,,,,75.323669,,yahoo_chart_api,,modeling_dataset,rejected,missing_shares
DEVA,2024,,,,,,78.400002,,yahoo_chart_api,,modeling_dataset,rejected,missing_shares
DEVA,2025,,,,,,62.700001,,yahoo_chart_api,,modeling_dataset,rejected,missing_shares
DOAS,2020,3144359240.0,28328935240.0,3.0312,0.0468,17.9846,14.292542,220000000.0,yahoo_chart_api,manual,modeling_dataset,accepted,
DOAS,2021,5308947600.0,30493523600.0,2.277,0.0791,9.3113,24.13158,220000000.0,yahoo_chart_api,manual,modeling_dataset,accepted,
DOAS,2022,26567289320.0,51751865320.0,3.3955,0.3956,6.294,120.760406,220000000.0,yahoo_chart_api,manual,modeling_dataset,accepted,
DOAS,2023,39576102060.0,64760678060.0,2.0169,0.5894,2.3256,179.891373,220000000.0,yahoo_chart_api,manual,modeling_dataset,accepted,
DOAS,2024,34808235880.0,38330235880.0,4.5847,0.4771,2.0777,158.219254,220000000.0,yahoo_chart_api,manual,modeling_dataset,accepted,
DOAS,2025,38340699980.0,63525275980.0,12.2062,0.571,4.2735,174.275909,220000000.0,yahoo_chart_api,manual,modeling_dataset,accepted,
DOHOL,2020,,,,,,2.73983,,yahoo_chart_api,,modeling_dataset,rejected,missing_shares
DOHOL,2021,,,,,,2.504879,,yahoo_chart_api,,modeling_dataset,rejected,missing_shares
DOHOL,2022,,,,,,10.093264,,yahoo_chart_api,,modeling_dataset,rejected,missing_shares
DOHOL,2023,,,,,,10.85109,,yahoo_chart_api,,modeling_dataset,rejected,missing_shares
DOHOL,2024,,,,,,14.259776,,yahoo_chart_api,,modeling_dataset,rejected,missing_shares
DOHOL,2025,,,,,,16.950001,,yahoo_chart_api,,modeling_dataset,rejected,missing_shares
DSTKF,2020,,,,,,,50000000.0,,manual,modeling_dataset,rejected,missing_price
DSTKF,2021,,,,,,,50000000.0,,manual,modeling_dataset,rejected,missing_price
DSTKF,2022,,,,,,,190000000.0,,manual,modeling_dataset,rejected,missing_price
DSTKF,2023,,,,,,,250000000.0,,manual,modeling_dataset,rejected,missing_price
DSTKF,2024,,,,,,,250000000.0,,manual,modeling_dataset,rejected,missing_price
DSTKF,2025,184999999815.0,177512983815.0,49.1266,15.1561,56.0025,555.0,333333333.0,yahoo_chart_api,manual,modeling_dataset,accepted,
EGEEN,2020,,,,,,1572.101685,,yahoo_chart_api,,modeling_dataset,rejected,missing_shares
EGEEN,2021,,,,,,1641.126343,,yahoo_chart_api,,modeling_dataset,rejected,missing_shares
EGEEN,2022,,,,,,6020.870605,,yahoo_chart_api,,modeling_dataset,rejected,missing_shares
EGEEN,2023,,,,,,10264.708984,,yahoo_chart_api,,modeling_dataset,rejected,missing_shares
EGEEN,2024,,,,,,9751.457031,,yahoo_chart_api,,modeling_dataset,rejected,missing_shares
EGEEN,2025,,,,,,8097.5,,yahoo_chart_api,,modeling_dataset,rejected,missing_shares
EKGYO,2020,,,,,,1.912056,,yahoo_chart_api,,modeling_dataset,rejected,missing_shares
EKGYO,2021,,,,,,1.944085,,yahoo_chart_api,,modeling_dataset,rejected,missing_shares
EKGYO,2022,,,,,,8.220909,,yahoo_chart_api,,modeling_dataset,rejected,missing_shares
EKGYO,2023,,,,,,6.698709,,yahoo_chart_api,,modeling_dataset,rejected,missing_shares
EKGYO,2024,,,,,,13.261106,,yahoo_chart_api,,modeling_dataset,rejected,missing_shares
EKGYO,2025,,,,,,20.440001,,yahoo_chart_api,,modeling_dataset,rejected,missing_shares
ENJSA,2020,,,,,,8.770612,,yahoo_chart_api,,modeling_dataset,rejected,missing_shares
ENJSA,2021,,,,,,9.742651,,yahoo_chart_api,,modeling_dataset,rejected,missing_shares
ENJSA,2022,,,,,,29.395617,,yahoo_chart_api,,modeling_dataset,rejected,missing_shares
ENJSA,2023,,,,,,39.945271,,yahoo_chart_api,,modeling_dataset,rejected,missing_shares
ENJSA,2024,,,,,,53.872692,,yahoo_chart_api,,modeling_dataset,rejected,missing_shares
ENJSA,2025,,,,,,86.666389,,yahoo_chart_api,,modeling_dataset,rejected,missing_shares
ENKAI,2020,30709072800.0,-182561438200.0,6.8166,0.0823,-66.7162,5.483763,5600000000.0,yahoo_chart_api,manual,modeling_dataset,accepted,enterprise_value_non_positive
ENKAI,2021,65409892800.0,-147860618200.0,12.6787,0.1753,-23.7521,11.680338,5600000000.0,yahoo_chart_api,manual,modeling_dataset,accepted,enterprise_value_non_positive
ENKAI,2022,161165144000.0,-52105367000.0,82.1723,0.4318,-3.7868,28.77949,5600000000.0,yahoo_chart_api,manual,modeling_dataset,accepted,enterprise_value_non_positive
ENKAI,2023,167245215200.0,-46025295800.0,9.8558,0.4481,-2.8815,29.865217,5600000000.0,yahoo_chart_api,manual,modeling_dataset,accepted,enterprise_value_non_positive
ENKAI,2024,250748209600.0,137189910200.0,10.1555,0.8854,5.8468,44.776466,5600000000.0,yahoo_chart_api,manual,modeling_dataset,accepted,
ENKAI,2025,427167479199.9999,213896968199.9999,11.8057,1.1446,6.3015,76.279907,5600000000.0,yahoo_chart_api,manual,modeling_dataset,accepted,
EREGL,2020,19538872500.0,51010147500.0,5.9046,0.0661,7.1859,5.582535,3500000000.0,yahoo_chart_api,manual,modeling_dataset,accepted,
EREGL,2021,41744748500.0,73216023500.0,2.6885,0.1413,2.7194,11.927071,3500000000.0,yahoo_chart_api,manual,modeling_dataset,accepted,
EREGL,2022,69715446500.0,101186721500.0,3.872,0.2359,3.7388,19.918699,3500000000.0,yahoo_chart_api,manual,modeling_dataset,accepted,
EREGL,2023,69276137000.0,100747412000.0,17.1769,0.2344,5.3855,19.793182,3500000000.0,yahoo_chart_api,manual,modeling_dataset,accepted,
EREGL,2024,166930988000.0,231372988000.0,12.3824,0.683,7.7399,23.847284,7000000000.0,yahoo_chart_api,manual,modeling_dataset,accepted,
EREGL,2025,164503241000.0,195974516000.0,321.4203,0.5567,9.2234,23.500463,7000000000.0,yahoo_chart_api,manual,modeling_dataset,accepted,
FROTO,2020,3166128286.02,102359644286.02,0.7548,0.0203,17.8881,9.022622,350910000.0,yahoo_chart_api,manual,modeling_dataset,accepted,
FROTO,2021,6325851411.81,105519367411.81,0.7188,0.0405,10.0571,18.026991,350910000.0,yahoo_chart_api,manual,modeling_dataset,accepted,
FROTO,2022,14721888999.51,113915404999.51,0.7909,0.0944,5.4154,41.953461,350910000.0,yahoo_chart_api,manual,modeling_dataset,accepted,
FROTO,2023,22020851388.69,121214367388.69,0.4489,0.1411,2.4203,62.753559,350910000.0,yahoo_chart_api,manual,modeling_dataset,accepted,
FROTO,2024,29340733979.34,162316733979.34,0.755,0.1945,4.0889,83.613274,350910000.0,yahoo_chart_api,manual,modeling_dataset,accepted,
FROTO,2025,314330246779.5,413523762779.5,9.2488,2.0147,6.9141,89.575745,3509100000.0,yahoo_chart_api,manual,modeling_dataset,accepted,
GARAN,2020,,,,,,8.266918,,yahoo_chart_api,,modeling_dataset,rejected,missing_shares
GARAN,2021,,,,,,9.090642,,yahoo_chart_api,,modeling_dataset,rejected,missing_shares
GARAN,2022,,,,,,24.740276,,yahoo_chart_api,,modeling_dataset,rejected,missing_shares
GARAN,2023,,,,,,51.724613,,yahoo_chart_api,,modeling_dataset,rejected,missing_shares
GARAN,2024,,,,,,115.304787,,yahoo_chart_api,,modeling_dataset,rejected,missing_shares
GARAN,2025,,,,,,137.92627,,yahoo_chart_api,,modeling_dataset,rejected,missing_shares
GUBRF,2020,28774100668.0,28368323915.0,109.8013,0.9657,47.3513,86.150002,334000000.0,yahoo_chart_api,manual,modeling_dataset,accepted,
GUBRF,2021,25667899332.0,25262122579.0,49.0664,0.8614,37.994,76.849998,334000000.0,yahoo_chart_api,manual,modeling_dataset,accepted,
GUBRF,2022,88276195992.0,87870419239.0,116.559,2.9626,52.686,264.299988,334000000.0,yahoo_chart_api,manual,modeling_dataset,accepted,
GUBRF,2023,51369201002.0,50963424249.0,,1.724,12.4072,153.800003,334000000.0,yahoo_chart_api,manual,modeling_dataset,accepted,pe_non_positive_net_income
GUBRF,2024,95858000000.0,100928000000.0,152.3791,3.3321,24.6326,287.0,334000000.0,yahoo_chart_api,manual,modeling_dataset,accepted,
GUBRF,2025,116232000000.0,115826223247.0,22.0323,3.9008,10.3445,348.0,334000000.0,yahoo_chart_api,manual,modeling_dataset,accepted,
HALKB,2020,,,,,,5.58,,yahoo_chart_api,,modeling_dataset,rejected,missing_shares
HALKB,2021,,,,,,4.51,,yahoo_chart_api,,modeling_dataset,rejected,missing_shares
HALKB,2022,,,,,,13.29,,yahoo_chart_api,,modeling_dataset,rejected,missing_shares
HALKB,2023,,,,,,11.98,,yahoo_chart_api,,modeling_dataset,rejected,missing_shares
HALKB,2024,,,,,,16.200001,,yahoo_chart_api,,modeling_dataset,rejected,missing_shares
HALKB,2025,,,,,,36.779999,,yahoo_chart_api,,modeling_dataset,rejected,missing_shares
HEKTS,2020,889907360.0,9020783412.0,4.7252,0.0638,34.4072,1.034776,860000000.0,yahoo_chart_api,manual,modeling_dataset,accepted,
HEKTS,2021,3630842600.0,11761718652.0,11.1459,0.2602,24.5885,4.22191,860000000.0,yahoo_chart_api,manual,modeling_dataset,accepted,
HEKTS,2022,95178597470.0,103309473522.0,118.6337,6.8199,68.0356,37.619999,2530000000.0,yahoo_chart_api,manual,modeling_dataset,accepted,
HEKTS,2023,50853000000.0,58983876052.0,,3.6438,,20.1,2530000000.0,yahoo_chart_api,manual,modeling_dataset,accepted,pe_non_positive_net_income;ev_ebitda_non_positive_ebitda
HEKTS,2024,32624100000.0,41386100000.0,,1.8148,,3.87,8430000000.0,yahoo_chart_api,manual,modeling_dataset,accepted,pe_non_positive_net_income;ev_ebitda_non_positive_ebitda
HEKTS,2025,25795800000.0,33926676052.0,,1.8484,,3.06,8430000000.0,yahoo_chart_api,manual,modeling_dataset,accepted,pe_non_positive_net_income;ev_ebitda_non_positive_ebitda
ISCTR,2020,,,,,,1.010842,,yahoo_chart_api,,modeling_dataset,rejected,missing_shares
ISCTR,2021,,,,,,1.068445,,yahoo_chart_api,,modeling_dataset,rejected,missing_shares
ISCTR,2022,,,,,,4.370044,,yahoo_chart_api,,modeling_dataset,rejected,missing_shares
ISCTR,2023,,,,,,8.606583,,yahoo_chart_api,,modeling_dataset,rejected,missing_shares
ISCTR,2024,,,,,,12.796183,,yahoo_chart_api,,modeling_dataset,rejected,missing_shares
ISCTR,2025,,,,,,13.512791,,yahoo_chart_api,,modeling_dataset,rejected,missing_shares
ISGYO,2020,,,,,,2.529456,,yahoo_chart_api,,modeling_dataset,rejected,missing_shares
ISGYO,2021,,,,,,3.017421,,yahoo_chart_api,,modeling_dataset,rejected,missing_shares
ISGYO,2022,,,,,,10.59583,,yahoo_chart_api,,modeling_dataset,rejected,missing_shares
ISGYO,2023,,,,,,15.445613,,yahoo_chart_api,,modeling_dataset,rejected,missing_shares
ISGYO,2024,,,,,,18.682121,,yahoo_chart_api,,modeling_dataset,rejected,missing_shares
ISGYO,2025,,,,,,20.912823,,yahoo_chart_api,,modeling_dataset,rejected,missing_shares
KCHOL,2020,,,,,,17.452866,,yahoo_chart_api,,modeling_dataset,rejected,missing_shares
KCHOL,2021,,,,,,24.058199,,yahoo_chart_api,,modeling_dataset,rejected,missing_shares
KCHOL,2022,,,,,,72.59922,,yahoo_chart_api,,modeling_dataset,rejected,missing_shares
KCHOL,2023,,,,,,125.757637,,yahoo_chart_api,,modeling_dataset,rejected,missing_shares
KCHOL,2024,,,,,,164.486404,,yahoo_chart_api,,modeling_dataset,rejected,missing_shares
KCHOL,2025,,,,,,162.71608,,yahoo_chart_api,,modeling_dataset,rejected,missing_shares
KONTR,2020,258329600.0,14489430804.0,10.7732,0.0442,433.7901,1.291648,200000000.0,yahoo_chart_api,manual,modeling_dataset,accepted,
KONTR,2021,714639600.0,14945740804.0,5.4691,0.1223,85.1695,3.573198,200000000.0,yahoo_chart_api,manual,modeling_dataset,accepted,
KONTR,2022,9155912800.0,23387014004.0,19.5197,1.5674,45.5301,45.779564,200000000.0,yahoo_chart_api,manual,modeling_dataset,accepted,
KONTR,2023,12556998400.0,26788099604.0,29.1346,2.1496,31.4259,62.784992,200000000.0,yahoo_chart_api,manual,modeling_dataset,accepted,
KONTR,2024,25058287800.0,33192287800.0,91.4822,3.259,23.3938,38.551212,650000000.0,yahoo_chart_api,manual,modeling_dataset,accepted,
KONTR,2025,14976000000.0,29207101204.0,,2.5638,19.6209,11.52,1300000000.0,yahoo_chart_api,manual,modeling_dataset,accepted,pe_non_positive_net_income
KRDMD,2020,6105772740.0,11874225667.0,,0.0721,1.7376,5.355941,1140000000.0,yahoo_chart_api,manual,modeling_dataset,accepted,pe_non_positive_net_income
KRDMD,2021,9739657260.0,15508110187.0,,0.1151,2.2693,8.543559,1140000000.0,yahoo_chart_api,manual,modeling_dataset,accepted,pe_non_positive_net_income
KRDMD,2022,20304014460.0,26072467387.0,,0.2399,3.8152,17.810539,1140000000.0,yahoo_chart_api,manual,modeling_dataset,accepted,pe_non_positive_net_income
KRDMD,2023,27086400000.0,32854852927.0,,0.32,4.8077,23.76,1140000000.0,yahoo_chart_api,manual,modeling_dataset,accepted,pe_non_positive_net_income
KRDMD,2024,30894000000.0,33335000000.0,,0.4589,4.878,27.1,1140000000.0,yahoo_chart_api,manual,modeling_dataset,accepted,pe_non_positive_net_income
KRDMD,2025,28796400000.0,34564852927.0,,0.3402,5.0579,25.26,1140000000.0,yahoo_chart_api,manual,modeling_dataset,accepted,pe_non_positive_net_income
KRVGD,2020,,,,,,1.37924,,yahoo_chart_api,,modeling_dataset,rejected,missing_shares
KRVGD,2021,,,,,,1.368576,,yahoo_chart_api,,modeling_dataset,rejected,missing_shares
KRVGD,2022,,,,,,3.21756,,yahoo_chart_api,,modeling_dataset,rejected,missing_shares
KRVGD,2023,,,,,,2.271775,,yahoo_chart_api,,modeling_dataset,rejected,missing_shares
KRVGD,2024,,,,,,2.29,,yahoo_chart_api,,modeling_dataset,rejected,missing_shares
KRVGD,2025,,,,,,2.76,,yahoo_chart_api,,modeling_dataset,rejected,missing_shares
KUYAS,2020,57250000.0,720348337.0,5.7958,0.0399,,0.5725,100000000.0,yahoo_chart_api,manual,modeling_dataset,accepted,ev_ebitda_non_positive_ebitda
KUYAS,2021,127750000.0,790848337.0,1.0036,0.0891,45.8004,1.2775,100000000.0,yahoo_chart_api,manual,modeling_dataset,accepted,
KUYAS,2022,660500000.0,1323598337.0,2.857,0.4607,11.7746,6.605,100000000.0,yahoo_chart_api,manual,modeling_dataset,accepted,
KUYAS,2023,1338750000.0,2001848337.0,8.7489,0.9337,10.2082,13.3875,100000000.0,yahoo_chart_api,manual,modeling_dataset,accepted,
KUYAS,2024,8280000400.0,8978830400.0,58.0529,3.2118,17.8231,20.700001,400000000.0,yahoo_chart_api,manual,modeling_dataset,accepted,
KUYAS,2025,21400000000.0,22063098337.0,,14.9257,,53.5,400000000.0,yahoo_chart_api,manual,modeling_dataset,accepted,pe_non_positive_net_income;ev_ebitda_non_positive_ebitda
LOGO,2020,,,,,,27.119377,,yahoo_chart_api,,modeling_dataset,rejected,missing_shares
LOGO,2021,,,,,,36.537415,,yahoo_chart_api,,modeling_dataset,rejected,missing_shares
LOGO,2022,,,,,,62.540592,,yahoo_chart_api,,modeling_dataset,rejected,missing_shares
LOGO,2023,,,,,,68.193756,,yahoo_chart_api,,modeling_dataset,rejected,missing_shares
LOGO,2024,,,,,,104.328339,,yahoo_chart_api,,modeling_dataset,rejected,missing_shares
LOGO,2025,,,,,,150.5,,yahoo_chart_api,,modeling_dataset,rejected,missing_shares
MAVI,2020,137066677.733,-3920178322.267,29.9076,0.0099,-9.7442,2.760269,49657000.0,yahoo_chart_api,manual,modeling_dataset,accepted,enterprise_value_non_positive
MAVI,2021,185113102.595,-3872131897.405,0.4623,0.0133,-3.6644,3.727835,49657000.0,yahoo_chart_api,manual,modeling_dataset,accepted,enterprise_value_non_positive
MAVI,2022,1430824842.434,-2626420157.566,0.9941,0.103,-1.0399,14.407081,99314000.0,yahoo_chart_api,manual,modeling_dataset,accepted,enterprise_value_non_positive
MAVI,2023,5252756391.088,1195511391.088,2.9445,0.3782,0.2363,26.445196,198628000.0,yahoo_chart_api,manual,modeling_dataset,accepted,
MAVI,2024,16081151699.456,10911151699.456,5.9036,1.1812,1.5181,40.480576,397256000.0,yahoo_chart_api,manual,modeling_dataset,accepted,
MAVI,2025,33276600122.816,29219355122.816,14.5089,2.3962,3.2175,41.883068,794512000.0,yahoo_chart_api,manual,modeling_dataset,accepted,
MGROS,2020,7259564467.5439,11150831467.5439,,0.0919,5.9407,40.096077,181054233.0,yahoo_chart_api,manual,modeling_dataset,accepted,pe_non_positive_net_income
MGROS,2021,6441249667.4607,10332516667.4607,17.9481,0.0815,5.8498,35.576355,181054233.0,yahoo_chart_api,manual,modeling_dataset,accepted,
MGROS,2022,24871988135.3932,28763255135.3932,9.6768,0.3147,7.369,137.373138,181054233.0,yahoo_chart_api,manual,modeling_dataset,accepted,
MGROS,2023,57738088805.9195,61629355805.9195,6.5398,0.7305,,318.899414,181054233.0,yahoo_chart_api,manual,modeling_dataset,accepted,ev_ebitda_non_positive_ebitda
MGROS,2024,96309624420.9032,94411624420.9032,15.1914,1.2756,188.1568,531.937988,181054233.0,yahoo_chart_api,manual,modeling_dataset,accepted,
MGROS,2025,93875603190.9817,97766870190.9817,14.5158,1.1878,12.5062,518.494385,181054233.0,yahoo_chart_api,manual,modeling_dataset,accepted,
MIATK,2020,,,,,,,30000000.0,,manual,modeling_dataset,rejected,missing_price
MIATK,2021,100787666.0,495404313.0,1.8611,0.0185,8.2888,2.652307,38000000.0,yahoo_chart_api,manual,modeling_dataset,accepted,
MIATK,2022,356615370.0,751232017.0,1.0785,0.0653,2.2152,9.384615,38000000.0,yahoo_chart_api,manual,modeling_dataset,accepted,
MIATK,2023,17833399012.0,18228015659.0,35.3846,3.265,25.2053,36.099998,494000000.0,yahoo_chart_api,manual,modeling_dataset,accepted,
MIATK,2024,20817159506.0,20617009506.0,9.1445,3.3511,11.7237,42.139999,494000000.0,yahoo_chart_api,manual,modeling_dataset,accepted,
MIATK,2025,19473479012.0,19868095659.0,,3.5652,18.2048,39.419998,494000000.0,yahoo_chart_api,manual,modeling_dataset,accepted,pe_non_positive_net_income
MPARK,2020,,,,,,19.75,,yahoo_chart_api,,modeling_dataset,rejected,missing_shares
MPARK,2021,,,,,,29.860001,,yahoo_chart_api,,modeling_dataset,rejected,missing_shares
MPARK,2022,,,,,,90.199997,,yahoo_chart_api,,modeling_dataset,rejected,missing_shares
MPARK,2023,,,,,,149.0,,yahoo_chart_api,,modeling_dataset,rejected,missing_shares
MPARK,2024,,,,,,382.0,,yahoo_chart_api,,modeling_dataset,rejected,missing_shares
MPARK,2025,,,,,,380.5,,yahoo_chart_api,,modeling_dataset,rejected,missing_shares
NETAS,2020,,,,,,28.18,,yahoo_chart_api,,modeling_dataset,rejected,missing_shares
NETAS,2021,,,,,,16.9,,yahoo_chart_api,,modeling_dataset,rejected,missing_shares
NETAS,2022,,,,,,42.0,,yahoo_chart_api,,modeling_dataset,rejected,missing_shares
NETAS,2023,,,,,,41.259998,,yahoo_chart_api,,modeling_dataset,rejected,missing_shares
NETAS,2024,,,,,,66.0,,yahoo_chart_api,,modeling_dataset,rejected,missing_shares
NETAS,2025,,,,,,56.799999,,yahoo_chart_api,,modeling_dataset,rejected,missing_shares
NTGAZ,2020,,,,,,,,,,modeling_dataset,rejected,missing_price;missing_shares
NTGAZ,2021,,,,,,0.794534,,yahoo_chart_api,,modeling_dataset,rejected,missing_shares
NTGAZ,2022,,,,,,5.4307,,yahoo_chart_api,,modeling_dataset,rejected,missing_shares
NTGAZ,2023,,,,,,6.258894,,yahoo_chart_api,,modeling_dataset,rejected,missing_shares
NTGAZ,2024,,,,,,5.4215,,yahoo_chart_api,,modeling_dataset,rejected,missing_shares
NTGAZ,2025,,,,,,9.842662,,yahoo_chart_api,,modeling_dataset,rejected,missing_shares
ODAS,2020,,,,,,2.930931,,yahoo_chart_api,,modeling_dataset,rejected,missing_shares
ODAS,2021,,,,,,1.34,,yahoo_chart_api,,modeling_dataset,rejected,missing_shares
ODAS,2022,,,,,,11.25,,yahoo_chart_api,,modeling_dataset,rejected,missing_shares
ODAS,2023,,,,,,8.25,,yahoo_chart_api,,modeling_dataset,rejected,missing_shares
ODAS,2024,,,,,,6.03,,yahoo_chart_api,,modeling_dataset,rejected,missing_shares
ODAS,2025,,,,,,5.07,,yahoo_chart_api,,modeling_dataset,rejected,missing_shares
OTKAR,2020,,,,,,57.725849,,yahoo_chart_api,,modeling_dataset,rejected,missing_shares
OTKAR,2021,,,,,,66.801163,,yahoo_chart_api,,modeling_dataset,rejected,missing_shares
OTKAR,2022,,,,,,204.756165,,yahoo_chart_api,,modeling_dataset,rejected,missing_shares
OTKAR,2023,,,,,,419.671234,,yahoo_chart_api,,modeling_dataset,rejected,missing_shares
OTKAR,2024,,,,,,484.5,,yahoo_chart_api,,modeling_dataset,rejected,missing_shares
OTKAR,2025,,,,,,486.0,,yahoo_chart_api,,modeling_dataset,rejected,missing_shares
OYAKC,2020,2686814013.9505,-7907436986.0495,7.4956,0.0427,-14.3852,2.155351,1246578406.0,yahoo_chart_api,manual,modeling_dataset,accepted,enterprise_value_non_positive
OYAKC,2021,2409289510.0011,-8184961489.9989,3.3224,0.0383,-7.8807,1.932722,1246578406.0,yahoo_chart_api,manual,modeling_dataset,accepted,enterprise_value_non_positive
OYAKC,2022,6410538178.9038,-4183712821.0962,1.4246,0.1018,-1.1901,5.142507,1246578406.0,yahoo_chart_api,manual,modeling_dataset,accepted,enterprise_value_non_positive
OYAKC,2023,16910769764.6161,6316518764.6161,2.0806,0.2686,0.6992,13.565749,1246578406.0,yahoo_chart_api,manual,modeling_dataset,accepted,
OYAKC,2024,111327454430.6912,100586454430.6912,15.5325,1.8643,7.4403,22.899082,4861655783.0,yahoo_chart_api,manual,modeling_dataset,accepted,
OYAKC,2025,112012554101.9758,101418303101.9758,12.7828,1.7793,6.832,23.040001,4861655783.0,yahoo_chart_api,manual,modeling_dataset,accepted,
PASEU,2020,,,,,,,168000000.0,,manual,modeling_dataset,rejected,missing_price
PASEU,2021,,,,,,,168000000.0,,manual,modeling_dataset,rejected,missing_price
PASEU,2022,,,,,,,168000000.0,,manual,modeling_dataset,rejected,missing_price
PASEU,2023,,,,,,,168000000.0,,manual,modeling_dataset,rejected,missing_price
PASEU,2024,19864319328.0,19862069328.0,96.2968,8.3534,75.4842,29.559999,672000000.0,yahoo_chart_api,manual,modeling_dataset,accepted,
PASEU,2025,91056000000.0,91743961900.0,82.8146,25.9476,,135.5,672000000.0,yahoo_chart_api,manual,modeling_dataset,accepted,ev_ebitda_absurd
PETKM,2020,12672000000.0,59199779000.0,11.6505,0.1981,31.1219,5.0,2534400000.0,yahoo_chart_api,manual,modeling_dataset,accepted,
PETKM,2021,19768320000.0,66296099000.0,3.6261,0.3091,9.4537,7.8,2534400000.0,yahoo_chart_api,manual,modeling_dataset,accepted,
PETKM,2022,50586621465.6,97114400465.6,7.6876,0.7909,22.5197,19.959999,2534400000.0,yahoo_chart_api,manual,modeling_dataset,accepted,
PETKM,2023,46151421465.6,92679200465.6,6.2451,0.7215,,18.209999,2534400000.0,yahoo_chart_api,manual,modeling_dataset,accepted,ev_ebitda_non_positive_ebitda
PETKM,2024,45872640000.0,92525640000.0,,0.6009,,18.1,2534400000.0,yahoo_chart_api,manual,modeling_dataset,accepted,pe_non_positive_net_income;ev_ebitda_non_positive_ebitda
PETKM,2025,41133312000.0,87661091000.0,,0.6431,,16.23,2534400000.0,yahoo_chart_api,manual,modeling_dataset,accepted,pe_non_positive_net_income;ev_ebitda_non_positive_ebitda
PGSUS,2020,1564551872.7148,162922642684.7148,,0.0134,198.0871,15.293806,102299707.0,yahoo_chart_api,manual,modeling_dataset,accepted,pe_non_positive_net_income
PGSUS,2021,1778042563.449,163136133375.449,,0.0152,74.0039,17.38072,102299707.0,yahoo_chart_api,manual,modeling_dataset,accepted,pe_non_positive_net_income
PGSUS,2022,10046620776.5386,171404711588.5386,0.7307,0.086,4.6206,98.207718,102299707.0,yahoo_chart_api,manual,modeling_dataset,accepted,
PGSUS,2023,13594333286.217,174952424098.217,0.6502,0.1163,8.3747,132.887314,102299707.0,yahoo_chart_api,manual,modeling_dataset,accepted,
PGSUS,2024,106500000000.0,215451000000.0,8.0163,1.4215,6.5627,213.0,500000000.0,yahoo_chart_api,manual,modeling_dataset,accepted,
PGSUS,2025,95849998500.0,257208089312.0,6.9708,0.8203,8.3718,191.699997,500000000.0,yahoo_chart_api,manual,modeling_dataset,accepted,
PRKME,2020,,,,,,4.936622,,yahoo_chart_api,,modeling_dataset,rejected,missing_shares
PRKME,2021,,,,,,5.669331,,yahoo_chart_api,,modeling_dataset,rejected,missing_shares
PRKME,2022,,,,,,23.098631,,yahoo_chart_api,,modeling_dataset,rejected,missing_shares
PRKME,2023,,,,,,17.996992,,yahoo_chart_api,,modeling_dataset,rejected,missing_shares
PRKME,2024,,,,,,23.200001,,yahoo_chart_api,,modeling_dataset,rejected,missing_shares
PRKME,2025,,,,,,18.48,,yahoo_chart_api,,modeling_dataset,rejected,missing_shares
RGYAS,2020,,,,,,,,,,modeling_dataset,rejected,missing_price;missing_shares
RGYAS,2021,,,,,,,,,,modeling_dataset,rejected,missing_price;missing_shares
RGYAS,2022,,,,,,,,,,modeling_dataset,rejected,missing_price;missing_shares
RGYAS,2023,,,,,,,,,,modeling_dataset,rejected,missing_price;missing_shares
RGYAS,2024,,,,,,130.489899,,yahoo_chart_api,,modeling_dataset,rejected,missing_shares
RGYAS,2025,,,,,,137.800003,,yahoo_chart_api,,modeling_dataset,rejected,missing_shares
SAHOL,2020,,,,,,9.406163,,yahoo_chart_api,,modeling_dataset,rejected,missing_shares
SAHOL,2021,,,,,,11.121485,,yahoo_chart_api,,modeling_dataset,rejected,missing_shares
SAHOL,2022,,,,,,39.587196,,yahoo_chart_api,,modeling_dataset,rejected,missing_shares
SAHOL,2023,,,,,,55.541386,,yahoo_chart_api,,modeling_dataset,rejected,missing_shares
SAHOL,2024,,,,,,91.109734,,yahoo_chart_api,,modeling_dataset,rejected,missing_shares
SAHOL,2025,,,,,,82.91787,,yahoo_chart_api,,modeling_dataset,rejected,missing_shares
SASA,2020,334060890.0,121997234890.0,1.0701,0.0022,104.6149,0.402483,830000000.0,yahoo_chart_api,manual,modeling_dataset,accepted,
SASA,2021,1574147610.0,123237321610.0,2.2571,0.0102,44.2754,1.418151,1110000000.0,yahoo_chart_api,manual,modeling_dataset,accepted,
SASA,2022,13223560000.0,134886734000.0,1.2487,0.0857,22.6084,5.903375,2240000000.0,yahoo_chart_api,manual,modeling_dataset,accepted,
SASA,2023,24123096884.9005,145786270884.9005,1.326,0.1563,20.2945,4.555,5295959799.1,yahoo_chart_api,manual,modeling_dataset,accepted,
SASA,2024,21554556382.337,149832556382.337,1.1792,0.1362,19.7899,4.07,5295959799.1,yahoo_chart_api,manual,modeling_dataset,accepted,
SASA,2025,14722768241.498,136385942241.498,,0.0954,17.9401,2.78,5295959799.1,yahoo_chart_api,manual,modeling_dataset,accepted,pe_non_positive_net_income
SELEC,2020,,,,,,12.658719,,yahoo_chart_api,,modeling_dataset,rejected,missing_shares
SELEC,2021,,,,,,11.088256,,yahoo_chart_api,,modeling_dataset,rejected,missing_shares
SELEC,2022,,,,,,39.569756,,yahoo_chart_api,,modeling_dataset,rejected,missing_shares
SELEC,2023,,,,,,60.633579,,yahoo_chart_api,,modeling_dataset,rejected,missing_shares
SELEC,2024,,,,,,79.101227,,yahoo_chart_api,,modeling_dataset,rejected,missing_shares
SELEC,2025,,,,,,86.571815,,yahoo_chart_api,,modeling_dataset,rejected,missing_shares
SISE,2020,20292822083.2704,141066048083.2704,9.4913,0.0837,28.2293,6.624683,3063214056.17,yahoo_chart_api,manual,modeling_dataset,accepted,
SISE,2021,37768963704.0396,158542189704.0396,4.1353,0.1557,18.6384,12.329848,3063214056.17,yahoo_chart_api,manual,modeling_dataset,accepted,
SISE,2022,123548180614.3227,244321406614.3227,6.3865,0.5093,10.8487,40.332859,3063214056.17,yahoo_chart_api,manual,modeling_dataset,accepted,
SISE,2023,134077265203.532,254850491203.532,7.831,0.5527,9.8058,43.770126,3063214056.17,yahoo_chart_api,manual,modeling_dataset,accepted,
SISE,2024,123157345132.896,219292345132.896,24.5214,0.4521,16.7648,40.205269,3063214056.17,yahoo_chart_api,manual,modeling_dataset,accepted,
SISE,2025,116057770673.4794,236830996673.4794,11.7497,0.4784,10.7008,37.887581,3063214056.17,yahoo_chart_api,manual,modeling_dataset,accepted,
SKBNK,2020,,,,,,1.447008,,yahoo_chart_api,,modeling_dataset,rejected,missing_shares
SKBNK,2021,,,,,,0.967867,,yahoo_chart_api,,modeling_dataset,rejected,missing_shares
SKBNK,2022,,,,,,2.932348,,yahoo_chart_api,,modeling_dataset,rejected,missing_shares
SKBNK,2023,,,,,,4.196947,,yahoo_chart_api,,modeling_dataset,rejected,missing_shares
SKBNK,2024,,,,,,4.672575,,yahoo_chart_api,,modeling_dataset,rejected,missing_shares
SKBNK,2025,,,,,,7.741009,,yahoo_chart_api,,modeling_dataset,rejected,missing_shares
SMRTG,2020,,,,,,,,,,modeling_dataset,rejected,missing_price;missing_shares
SMRTG,2021,,,,,,,,,,modeling_dataset,rejected,missing_price;missing_shares
SMRTG,2022,,,,,,14.688552,,yahoo_chart_api,,modeling_dataset,rejected,missing_shares
SMRTG,2023,,,,,,18.416666,,yahoo_chart_api,,modeling_dataset,rejected,missing_shares
SMRTG,2024,,,,,,13.546666,,yahoo_chart_api,,modeling_dataset,rejected,missing_shares
SMRTG,2025,,,,,,7.666666,,yahoo_chart_api,,modeling_dataset,rejected,missing_shares
SOKM,2020,,,,,,11.837628,,yahoo_chart_api,,modeling_dataset,rejected,missing_shares
SOKM,2021,,,,,,12.036492,,yahoo_chart_api,,modeling_dataset,rejected,missing_shares
SOKM,2022,,,,,,26.478386,,yahoo_chart_api,,modeling_dataset,rejected,missing_shares
SOKM,2023,,,,,,51.590439,,yahoo_chart_api,,modeling_dataset,rejected,missing_shares
SOKM,2024,,,,,,41.200001,,yahoo_chart_api,,modeling_dataset,rejected,missing_shares
SOKM,2025,,,,,,51.049999,,yahoo_chart_api,,modeling_dataset,rejected,missing_shares
TAVHL,2020,7745156250.0,95625924250.0,,0.1004,348.9615,21.32,363281250.0,yahoo_chart_api,manual,modeling_dataset,accepted,pe_non_positive_net_income
TAVHL,2021,11879297238.2812,99760065238.2812,25.4,0.154,71.053,32.700001,363281250.0,yahoo_chart_api,manual,modeling_dataset,accepted,
TAVHL,2022,33966796875.0,121847564875.0,17.8859,0.4404,21.7551,93.5,363281250.0,yahoo_chart_api,manual,modeling_dataset,accepted,
TAVHL,2023,39052734375.0,126933502375.0,5.1862,0.5064,12.4575,107.5,363281250.0,yahoo_chart_api,manual,modeling_dataset,accepted,
TAVHL,2024,99539062500.0,152490562500.0,15.1783,1.657,8.5837,274.0,363281250.0,yahoo_chart_api,manual,modeling_dataset,accepted,
TAVHL,2025,108348632812.5,196229400812.5,38.4777,1.4049,7.6418,298.25,363281250.0,yahoo_chart_api,manual,modeling_dataset,accepted,
TBORG,2020,,,,,,14.731607,,yahoo_chart_api,,modeling_dataset,rejected,missing_shares
TBORG,2021,,,,,,15.960438,,yahoo_chart_api,,modeling_dataset,rejected,missing_shares
TBORG,2022,,,,,,35.467537,,yahoo_chart_api,,modeling_dataset,rejected,missing_shares
TBORG,2023,,,,,,67.480446,,yahoo_chart_api,,modeling_dataset,rejected,missing_shares
TBORG,2024,,,,,,138.142761,,yahoo_chart_api,,modeling_dataset,rejected,missing_shares
TBORG,2025,,,,,,169.0,,yahoo_chart_api,,modeling_dataset,rejected,missing_shares
TCELL,2020,29123930000.0,44012233000.0,6.8736,0.1123,3.1125,13.23815,2200000000.0,yahoo_chart_api,manual,modeling_dataset,accepted,
TCELL,2021,35954012600.0,50842315600.0,7.1464,0.1386,2.3479,16.342733,2200000000.0,yahoo_chart_api,manual,modeling_dataset,accepted,
TCELL,2022,76228928600.0,91117231600.0,6.8966,0.2939,3.1462,34.649513,2200000000.0,yahoo_chart_api,manual,modeling_dataset,accepted,
TCELL,2023,115063313200.0,129951616200.0,9.1655,0.4437,2.2773,52.301506,2200000000.0,yahoo_chart_api,manual,modeling_dataset,accepted,
TCELL,2024,196284807400.0,230947807400.0,8.3442,0.8021,2.7876,89.220367,2200000000.0,yahoo_chart_api,manual,modeling_dataset,accepted,
TCELL,2025,204819995600.0,219708298600.0,11.6349,0.7898,1.6062,93.099998,2200000000.0,yahoo_chart_api,manual,modeling_dataset,accepted,
THYAO,2020,17552264160.0,547946264160.0,,0.0182,,12.719032,1380000000.0,yahoo_chart_api,manual,modeling_dataset,accepted,pe_non_positive_net_income;ev_ebitda_absurd
THYAO,2021,26988966360.0,557382966360.0,,0.0279,,19.557222,1380000000.0,yahoo_chart_api,manual,modeling_dataset,accepted,pe_absurd;ev_ebitda_absurd
THYAO,2022,189947305500.0,720341305500.0,,0.1966,,137.642975,1380000000.0,yahoo_chart_api,manual,modeling_dataset,accepted,pe_absurd;ev_ebitda_absurd
THYAO,2023,308175693600.0,838569693600.0,,0.3189,,223.31572,1380000000.0,yahoo_chart_api,manual,modeling_dataset,accepted,pe_absurd;ev_ebitda_absurd
THYAO,2024,378816149280.0,654347980680.0,,0.5546,,274.504456,1380000000.0,yahoo_chart_api,manual,modeling_dataset,accepted,pe_absurd;ev_ebitda_absurd
THYAO,2025,370530000000.0,900924000000.0,,0.3834,,268.5,1380000000.0,yahoo_chart_api,manual,modeling_dataset,accepted,pe_absurd;ev_ebitda_absurd
TOASO,2020,11056973500.0,44587361500.0,6.1973,0.1842,15.7836,22.113947,500000000.0,yahoo_chart_api,manual,modeling_dataset,accepted,
TOASO,2021,27270996000.0,60801384000.0,8.311,0.4543,11.4831,54.541992,500000000.0,yahoo_chart_api,manual,modeling_dataset,accepted,
TOASO,2022,64852775500.0,98383163500.0,7.5743,1.0803,9.4158,129.705551,500000000.0,yahoo_chart_api,manual,modeling_dataset,accepted,
TOASO,2023,84977363500.0,118507751500.0,5.6338,1.4156,6.6036,169.954727,500000000.0,yahoo_chart_api,manual,modeling_dataset,accepted,
TOASO,2024,89503929000.0,100110929000.0,17.1416,1.4518,9.6988,179.007858,500000000.0,yahoo_chart_api,manual,modeling_dataset,accepted,
TOASO,2025,115538681000.0,149069069000.0,13.8305,1.9246,13.4465,231.077362,500000000.0,yahoo_chart_api,manual,modeling_dataset,accepted,
TRALT,2020,628207737.5,-17959921262.5,0.347,0.0147,-9.2926,4.119395,152500000.0,yahoo_chart_api,manual,modeling_dataset,accepted,enterprise_value_non_positive
TRALT,2021,750089092.5,-17838039907.5,0.2497,0.0175,-8.2101,4.918617,152500000.0,yahoo_chart_api,manual,modeling_dataset,accepted,enterprise_value_non_positive
TRALT,2022,4042726810.0,-14545402190.0,1.0081,0.0945,-5.3044,26.509684,152500000.0,yahoo_chart_api,manual,modeling_dataset,accepted,enterprise_value_non_positive
TRALT,2023,62544828202.5,43956699202.5,154.0172,1.4623,33.1959,19.530001,3202500000.0,yahoo_chart_api,manual,modeling_dataset,accepted,
TRALT,2024,72312450000.0,57422450000.0,119.7246,1.8682,45.9363,22.58,3202500000.0,yahoo_chart_api,manual,modeling_dataset,accepted,
TRALT,2025,131238450000.0,112650321000.0,31.9757,3.0685,23.0757,40.98,3202500000.0,yahoo_chart_api,manual,modeling_dataset,accepted,
TRMET,2020,5999716800.0,-12514899200.0,8.577,0.2446,-6.7676,15.46,388080000.0,yahoo_chart_api,manual,modeling_dataset,accepted,enterprise_value_non_positive
TRMET,2021,6993201600.0,-11521414400.0,5.5534,0.2851,-5.1539,18.02,388080000.0,yahoo_chart_api,manual,modeling_dataset,accepted,enterprise_value_non_positive
TRMET,2022,20801087223.84,2286471223.84,13.1294,0.8479,0.8505,53.599998,388080000.0,yahoo_chart_api,manual,modeling_dataset,accepted,
TRMET,2023,16462352823.84,-2052263176.16,45.31,0.6711,-1.8467,42.419998,388080000.0,yahoo_chart_api,manual,modeling_dataset,accepted,enterprise_value_non_positive
TRMET,2024,28814940000.0,14142940000.0,,0.683,17.7211,74.25,388080000.0,yahoo_chart_api,manual,modeling_dataset,accepted,pe_non_positive_net_income
TRMET,2025,40515552776.16,22000936776.16,20.7599,1.6516,4.5784,104.400002,388080000.0,yahoo_chart_api,manual,modeling_dataset,accepted,
TSKB,2020,4665452400.0,-18598244600.0,1.6258,0.0988,-0.9812,1.666233,2800000000.0,yahoo_chart_api,manual,modeling_dataset,accepted,enterprise_value_non_positive
TSKB,2021,3846724000.0,-19416973000.0,1.3405,0.0815,-1.0243,1.37383,2800000000.0,yahoo_chart_api,manual,modeling_dataset,accepted,enterprise_value_non_positive
TSKB,2022,11673737600.0,-11589959400.0,4.0679,0.2473,-0.6114,4.169192,2800000000.0,yahoo_chart_api,manual,modeling_dataset,accepted,enterprise_value_non_positive
TSKB,2023,17497253200.0,-5766443800.0,6.0973,0.3706,-0.3042,6.249019,2800000000.0,yahoo_chart_api,manual,modeling_dataset,accepted,enterprise_value_non_positive
TSKB,2024,32643730000.0,209766730000.0,11.3754,0.9846,11.0663,11.658475,2800000000.0,yahoo_chart_api,manual,modeling_dataset,accepted,
TSKB,2025,32991002800.0,9727305800.0,11.4964,0.6988,0.5132,11.782501,2800000000.0,yahoo_chart_api,manual,modeling_dataset,accepted,
TTKOM,2020,24791112500.0,82819001500.0,7.8012,0.1167,6.4791,7.083175,3500000000.0,yahoo_chart_api,manual,modeling_dataset,accepted,
TTKOM,2021,29872671500.0,87900560500.0,5.1849,0.1406,6.1554,8.535049,3500000000.0,yahoo_chart_api,manual,modeling_dataset,accepted,
TTKOM,2022,85959996500.0,143987885500.0,20.7892,0.4046,8.282,24.559999,3500000000.0,yahoo_chart_api,manual,modeling_dataset,accepted,
TTKOM,2023,85260003500.0,143287892500.0,5.192,0.4013,4.6797,24.360001,3500000000.0,yahoo_chart_api,manual,modeling_dataset,accepted,
TTKOM,2024,152180000000.0,220669000000.0,17.9964,0.7958,3.5995,43.48,3500000000.0,yahoo_chart_api,manual,modeling_dataset,accepted,
TTKOM,2025,201250000000.0,259277889000.0,8.7574,0.9473,2.7029,57.5,3500000000.0,yahoo_chart_api,manual,modeling_dataset,accepted,
TUPRS,2020,2754795818.7895,-54232965181.2105,,0.0076,-440.1633,10.008104,275256514.0,yahoo_chart_api,manual,modeling_dataset,accepted,pe_non_positive_net_income;enterprise_value_non_positive
TUPRS,2021,3912975036.3304,-53074785963.6696,1.1789,0.0107,-42.3899,14.21574,275256514.0,yahoo_chart_api,manual,modeling_dataset,accepted,enterprise_value_non_positive
TUPRS,2022,13429311970.5814,-43558449029.4186,0.3272,0.0369,-0.9359,48.788353,275256514.0,yahoo_chart_api,manual,modeling_dataset,accepted,enterprise_value_non_positive
TUPRS,2023,210481426643.4598,153493665643.4598,3.9286,0.5781,1.9261,109.239105,1926795598.0,yahoo_chart_api,manual,modeling_dataset,accepted,
TUPRS,2024,238731242423.7035,168072242423.7035,13.0346,0.6372,3.7081,123.900658,1926795598.0,yahoo_chart_api,manual,modeling_dataset,accepted,
TUPRS,2025,341304897802.8532,284317136802.8532,11.5606,0.9374,5.0525,177.136017,1926795598.0,yahoo_chart_api,manual,modeling_dataset,accepted,
TURSG,2020,740674410.501,6666255244.501,0.6377,0.0135,0.3517,0.637675,1161523363.0,yahoo_chart_api,manual,modeling_dataset,accepted,
TURSG,2021,601496035.0529,6527076869.0529,0.5537,0.011,0.3443,0.517851,1161523363.0,yahoo_chart_api,manual,modeling_dataset,accepted,
TURSG,2022,1619724583.8063,7545305417.8063,1.683,0.0296,0.3981,1.394483,1161523363.0,yahoo_chart_api,manual,modeling_dataset,accepted,
TURSG,2023,5273681947.8793,11199262781.8793,0.8525,0.0963,0.5908,4.540315,1161523363.0,yahoo_chart_api,manual,modeling_dataset,accepted,
TURSG,2024,44882095000.0,25328095000.0,3.5117,1.6223,1.3362,8.976419,5000000000.0,yahoo_chart_api,manual,modeling_dataset,accepted,
TURSG,2025,118100000000.0,124025580834.0,6.048,2.157,6.543,11.81,10000000000.0,yahoo_chart_api,manual,modeling_dataset,accepted,
ULKER,2020,7076134242.0,41096411242.0,6.9619,0.1634,24.4737,20.690451,342000000.0,yahoo_chart_api,manual,modeling_dataset,accepted,
ULKER,2021,5516878608.0,39537155608.0,,0.1274,14.8636,16.131224,342000000.0,yahoo_chart_api,manual,modeling_dataset,accepted,pe_non_positive_net_income
ULKER,2022,13838091894.0,47858368894.0,,0.3196,7.7096,40.462257,342000000.0,yahoo_chart_api,manual,modeling_dataset,accepted,pe_non_positive_net_income
ULKER,2023,25906854996.0,59927131996.0,7.6673,0.5983,4.9213,75.751038,342000000.0,yahoo_chart_api,manual,modeling_dataset,accepted,
ULKER,2024,37253963556.0,65081963556.0,5.034,0.8502,4.0427,108.929718,342000000.0,yahoo_chart_api,manual,modeling_dataset,accepted,
ULKER,2025,36936000000.0,70956277000.0,7.5774,0.853,3.698,108.0,342000000.0,yahoo_chart_api,manual,modeling_dataset,accepted,
ULUSE,2020,,,,,,51.349998,,yahoo_chart_api,,modeling_dataset,rejected,missing_shares
ULUSE,2021,,,,,,60.0,,yahoo_chart_api,,modeling_dataset,rejected,missing_shares
ULUSE,2022,,,,,,235.0,,yahoo_chart_api,,modeling_dataset,rejected,missing_shares
ULUSE,2023,,,,,,131.300003,,yahoo_chart_api,,modeling_dataset,rejected,missing_shares
ULUSE,2024,,,,,,166.199997,,yahoo_chart_api,,modeling_dataset,rejected,missing_shares
ULUSE,2025,,,,,,162.100006,,yahoo_chart_api,,modeling_dataset,rejected,missing_shares
VAKBN,2020,,,,,,4.72,,yahoo_chart_api,,modeling_dataset,rejected,missing_shares
VAKBN,2021,,,,,,3.68,,yahoo_chart_api,,modeling_dataset,rejected,missing_shares
VAKBN,2022,,,,,,11.89,,yahoo_chart_api,,modeling_dataset,rejected,missing_shares
VAKBN,2023,,,,,,12.84,,yahoo_chart_api,,modeling_dataset,rejected,missing_shares
VAKBN,2024,,,,,,23.32,,yahoo_chart_api,,modeling_dataset,rejected,missing_shares
VAKBN,2025,,,,,,30.68,,yahoo_chart_api,,modeling_dataset,rejected,missing_shares
VESTL,2020,,,,,,16.584009,,yahoo_chart_api,,modeling_dataset,rejected,missing_shares
VESTL,2021,,,,,,25.040001,,yahoo_chart_api,,modeling_dataset,rejected,missing_shares
VESTL,2022,,,,,,71.25,,yahoo_chart_api,,modeling_dataset,rejected,missing_shares
VESTL,2023,,,,,,46.240002,,yahoo_chart_api,,modeling_dataset,rejected,missing_shares
VESTL,2024,,,,,,71.300003,,yahoo_chart_api,,modeling_dataset,rejected,missing_shares
VESTL,2025,,,,,,28.700001,,yahoo_chart_api,,modeling_dataset,rejected,missing_shares
YKBNK,2020,,,,,,2.581459,,yahoo_chart_api,,modeling_dataset,rejected,missing_shares
YKBNK,2021,,,,,,2.901807,,yahoo_chart_api,,modeling_dataset,rejected,missing_shares
YKBNK,2022,,,,,,10.376293,,yahoo_chart_api,,modeling_dataset,rejected,missing_shares
YKBNK,2023,,,,,,18.726862,,yahoo_chart_api,,modeling_dataset,rejected,missing_shares
YKBNK,2024,,,,,,30.620001,,yahoo_chart_api,,modeling_dataset,rejected,missing_shares
YKBNK,2025,,,,,,36.220001,,yahoo_chart_api,,modeling_dataset,rejected,missing_shares
ZOREN,2020,,,,,,1.536796,,yahoo_chart_api,,modeling_dataset,rejected,missing_shares
ZOREN,2021,,,,,,1.005105,,yahoo_chart_api,,modeling_dataset,rejected,missing_shares
ZOREN,2022,,,,,,4.304999,,yahoo_chart_api,,modeling_dataset,rejected,missing_shares
ZOREN,2023,,,,,,4.23,,yahoo_chart_api,,modeling_dataset,rejected,missing_shares
ZOREN,2024,,,,,,4.36,,yahoo_chart_api,,modeling_dataset,rejected,missing_shares
ZOREN,2025,,,,,,3.07,,yahoo_chart_api,,modeling_dataset,rejected,missing_shares
